base,exchange_a,market_a,symbol_a,exchange_b,market_b,symbol_b,pair_id,fast_analysis_ok,fast_reason,fast_bars,fast_alpha,fast_beta,fast_adf_pvalue,fast_stationary,fast_spread_std_pct,fast_spread_q05_pct,fast_spread_q50_pct,fast_spread_q95_pct,fast_q95_q05_range_pct,fast_half_life_bars,fast_zero_crossings,fast_zero_crossings_day,fast_one_sigma_entries,fast_one_sigma_entries_day,fast_two_sigma_entries,fast_two_sigma_entries_day,fast_latest_zscore,fast_latest_spread_pct,fast_historical_ok,fast_historical_rejection_reason
0G,gate,swap,0G/USDT:USDT,bybit,swap,0G/USDT:USDT,0G|gate:swap:0G/USDT:USDT|bybit:swap:0G/USDT:USDT,True,,576,0.013595502709291959,1.0114011835656134,8.793832689705146e-05,True,0.09755205439284469,-0.15760723048907632,-0.008626309198112025,0.15642032771410186,0.3140296798809228,0.8551649799630983,217.0,108.5,134.0,67.0,24.0,12.0,-1.0148308752857165,-0.09894984906415605,False,q95-q05=0.31% вне диапазона 4.00%–35.00% | std=0.098% < 0.600% | half-life=0.9 bars
1INCH,gate,swap,1INCH/USDT:USDT,bybit,swap,1INCH/USDT:USDT,1INCH|gate:swap:1INCH/USDT:USDT|bybit:swap:1INCH/USDT:USDT,True,,576,-0.01249043508757512,0.9942874912038534,2.5464796682013446e-20,True,0.20766425433505417,-0.3627266583920985,-0.0005793329074132991,0.3270101235803846,0.6898627149405367,1.2431917414375344,223.0,111.5,83.0,41.5,22.0,11.0,-1.8423316213235752,-0.38185549296986254,False,q95-q05=0.69% вне диапазона 4.00%–35.00% | std=0.208% < 0.600% | half-life=1.2 bars
2Z,gate,swap,2Z/USDT:USDT,bybit,swap,2Z/USDT:USDT,2Z|gate:swap:2Z/USDT:USDT|bybit:swap:2Z/USDT:USDT,True,,576,-0.005875067393629798,0.9980766201216793,1.588990430871037e-19,True,0.1280029466070463,-0.1857835479340153,-0.002732231065072366,0.19991820930644888,0.3856749784082458,0.7096091883920063,258.0,129.0,111.0,55.5,32.0,16.0,-2.211638137493239,-0.2826958590109174,False,q95-q05=0.39% вне диапазона 4.00%–35.00% | std=0.128% < 0.600% | half-life=0.7 bars
4,gate,swap,4/USDT:USDT,bybit,swap,4/USDT:USDT,4|gate:swap:4/USDT:USDT|bybit:swap:4/USDT:USDT,True,,576,-0.004031131577455368,0.999004714386559,0.0,True,0.19168894611161383,-0.2645200012159843,-0.022884479094309462,0.3143900186489246,0.5787673201691268,0.8200360531959283,258.0,129.0,111.0,55.5,32.0,16.0,-0.060826515831438784,-0.011659090990623344,False,q95-q05=0.58% вне диапазона 4.00%–35.00% | std=0.192% < 0.600% | half-life=0.8 bars
4STOCK,gate,swap,4STOCK/USDT:USDT,bybit,swap,4STOCK/USDT:USDT,4STOCK|gate:swap:4STOCK/USDT:USDT|bybit:swap:4STOCK/USDT:USDT,True,,576,-0.10466298165895138,0.9763382495922139,4.661156488108868e-13,True,0.247690112317511,-0.4056928820318495,0.0017993413437666916,0.414157479710342,0.8198202563749701,1.0809818250633587,204.0,102.0,127.0,63.5,17.0,8.5,0.6728090322433752,0.16678707995241293,False,q95-q05=0.82% вне диапазона 4.00%–35.00% | std=0.248% < 0.600% | half-life=1.1 bars
A,gate,swap,A/USDT:USDT,bybit,swap,A/USDT:USDT,A|gate:swap:A/USDT:USDT|bybit:swap:A/USDT:USDT,True,,576,-0.01670801525240512,0.9930322298781982,3.400737759545403e-30,True,0.1539517049045548,-0.26301641813266663,0.006147464201644581,0.2325731507612394,0.4956660320181272,0.9780883336091705,209.0,104.5,116.0,58.0,31.0,15.5,-1.0641057233996973,-0.16368677714051483,False,q95-q05=0.50% вне диапазона 4.00%–35.00% | std=0.154% < 0.600% | half-life=1.0 bars
AAL,gate,swap,AAL/USDT:USDT,bybit,swap,AAL/USDT:USDT,AAL|gate:swap:AAL/USDT:USDT|bybit:swap:AAL/USDT:USDT,True,,576,-0.00536692673078548,1.00213462698614,0.019246299828098987,True,0.5221591293666,-0.7041077907547488,-0.039109206937260055,0.9304456371082681,1.6327419834170076,8.03475682643866,46.0,23.0,17.0,8.5,9.0,4.5,0.41162814226692246,0.21516654408293423,False,q95-q05=1.63% вне диапазона 4.00%–35.00% | std=0.522% < 0.600%
AAOI,gate,swap,AAOI/USDT:USDT,bybit,swap,AAOI/USDT:USDT,AAOI|gate:swap:AAOI/USDT:USDT|bybit:swap:AAOI/USDT:USDT,True,,576,0.002523829549529228,0.9994939023447657,7.621924355768291e-11,True,0.046785429725311384,-0.07869467450526413,0.0008681771804130989,0.07115797927084166,0.14985832900320517,0.9391131696768825,236.0,118.0,120.0,60.0,28.0,14.0,0.11000731967232673,0.00514687217083587,False,q95-q05=0.15% вне диапазона 4.00%–35.00% | std=0.047% < 0.600% | half-life=0.9 bars
AAPL,gate,swap,AAPL/USDT:USDT,bybit,swap,AAPL/USDT:USDT,AAPL|gate:swap:AAPL/USDT:USDT|bybit:swap:AAPL/USDT:USDT,True,,576,-0.04950853946787725,1.0084933884566185,1.792919455274633e-05,True,0.019564312374541256,-0.03414125108170962,0.00037661492975349375,0.03002768787867538,0.06417026100447032,1.2979940168904809,196.0,98.0,100.0,50.0,20.0,10.0,0.2088345579725432,0.004085787992913481,False,q95-q05=0.06% вне диапазона 4.00%–35.00% | std=0.020% < 0.600% | half-life=1.3 bars
AAVE,gate,swap,AAVE/USDT:USDT,bybit,swap,AAVE/USDT:USDT,AAVE|gate:swap:AAVE/USDT:USDT|bybit:swap:AAVE/USDT:USDT,True,,576,0.007830884711033213,0.9984791206678708,1.9347023908362955e-11,True,0.020943834066561376,-0.03384853076972005,-9.823036741796187e-05,0.0322398529639667,0.06608891771804348,0.881727719591051,244.0,122.0,134.0,67.0,28.0,14.0,1.472128736153225,0.030836773530351635,False,q95-q05=0.07% вне диапазона 4.00%–35.00% | std=0.021% < 0.600% | half-life=0.9 bars
ACE,gate,swap,ACE/USDT:USDT,bybit,swap,ACE/USDT:USDT,ACE|gate:swap:ACE/USDT:USDT|bybit:swap:ACE/USDT:USDT,True,,576,-0.007069188142827616,0.9962696046889461,5.454918543197206e-13,True,0.06484478967642443,-0.10031518016775376,-0.0007092393276120212,0.10604307362021004,0.20635241718972575,0.8425241753754553,269.0,134.5,138.0,69.0,23.0,11.5,0.5928991806634457,0.03845381425373606,False,q95-q05=0.21% вне диапазона 4.00%–35.00% | std=0.065% < 0.600% | half-life=0.8 bars
ACH,gate,swap,ACH/USDT:USDT,bybit,swap,ACH/USDT:USDT,ACH|gate:swap:ACH/USDT:USDT|bybit:swap:ACH/USDT:USDT,True,,576,-0.015242174251720373,0.9972842476927051,2.925419595537155e-22,True,0.1877207253516274,-0.27825027115746526,0.00584120392423948,0.27749843833992927,0.555752229067541,1.0546649155535763,234.0,117.0,95.0,47.5,23.0,11.5,-0.028478646526485265,-0.005345889285146566,False,q95-q05=0.56% вне диапазона 4.00%–35.00% | std=0.188% < 0.600% | half-life=1.1 bars
ACT,gate,swap,ACT/USDT:USDT,bybit,swap,ACT/USDT:USDT,ACT|gate:swap:ACT/USDT:USDT|bybit:swap:ACT/USDT:USDT,True,,576,-0.016228338025582677,0.9965562852134243,7.708197034014971e-13,True,0.2198158222786784,-0.3562975287857095,0.005688180517449126,0.332184272657976,0.6885675396905322,1.0222152000753448,231.0,115.5,106.0,53.0,22.0,11.0,-1.9523643033205373,-0.4282409867292669,False,q95-q05=0.69% вне диапазона 4.00%–35.00% | std=0.220% < 0.600% | half-life=1.0 bars
ACU,gate,swap,ACU/USDT:USDT,bybit,swap,ACU/USDT:USDT,ACU|gate:swap:ACU/USDT:USDT|bybit:swap:ACU/USDT:USDT,True,,576,-0.0005295355842243457,1.0003861895452875,9.054133039965267e-20,True,0.23306246840544784,-0.37102113958309424,-0.017279727980812343,0.37874681378358144,0.7497425041561923,1.9899269948181244,166.0,83.0,79.0,39.5,7.0,3.5,-1.712586565204581,-0.3983441486767325,False,q95-q05=0.75% вне диапазона 4.00%–35.00% | std=0.233% < 0.600% | half-life=2.0 bars
ADA,gate,swap,ADA/USDT:USDT,bybit,swap,ADA/USDT:USDT,ADA|gate:swap:ADA/USDT:USDT|bybit:swap:ADA/USDT:USDT,True,,576,-0.009035055488577666,0.9936212666811748,3.5062626804316013e-06,True,0.03765784699484309,-0.06395288752264472,0.005166016270963247,0.05957905205651315,0.12353465689045606,0.8439894945773497,228.0,114.0,135.0,67.5,22.0,11.0,0.6790721853658076,0.025575666470945002,False,q95-q05=0.12% вне диапазона 4.00%–35.00% | std=0.038% < 0.600% | half-life=0.8 bars
ADBE,gate,swap,ADBE/USDT:USDT,bybit,swap,ADBE/USDT:USDT,ADBE|gate:swap:ADBE/USDT:USDT|bybit:swap:ADBE/USDT:USDT,True,,576,0.3834971200429115,0.9300390001983605,0.0340410166749102,True,0.10377099501734008,-0.17605387517297677,0.005658923027795915,0.16925801557905462,0.3453239677677411,1.5992733393654501,163.0,81.5,83.0,41.5,18.0,9.0,-1.3303317640364531,-0.1379546058844494,False,q95-q05=0.35% вне диапазона 4.00%–35.00% | std=0.104% < 0.600% | half-life=1.6 bars
ADI,gate,swap,ADI/USDT:USDT,bybit,swap,ADI/USDT:USDT,ADI|gate:swap:ADI/USDT:USDT|bybit:swap:ADI/USDT:USDT,True,,576,0.6837015895226878,0.8856280332648914,2.550908308757256e-05,True,0.3676231979490237,-0.6273079911858992,0.01598781847740316,0.5802437159107443,1.207850620972839,4.708796711105143,60.0,30.0,32.0,16.0,8.0,4.0,0.34665987722461183,0.12752145221237576,False,q95-q05=1.21% вне диапазона 4.00%–35.00% | std=0.368% < 0.600%
AEON,gate,swap,AEON/USDT:USDT,bybit,swap,AEON/USDT:USDT,AEON|gate:swap:AEON/USDT:USDT|bybit:swap:AEON/USDT:USDT,True,,576,0.06655900472408778,1.0228554713983637,4.8838012464152114e-11,True,0.2131250852327958,-0.3560181191726963,0.009265918453715827,0.3319697207816219,0.6880732896243025,1.2328023066253702,191.0,95.5,94.0,47.0,20.0,10.0,-1.6921396468907635,-0.3599878908080778,False,q95-q05=0.69% вне диапазона 4.00%–35.00% | std=0.213% < 0.600% | half-life=1.2 bars
AERO,gate,swap,AERO/USDT:USDT,bybit,swap,AERO/USDT:USDT,AERO|gate:swap:AERO/USDT:USDT|bybit:swap:AERO/USDT:USDT,True,,576,-0.0017814112041307124,0.9916655271963108,0.0,True,0.11668555239390589,-0.20843332951064886,0.003712396825306108,0.2035639448135118,0.41200788825471596,0.7541214557262045,278.0,139.0,113.0,56.5,34.0,17.0,-1.520977870975494,-0.17731874727400232,False,q95-q05=0.41% вне диапазона 4.00%–35.00% | std=0.117% < 0.600% | half-life=0.8 bars
AEVO,gate,swap,AEVO/USDT:USDT,bybit,swap,AEVO/USDT:USDT,AEVO|gate:swap:AEVO/USDT:USDT|bybit:swap:AEVO/USDT:USDT,True,,576,-0.04350046466516024,0.9881006323916985,6.607732988830601e-29,True,0.20749942329670326,-0.329898141831908,-0.0037913836109848553,0.3289136089121847,0.658817376803289,1.1216003952542126,217.0,108.5,85.0,42.5,21.0,10.5,-0.8870254589187173,-0.18388798965432995,False,q95-q05=0.66% вне диапазона 4.00%–35.00% | std=0.207% < 0.600% | half-life=1.1 bars
AGLD,gate,swap,AGLD/USDT:USDT,bybit,swap,AGLD/USDT:USDT,AGLD|gate:swap:AGLD/USDT:USDT|bybit:swap:AGLD/USDT:USDT,True,,576,-0.005436435743538557,0.9964671276109798,1.865027326701562e-15,True,0.3694567577315527,-0.5863022559594921,-0.009061738401816566,0.6137728136415888,1.1999246556616938,1.9372323526602548,147.0,73.5,66.0,33.0,21.0,10.5,-0.5058160757985894,-0.18670266071602049,False,q95-q05=1.20% вне диапазона 4.00%–35.00% | std=0.369% < 0.600% | half-life=1.9 bars
AIGENSYN,gate,swap,AIGENSYN/USDT:USDT,bybit,swap,AIGENSYN/USDT:USDT,AIGENSYN|gate:swap:AIGENSYN/USDT:USDT|bybit:swap:AIGENSYN/USDT:USDT,True,,576,-0.013039712109562562,0.9965643658083958,2.6570846274444332e-11,True,0.14273737157957495,-0.22741655439028063,-0.023946435932165056,0.26049162882562094,0.4878284759892604,1.0519293909671905,221.0,110.5,107.0,53.5,20.0,10.0,-2.1824903370925535,-0.31103820499981394,False,q95-q05=0.49% вне диапазона 4.00%–35.00% | std=0.143% < 0.600% | half-life=1.1 bars
AIO,gate,swap,AIO/USDT:USDT,bybit,swap,AIO/USDT:USDT,AIO|gate:swap:AIO/USDT:USDT|bybit:swap:AIO/USDT:USDT,True,,576,0.07219246839356423,1.023127051484178,4.630304592699579e-14,True,0.3131485462411905,-0.5925806924668486,0.046158569696563845,0.4007248852421208,0.994267540620597,1.8853275493259498,167.0,83.5,63.0,31.5,15.0,7.5,0.4246393345287974,0.13306364149223704,False,q95-q05=0.99% вне диапазона 4.00%–35.00% | std=0.313% < 0.600% | half-life=1.9 bars
AIXBT,gate,swap,AIXBT/USDT:USDT,bybit,swap,AIXBT/USDT:USDT,AIXBT|gate:swap:AIXBT/USDT:USDT|bybit:swap:AIXBT/USDT:USDT,True,,576,-0.009642364875228154,0.9973211485349049,6.642536896233693e-13,True,0.3165313206490421,-0.5384283368815246,-1.1986967896060463e-05,0.5156963750268861,1.0542543016428207,1.8570140934216193,181.0,90.5,75.0,37.5,19.0,9.5,0.0014866217513528944,0.00047056345329199445,False,q95-q05=1.05% вне диапазона 4.00%–35.00% | std=0.317% < 0.600% | half-life=1.9 bars
AKE,gate,swap,AKE/USDT:USDT,bybit,swap,AKE/USDT:USDT,AKE|gate:swap:AKE/USDT:USDT|bybit:swap:AKE/USDT:USDT,True,,576,-0.021991217869303338,0.9937777755576853,2.0077524224970552e-13,True,0.04720145867061259,-0.07619128488867144,-0.0012478395880921589,0.07827604159629242,0.15446574708027905,1.2951765967458415,187.0,93.5,107.0,53.5,18.0,9.0,-0.23887328553833503,-0.011274531891769524,False,q95-q05=0.15% вне диапазона 4.00%–35.00% | std=0.047% < 0.600% | half-life=1.3 bars
AKT,gate,swap,AKT/USDT:USDT,bybit,swap,AKT/USDT:USDT,AKT|gate:swap:AKT/USDT:USDT|bybit:swap:AKT/USDT:USDT,True,,576,-0.002126664684506332,1.0017439309439364,1.906307298708452e-24,True,0.21149862063449165,-0.33329903138368255,-0.0031472645219299267,0.34336258159131106,0.6766301480896533,0.88860440539679,268.0,134.0,115.0,57.5,22.0,11.0,-0.5767523828720581,-0.121907965218504,False,q95-q05=0.68% вне диапазона 4.00%–35.00% | std=0.211% < 0.600% | half-life=0.9 bars
ALAB,gate,swap,ALAB/USDT:USDT,bybit,swap,ALAB/USDT:USDT,ALAB|gate:swap:ALAB/USDT:USDT|bybit:swap:ALAB/USDT:USDT,True,,576,0.0875821101506611,0.9850521383712725,4.685474731689911e-26,True,0.14488088814704755,-0.2146360095529487,-0.008033661293227468,0.22028510018092806,0.4349095110483647,0.8399889187435893,245.0,122.5,108.0,54.0,25.0,12.5,0.5025096689382819,0.07283055571689623,False,q95-q05=0.43% вне диапазона 4.00%–35.00% | std=0.145% < 0.600% | half-life=0.8 bars
ALCH,gate,swap,ALCH/USDT:USDT,bybit,swap,ALCH/USDT:USDT,ALCH|gate:swap:ALCH/USDT:USDT|bybit:swap:ALCH/USDT:USDT,True,,576,-0.27926091589360014,0.9061686787865869,6.717653049031532e-11,True,0.2991800750874616,-0.4685335917495759,-0.019698050100969144,0.5413802493016595,1.0095547051480303,2.1331094866588,170.0,85.0,63.0,31.5,19.0,9.5,0.011718468781793858,0.003505993828190057,False,q95-q05=1.01% вне диапазона 4.00%–35.00% | std=0.299% < 0.600%
ALGO,gate,swap,ALGO/USDT:USDT,bybit,swap,ALGO/USDT:USDT,ALGO|gate:swap:ALGO/USDT:USDT|bybit:swap:ALGO/USDT:USDT,True,,576,0.0069621952740157285,1.0030338343717786,6.748123856834533e-22,True,0.10690082110764985,-0.15952251221702518,-0.0012873174915273289,0.17450402027263667,0.33400182376013277,0.7431441072426993,263.0,131.5,119.0,59.5,34.0,17.0,-0.5582436127554241,-0.05965889758022813,False,q95-q05=0.33% вне диапазона 4.00%–35.00% | std=0.107% < 0.600% | half-life=0.7 bars
ALICE,gate,swap,ALICE/USDT:USDT,bybit,swap,ALICE/USDT:USDT,ALICE|gate:swap:ALICE/USDT:USDT|bybit:swap:ALICE/USDT:USDT,True,,576,0.006833727153831454,1.0035204637496284,3.26531846768874e-15,True,0.20039059643641566,-0.3383754612613421,0.011998234242893702,0.3026198556157489,0.6411121291791555,0.9408277851262937,233.0,116.5,91.0,45.5,29.0,14.5,-0.22747968722898815,-0.04557440191398365,False,q95-q05=0.64% вне диапазона 4.00%–35.00% | std=0.200% < 0.600% | half-life=0.9 bars
ALLO,gate,swap,ALLO/USDT:USDT,bybit,swap,ALLO/USDT:USDT,ALLO|gate:swap:ALLO/USDT:USDT|bybit:swap:ALLO/USDT:USDT,True,,576,-0.008402763932964696,0.9943233119411877,3.144360341060109e-06,True,0.06778266068123771,-0.10158138127559502,-0.0034803008939987556,0.11237791706715239,0.21394783047989918,0.9458372826430793,229.0,114.5,117.0,58.5,29.0,14.5,-0.8968434845455044,-0.06077196395410933,False,q95-q05=0.21% вне диапазона 4.00%–35.00% | std=0.068% < 0.600% | half-life=0.9 bars
ALPINE,gate,swap,ALPINE/USDT:USDT,bybit,swap,ALPINE/USDT:USDT,ALPINE|gate:swap:ALPINE/USDT:USDT|bybit:swap:ALPINE/USDT:USDT,True,,576,-0.03872549367283805,0.9637145411067843,2.2271013823503023e-21,True,0.20088874874976703,-0.33822858049876725,0.018776783074447856,0.3044326878235859,0.6427720962658812,1.817349413061202,137.0,68.5,52.0,26.0,14.0,7.0,-0.1876616501308088,-0.03769200885994639,False,q95-q05=0.64% вне диапазона 4.00%–35.00% | std=0.201% < 0.600% | half-life=1.8 bars
ALT,gate,swap,ALT/USDT:USDT,bybit,swap,ALT/USDT:USDT,ALT|gate:swap:ALT/USDT:USDT|bybit:swap:ALT/USDT:USDT,True,,576,0.017225027945167358,1.0035521848309774,1.2639141785233055e-13,True,0.10042445380418294,-0.14725567402129602,0.001984783468822471,0.14642000148652468,0.29367711366750093,0.9193513259766584,245.0,122.5,116.0,58.0,19.0,9.5,0.6782558573536404,0.0681366765090452,False,q95-q05=0.29% вне диапазона 4.00%–35.00% | std=0.100% < 0.600% | half-life=0.9 bars
AMAT,gate,swap,AMAT/USDT:USDT,bybit,swap,AMAT/USDT:USDT,AMAT|gate:swap:AMAT/USDT:USDT|bybit:swap:AMAT/USDT:USDT,True,,576,0.03921014684104426,0.9938666818589994,2.9188803503588375e-24,True,0.11073816662331805,-0.17246524947860387,-0.0028054589116144335,0.19562203687313318,0.3680450881429209,0.8838375542344974,249.0,124.5,103.0,51.5,32.0,16.0,0.0710579493926493,0.007869136640237251,False,q95-q05=0.37% вне диапазона 4.00%–35.00% | std=0.111% < 0.600% | half-life=0.9 bars
AMGN,gate,swap,AMGN/USDT:USDT,bybit,swap,AMGN/USDT:USDT,AMGN|gate:swap:AMGN/USDT:USDT|bybit:swap:AMGN/USDT:USDT,True,,576,-0.3037231764730576,1.050534899637089,5.652253345866612e-07,True,0.3478557119813482,-0.46524624656474334,-0.014024595615891311,0.7296603043603689,1.193343047734663,6.323374649468226,59.0,29.5,25.0,12.5,10.0,5.0,-0.3265338146109506,-0.11352216734730192,False,q95-q05=1.19% вне диапазона 4.00%–35.00% | std=0.348% < 0.600%
AMZN,gate,swap,AMZN/USDT:USDT,bybit,swap,AMZN/USDT:USDT,AMZN|gate:swap:AMZN/USDT:USDT|bybit:swap:AMZN/USDT:USDT,True,,576,0.0002903376209957749,1.0000152908696045,8.15518502141643e-11,True,0.03278468626039155,-0.049502549543711805,-0.0017327389043919617,0.05801909099540925,0.10751707252893983,0.9933453623237964,199.0,99.5,115.0,57.5,27.0,13.5,-1.2647418877148315,-0.041455570791959495,False,q95-q05=0.11% вне диапазона 4.00%–35.00% | std=0.033% < 0.600% | half-life=1.0 bars
AMZU,gate,swap,AMZU/USDT:USDT,bybit,swap,AMZU/USDT:USDT,AMZU|gate:swap:AMZU/USDT:USDT|bybit:swap:AMZU/USDT:USDT,True,,576,0.7773011144560794,0.7807450325125276,0.0019453310674059866,True,0.5552099958483576,-0.8662736100974455,-0.018972083941626305,0.7812040074910653,1.648215979177392,8.695671360864546,45.0,22.5,24.0,12.0,6.0,3.0,3.8180063644000883,2.1424225592921564,False,q95-q05=1.65% вне диапазона 4.00%–35.00% | std=0.555% < 0.600%
ANET,gate,swap,ANET/USDT:USDT,bybit,swap,ANET/USDT:USDT,ANET|gate:swap:ANET/USDT:USDT|bybit:swap:ANET/USDT:USDT,True,,576,0.26201115926859375,0.9511890145962367,0.00025290338285559707,True,0.32696045449673666,-0.5124387293587773,0.0028627366539080157,0.5434402926463466,1.0557251832976844,3.921051016987326,62.0,31.0,29.0,14.5,10.0,5.0,-0.3827035621253631,-0.12505067700604444,False,q95-q05=1.06% вне диапазона 4.00%–35.00% | std=0.327% < 0.600%
ANIME,gate,swap,ANIME/USDT:USDT,bybit,swap,ANIME/USDT:USDT,ANIME|gate:swap:ANIME/USDT:USDT|bybit:swap:ANIME/USDT:USDT,True,,576,-0.12672797213898257,0.9778945938412796,7.162823785204679e-06,True,0.2000402512219637,-0.30845584454528563,-0.0040806617010336055,0.3493632255020529,0.6576869199737878,1.0865719848845201,223.0,111.5,92.0,46.0,20.0,10.0,-1.6386114819848518,-0.327251613325763,False,q95-q05=0.66% вне диапазона 4.00%–35.00% | std=0.200% < 0.600% | half-life=1.1 bars
ANKR,gate,swap,ANKR/USDT:USDT,bybit,swap,ANKR/USDT:USDT,ANKR|gate:swap:ANKR/USDT:USDT|bybit:swap:ANKR/USDT:USDT,True,,576,-0.12872128984944783,0.9757725274432326,6.613044104066795e-19,True,0.22269277963597678,-0.3569507586416609,0.0009184503663828281,0.3797055130524196,0.7365757992537469,1.4626032641535143,171.0,85.5,89.0,44.5,17.0,8.5,-1.6535372230849041,-0.3675536622274711,False,q95-q05=0.74% вне диапазона 4.00%–35.00% | std=0.223% < 0.600% | half-life=1.5 bars
APE,gate,swap,APE/USDT:USDT,bybit,swap,APE/USDT:USDT,APE|gate:swap:APE/USDT:USDT|bybit:swap:APE/USDT:USDT,True,,576,-0.0008467149809166795,0.9994876723165973,5.233606731322728e-05,True,0.10911295882344611,-0.1792881984597483,0.0010021513795477333,0.1756597038206298,0.3549547147108312,0.871442052683679,242.0,121.0,123.0,61.5,26.0,13.0,0.5917724152516216,0.06459089011567887,False,q95-q05=0.35% вне диапазона 4.00%–35.00% | std=0.109% < 0.600% | half-life=0.9 bars
API3,gate,swap,API3/USDT:USDT,bybit,swap,API3/USDT:USDT,API3|gate:swap:API3/USDT:USDT|bybit:swap:API3/USDT:USDT,True,,576,-0.007410410916381858,0.9950270077990808,1.1402362567011518e-12,True,0.19894449131873684,-0.3357689248960516,0.003595248121013306,0.3243478080420692,0.6601568289404725,1.1869237576391596,192.0,96.0,92.0,46.0,25.0,12.5,-0.3014736490556145,-0.059958539436777425,False,q95-q05=0.66% вне диапазона 4.00%–35.00% | std=0.199% < 0.600% | half-life=1.2 bars
APLD,gate,swap,APLD/USDT:USDT,bybit,swap,APLD/USDT:USDT,APLD|gate:swap:APLD/USDT:USDT|bybit:swap:APLD/USDT:USDT,True,,576,0.1845334351339521,0.942494258554234,0.000357130751119566,True,0.5146841859553365,-0.7400748510332456,-0.06497526060031955,1.1910093365575136,1.9267996290551759,5.713728174770434,81.0,40.5,30.0,15.0,9.0,4.5,1.2129185949328394,0.6262226460561404,False,q95-q05=1.93% вне диапазона 4.00%–35.00% | std=0.515% < 0.600%
APR,gate,swap,APR/USDT:USDT,bybit,swap,APR/USDT:USDT,APR|gate:swap:APR/USDT:USDT|bybit:swap:APR/USDT:USDT,True,,576,0.006107118332167047,1.0036601365279023,4.928914991837266e-26,True,0.1792023143884921,-0.2863406567606974,-0.002095698736637175,0.2908454212182887,0.5771746801177535,0.8051648330186085,238.0,119.0,121.0,60.5,30.0,15.0,-1.388354771118818,-0.2484871464767835,False,q95-q05=0.58% вне диапазона 4.00%–35.00% | std=0.179% < 0.600% | half-life=0.8 bars
APT,gate,swap,APT/USDT:USDT,bybit,swap,APT/USDT:USDT,APT|gate:swap:APT/USDT:USDT|bybit:swap:APT/USDT:USDT,True,,576,-0.00047617055999107954,0.9969622020539421,1.2560123028670026e-16,True,0.03225348042672732,-0.05338499556756249,-0.00017187231201587494,0.047615874428430516,0.10100379209811022,0.9788570511196384,208.0,104.0,132.0,66.0,23.0,11.5,0.029302470962119145,0.0009451111397718037,False,q95-q05=0.10% вне диапазона 4.00%–35.00% | std=0.032% < 0.600% | half-life=1.0 bars
AR,gate,swap,AR/USDT:USDT,bybit,swap,AR/USDT:USDT,AR|gate:swap:AR/USDT:USDT|bybit:swap:AR/USDT:USDT,True,,576,0.003842426023017523,0.997606155186614,8.231855786296242e-17,True,0.09933723183488559,-0.16501187222723868,-0.005445301998108221,0.17392168131924457,0.3389187794709869,0.7438173144470287,258.0,129.0,123.0,61.5,27.0,13.5,1.5222558013240168,0.1513310675175905,False,q95-q05=0.34% вне диапазона 4.00%–35.00% | std=0.099% < 0.600% | half-life=0.7 bars
ARB,gate,swap,ARB/USDT:USDT,bybit,swap,ARB/USDT:USDT,ARB|gate:swap:ARB/USDT:USDT|bybit:swap:ARB/USDT:USDT,True,,576,-0.004663823706671968,0.9968602966172041,1.298956246909027e-07,True,0.0250933863589601,-0.03943564033064284,-0.0018750083996099676,0.04247677305384556,0.08191117245062718,1.1255209025781603,216.0,108.0,105.0,52.5,24.0,12.0,0.11350463219032011,0.0028482561511555815,False,q95-q05=0.08% вне диапазона 4.00%–35.00% | std=0.025% < 0.600% | half-life=1.1 bars
ARC,gate,swap,ARC/USDT:USDT,bybit,swap,ARC/USDT:USDT,ARC|gate:swap:ARC/USDT:USDT|bybit:swap:ARC/USDT:USDT,True,,576,-0.07236724981236337,0.9726814689610304,4.5259013272220336e-18,True,0.21203863740300788,-0.36269156937644986,0.008569536882818696,0.3340966036902815,0.6968906308806644,1.0812046388133725,256.0,128.0,90.0,45.0,15.0,7.5,1.61295138367634,0.3425935283109638,False,q95-q05=0.70% вне диапазона 4.00%–35.00% | std=0.212% < 0.600% | half-life=1.1 bars
ARIA,gate,swap,ARIA/USDT:USDT,bybit,swap,ARIA/USDT:USDT,ARIA|gate:swap:ARIA/USDT:USDT|bybit:swap:ARIA/USDT:USDT,True,,576,0.026888285334011282,1.0080020509256369,0.0,True,0.15006274504884098,-0.2568532299853765,0.0017809669633939151,0.24552374273836275,0.5024064894805114,0.8878997090355826,234.0,117.0,127.0,63.5,26.0,13.0,0.23100449243387866,0.03467117731696945,False,q95-q05=0.50% вне диапазона 4.00%–35.00% | std=0.150% < 0.600% | half-life=0.9 bars
ARK,gate,swap,ARK/USDT:USDT,bybit,swap,ARK/USDT:USDT,ARK|gate:swap:ARK/USDT:USDT|bybit:swap:ARK/USDT:USDT,True,,576,-0.06749044042495461,0.9724071792898795,8.983278946474267e-05,True,1.2268063338721755,-1.8982329008368826,0.0021005619597724845,2.07518106403477,3.970423138503898,12.022376840469084,50.0,25.0,21.0,10.5,8.0,4.0,0.7233186119038411,0.8913206701157694,False,q95-q05=3.97% вне диапазона 4.00%–35.00%
ARKM,gate,swap,ARKM/USDT:USDT,bybit,swap,ARKM/USDT:USDT,ARKM|gate:swap:ARKM/USDT:USDT|bybit:swap:ARKM/USDT:USDT,True,,576,-0.012102958910474405,0.9941093573224672,1.3632265292966375e-26,True,0.2561016952977551,-0.4199925486930267,0.01229230268444681,0.40752643117578646,0.8275752860498309,1.3199240288989882,213.0,106.5,84.0,42.0,25.0,12.5,-1.1932075542764506,-0.3051160494678462,False,q95-q05=0.83% вне диапазона 4.00%–35.00% | std=0.256% < 0.600% | half-life=1.3 bars
ARM,gate,swap,ARM/USDT:USDT,bybit,swap,ARM/USDT:USDT,ARM|gate:swap:ARM/USDT:USDT|bybit:swap:ARM/USDT:USDT,True,,576,0.02256102267592438,0.9961701324658346,2.1199128427632335e-26,True,0.06725697813392874,-0.10132360956330855,-0.0012108877505467852,0.11440269421223448,0.21571228083072658,0.8521805338019762,230.0,115.0,117.0,58.5,27.0,13.5,-1.1197257445998277,-0.0752810195317255,False,q95-q05=0.22% вне диапазона 4.00%–35.00% | std=0.067% < 0.600% | half-life=0.9 bars
ARPA,gate,swap,ARPA/USDT:USDT,bybit,swap,ARPA/USDT:USDT,ARPA|gate:swap:ARPA/USDT:USDT|bybit:swap:ARPA/USDT:USDT,True,,576,0.007232169083288101,1.0016637051869228,3.360942746987065e-22,True,0.1785886830519008,-0.30800433669843086,0.010134460101052234,0.2628809160430956,0.571015634819072,1.2477790073211916,212.0,106.0,89.0,44.5,17.0,8.5,1.4591498803899408,0.26092748026167456,False,q95-q05=0.57% вне диапазона 4.00%–35.00% | std=0.179% < 0.600% | half-life=1.2 bars
ARX,gate,swap,ARX/USDT:USDT,bybit,swap,ARX/USDT:USDT,ARX|gate:swap:ARX/USDT:USDT|bybit:swap:ARX/USDT:USDT,True,,576,-0.012595599896326503,0.989738896240261,0.0,True,0.17449558658336323,-0.25431889223804793,0.0027032961229744856,0.29437364353428475,0.5485840448340329,0.8158651968608914,231.0,115.5,112.0,56.0,29.0,14.5,-0.7241579968278936,-0.12628257080455896,False,q95-q05=0.55% вне диапазона 4.00%–35.00% | std=0.174% < 0.600% | half-life=0.8 bars
ASML,gate,swap,ASML/USDT:USDT,bybit,swap,ASML/USDT:USDT,ASML|gate:swap:ASML/USDT:USDT|bybit:swap:ASML/USDT:USDT,True,,576,0.04757969249065636,0.9937881887007103,1.6389882053218887e-15,True,0.08562256355505404,-0.13187002481865884,-0.0004275601447889521,0.14145267630751857,0.2733097761038472,1.133797922312019,211.0,105.5,116.0,58.0,22.0,11.0,0.40351558606894716,0.03455600812678483,False,q95-q05=0.27% вне диапазона 4.00%–35.00% | std=0.086% < 0.600% | half-life=1.1 bars
ASR,gate,swap,ASR/USDT:USDT,bybit,swap,ASR/USDT:USDT,ASR|gate:swap:ASR/USDT:USDT|bybit:swap:ASR/USDT:USDT,True,,576,-0.019525890757173398,0.8665894015513984,7.951109360957546e-07,True,0.28623952180996765,-0.38998701332512153,-0.033165881421792776,0.5477129648235213,0.9369679174832002,3.888445104204352,86.0,43.0,44.0,22.0,6.0,3.0,1.1329907389672556,0.3248331705471452,False,q95-q05=0.94% вне диапазона 4.00%–35.00% | std=0.286% < 0.600%
ASTER,gate,swap,ASTER/USDT:USDT,bybit,swap,ASTER/USDT:USDT,ASTER|gate:swap:ASTER/USDT:USDT|bybit:swap:ASTER/USDT:USDT,True,,576,-0.0012114176383282503,0.9958959888477179,0.0,True,0.04766143191865543,-0.08182212686784762,-0.0013520538414413252,0.07314804174372025,0.15497692104367022,0.6762208428449269,290.0,145.0,128.0,64.0,33.0,16.5,1.0432950764058049,0.049737302151497964,False,q95-q05=0.15% вне диапазона 4.00%–35.00% | std=0.048% < 0.600% | half-life=0.7 bars
ASTR,gate,swap,ASTR/USDT:USDT,bybit,swap,ASTR/USDT:USDT,ASTR|gate:swap:ASTR/USDT:USDT|bybit:swap:ASTR/USDT:USDT,True,,576,-0.1270269850421863,0.9744859506533516,2.0377675621832474e-26,True,0.20733390521223957,-0.33690947241499236,-0.011784401147307833,0.3604970950591646,0.6973271520608781,1.3358198152457204,221.0,110.5,70.0,35.0,27.0,13.5,0.6014814178451505,0.1247852834005414,False,q95-q05=0.70% вне диапазона 4.00%–35.00% | std=0.207% < 0.600% | half-life=1.3 bars
ASTS,gate,swap,ASTS/USDT:USDT,bybit,swap,ASTS/USDT:USDT,ASTS|gate:swap:ASTS/USDT:USDT|bybit:swap:ASTS/USDT:USDT,True,,576,0.03337481452517581,0.9918668654533183,2.84655264752023e-06,True,0.08061862375838437,-0.1354006278109443,-0.000679191287922265,0.12718704977112694,0.2625986128491409,0.9285204330064345,237.0,118.5,123.0,61.5,27.0,13.5,0.5401254235540447,0.043553650152805545,False,q95-q05=0.26% вне диапазона 4.00%–35.00% | std=0.081% < 0.600% | half-life=0.9 bars
AT,gate,swap,AT/USDT:USDT,bybit,swap,AT/USDT:USDT,AT|gate:swap:AT/USDT:USDT|bybit:swap:AT/USDT:USDT,True,,576,0.03951329483022231,1.0226056584776377,6.806982364498063e-12,True,0.2648566365386915,-0.4384025365462896,0.011657355255056956,0.40250854315837525,0.8410669830889228,1.5227499321307723,189.0,94.5,76.0,38.0,16.0,8.0,-0.16553701507165314,-0.04383396714271459,False,q95-q05=0.84% вне диапазона 4.00%–35.00% | std=0.265% < 0.600% | half-life=1.5 bars
ATH,gate,swap,ATH/USDT:USDT,bybit,swap,ATH/USDT:USDT,ATH|gate:swap:ATH/USDT:USDT|bybit:swap:ATH/USDT:USDT,True,,576,-0.05612849200332215,0.9889451614510246,0.03366154442373209,True,0.10251486963227353,-0.16234159580914564,-0.0031943703242554022,0.18170916760262834,0.34401778878061506,0.8127885063420157,260.0,130.0,114.0,57.0,32.0,16.0,1.7042979947903487,0.174868603883227,False,q95-q05=0.34% вне диапазона 4.00%–35.00% | std=0.103% < 0.600% | half-life=0.8 bars
ATOM,gate,swap,ATOM/USDT:USDT,bybit,swap,ATOM/USDT:USDT,ATOM|gate:swap:ATOM/USDT:USDT|bybit:swap:ATOM/USDT:USDT,True,,576,0.004502429851064275,0.9917459746310224,1.0050227397024458e-21,True,0.08844130770269146,-0.1292009369358249,0.002177839720007846,0.13255233866653615,0.2617490389163285,0.7168568604307338,272.0,136.0,144.0,72.0,34.0,17.0,-0.04577105773405241,-0.004047970268394874,False,q95-q05=0.26% вне диапазона 4.00%–35.00% | std=0.088% < 0.600% | half-life=0.7 bars
AUCTION,gate,swap,AUCTION/USDT:USDT,bybit,swap,AUCTION/USDT:USDT,AUCTION|gate:swap:AUCTION/USDT:USDT|bybit:swap:AUCTION/USDT:USDT,True,,576,0.0022248255099597035,0.9980719963797899,6.434182812308252e-22,True,0.18639519761981382,-0.3126306224027875,0.004449256838157112,0.29873263119670757,0.6114076447835681,1.1892796104465932,218.0,109.0,93.0,46.5,24.0,12.0,-0.23452894385488335,-0.04370551519340404,False,q95-q05=0.61% вне диапазона 4.00%–35.00% | std=0.186% < 0.600% | half-life=1.2 bars
AVA,gate,swap,AVA/USDT:USDT,bybit,swap,AVA/USDT:USDT,AVA|gate:swap:AVA/USDT:USDT|bybit:swap:AVA/USDT:USDT,True,,576,0.019859191525751718,1.0154037636198185,0.0,True,0.20508837125932186,-0.31238943510694117,0.002392283272767415,0.3495421058752779,0.6618110167624203,0.8949436320721198,243.0,121.5,94.0,47.0,34.0,17.0,-1.7645802876632688,-0.36124084679977075,False,q95-q05=0.66% вне диапазона 4.00%–35.00% | std=0.205% < 0.600% | half-life=0.9 bars
AVAAI,gate,swap,AVAAI/USDT:USDT,bybit,swap,AVAAI/USDT:USDT,AVAAI|gate:swap:AVAAI/USDT:USDT|bybit:swap:AVAAI/USDT:USDT,True,,576,-0.08513324792482173,0.9820321020443561,1.2077358747607936e-20,True,0.19071462088373214,-0.2784838099633258,0.0023972789126469607,0.31444727968381603,0.5928262257180572,1.2599571376075627,198.0,99.0,89.0,44.5,24.0,12.0,0.061284950135733145,0.011688619096505981,False,q95-q05=0.59% вне диапазона 4.00%–35.00% | std=0.191% < 0.600% | half-life=1.3 bars
AVAX,gate,swap,AVAX/USDT:USDT,bybit,swap,AVAX/USDT:USDT,AVAX|gate:swap:AVAX/USDT:USDT|bybit:swap:AVAX/USDT:USDT,True,,576,-0.00020247870388645105,1.0001473332044704,7.401953815946685e-06,True,0.019340046702971535,-0.03326328119425126,0.0028167679924751,0.030419759766320276,0.06368394854623372,0.9781767840648184,228.0,114.0,137.0,68.5,29.0,14.5,0.1502315185570854,0.00290552679476086,False,q95-q05=0.06% вне диапазона 4.00%–35.00% | std=0.019% < 0.600% | half-life=1.0 bars
AVGO,gate,swap,AVGO/USDT:USDT,bybit,swap,AVGO/USDT:USDT,AVGO|gate:swap:AVGO/USDT:USDT|bybit:swap:AVGO/USDT:USDT,True,,576,0.056889301970844644,0.9903651737839423,8.95095204458197e-08,True,0.030489421018056247,-0.0489156868906937,-0.0010047268348079008,0.049328119243408075,0.09824361144179505,1.049688455491106,208.0,104.0,116.0,58.0,28.0,14.0,0.1777327864352409,0.0054191165831607435,False,q95-q05=0.10% вне диапазона 4.00%–35.00% | std=0.030% < 0.600% | half-life=1.0 bars
AVNT,gate,swap,AVNT/USDT:USDT,bybit,swap,AVNT/USDT:USDT,AVNT|gate:swap:AVNT/USDT:USDT|bybit:swap:AVNT/USDT:USDT,True,,576,-0.02641387667156839,0.9871014520873196,2.1572003898193408e-17,True,0.25658540694581944,-0.48011211254704866,0.013053388213868367,0.3933108675527208,0.8738077755517826,1.4425873046928592,202.0,101.0,85.0,42.5,19.0,9.5,-1.039704128336253,-0.26641738416970373,False,q95-q05=0.87% вне диапазона 4.00%–35.00% | std=0.257% < 0.600% | half-life=1.4 bars
AWE,gate,swap,AWE/USDT:USDT,bybit,swap,AWE/USDT:USDT,AWE|gate:swap:AWE/USDT:USDT|bybit:swap:AWE/USDT:USDT,True,,576,-0.1491953840936181,0.9434504197202958,6.152642278397859e-20,True,0.2781471642960645,-0.47348244995157884,0.007317227563219397,0.4865575172426695,0.9599845807380714,1.9789980659940054,166.0,83.0,57.0,28.5,18.0,9.0,-0.9016213174285899,-0.2504692138188269,False,q95-q05=0.96% вне диапазона 4.00%–35.00% | std=0.278% < 0.600% | half-life=2.0 bars
AXS,gate,swap,AXS/USDT:USDT,bybit,swap,AXS/USDT:USDT,AXS|gate:swap:AXS/USDT:USDT|bybit:swap:AXS/USDT:USDT,True,,576,0.002085275548349839,0.9934018991502385,1.7224790143200908e-14,True,0.1295780297937465,-0.1930242073025501,-0.0069312092198736686,0.1886619250736299,0.3816949210829229,0.8451484623932042,242.0,121.0,100.0,50.0,26.0,13.0,-0.4507323406621268,-0.058387956262118124,False,q95-q05=0.38% вне диапазона 4.00%–35.00% | std=0.130% < 0.600% | half-life=0.8 bars
AXTI,gate,swap,AXTI/USDT:USDT,bybit,swap,AXTI/USDT:USDT,AXTI|gate:swap:AXTI/USDT:USDT|bybit:swap:AXTI/USDT:USDT,True,,576,-0.029060924459089203,1.0065677539695794,2.9058494229769645e-08,True,0.06505310540016439,-0.10302816051797059,-0.0008336903351224834,0.10428198367635755,0.2073089187970778,0.9915627374303756,215.0,107.5,112.0,56.0,21.0,10.5,-0.9533969396330455,-0.062002202287803065,False,q95-q05=0.21% вне диапазона 4.00%–35.00% | std=0.065% < 0.600% | half-life=1.0 bars
AZTEC,gate,swap,AZTEC/USDT:USDT,bybit,swap,AZTEC/USDT:USDT,AZTEC|gate:swap:AZTEC/USDT:USDT|bybit:swap:AZTEC/USDT:USDT,True,,576,-0.07238918070965822,0.9821869292102714,1.0662933976975806e-10,True,0.16123688061582422,-0.2462003434629434,-0.00618355632098222,0.25807710086995783,0.5042485686505227,0.9351698310836931,244.0,122.0,119.0,59.5,22.0,11.0,-0.6633478645365024,-0.10689896274788113,False,q95-q05=0.50% вне диапазона 4.00%–35.00% | std=0.161% < 0.600% | half-life=0.9 bars
B,gate,swap,B/USDT:USDT,bybit,swap,B/USDT:USDT,B|gate:swap:B/USDT:USDT|bybit:swap:B/USDT:USDT,True,,576,0.014021679665660331,1.008718828671337,1.948241349726991e-10,True,0.09186194178323083,-0.140766111376478,-0.0039306662436566775,0.15100568785817448,0.29175706885929964,0.8549901123359125,251.0,125.5,134.0,67.0,31.0,15.5,1.2233350931832172,0.11244110477517388,False,q95-q05=0.29% вне диапазона 4.00%–35.00% | std=0.092% < 0.600% | half-life=0.9 bars
B2,gate,swap,B2/USDT:USDT,bybit,swap,B2/USDT:USDT,B2|gate:swap:B2/USDT:USDT|bybit:swap:B2/USDT:USDT,True,,576,0.011475560280469848,1.0184263501411832,3.5912061926458834e-06,True,0.21384294871279497,-0.34841437838235567,-0.0014020365553091274,0.3605848928182498,0.7089590988745648,1.5449355696297569,186.0,93.0,78.0,39.0,19.0,9.5,-2.1742549582963155,-0.4638698764949045,False,q95-q05=0.71% вне диапазона 4.00%–35.00% | std=0.214% < 0.600% | half-life=1.5 bars
BABA,gate,swap,BABA/USDT:USDT,bybit,swap,BABA/USDT:USDT,BABA|gate:swap:BABA/USDT:USDT|bybit:swap:BABA/USDT:USDT,True,,576,0.11042381652985739,0.9764136134417061,3.414476573969296e-06,True,0.039002442342989815,-0.0611423279529677,-0.00454298808953979,0.06310981315800213,0.12425093478694027,1.2441934902705927,179.0,89.5,116.0,58.0,22.0,11.0,-2.679395574014733,-0.10444838605042639,False,q95-q05=0.12% вне диапазона 4.00%–35.00% | std=0.039% < 0.600% | half-life=1.2 bars
BABY,gate,swap,BABY/USDT:USDT,bybit,swap,BABY/USDT:USDT,BABY|gate:swap:BABY/USDT:USDT|bybit:swap:BABY/USDT:USDT,True,,576,-0.018849800907421412,0.9959655418936602,2.3789763691448367e-30,True,0.1717827650313811,-0.27924135100088066,-0.001924011980070084,0.28619891754320115,0.5654221051709429,0.9413028142551253,241.0,120.5,119.0,59.5,29.0,14.5,-1.7361513481664845,-0.2977965827917428,False,q95-q05=0.57% вне диапазона 4.00%–35.00% | std=0.172% < 0.600% | half-life=0.9 bars
BAC,gate,swap,BAC/USDT:USDT,bybit,swap,BAC/USDT:USDT,BAC|gate:swap:BAC/USDT:USDT|bybit:swap:BAC/USDT:USDT,True,,576,-0.2421470009079226,1.0616346911112764,0.0015021838937437208,True,0.33924732342445485,-0.5841018843843582,0.041732680915229636,0.47071069614974537,1.0554207489916756,4.3820377654843465,44.0,22.0,29.0,14.5,7.0,3.5,-0.6295610839602085,-0.21334899946311436,False,q95-q05=1.06% вне диапазона 4.00%–35.00% | std=0.339% < 0.600%
BAN,gate,swap,BAN/USDT:USDT,bybit,swap,BAN/USDT:USDT,BAN|gate:swap:BAN/USDT:USDT|bybit:swap:BAN/USDT:USDT,True,,576,-0.03034770833041474,0.9884392689750693,1.605995707225813e-17,True,0.20425843582823477,-0.3159178518547634,-0.0016589237203157303,0.3126897034719578,0.6286197717342845,1.4519475118491398,189.0,94.5,86.0,43.0,18.0,9.0,-0.6085573987610725,-0.12422575822627069,False,q95-q05=0.63% вне диапазона 4.00%–35.00% | std=0.204% < 0.600% | half-life=1.5 bars
BANANA,gate,swap,BANANA/USDT:USDT,bybit,swap,BANANA/USDT:USDT,BANANA|gate:swap:BANANA/USDT:USDT|bybit:swap:BANANA/USDT:USDT,True,,576,0.08403968925541373,0.9389146632169855,1.9091637276864093e-22,True,0.18510547894663582,-0.279954562996787,-0.007715332626567761,0.3130023351139988,0.5928606712773621,1.7315824243869122,142.0,71.0,72.0,36.0,18.0,9.0,0.039501261110792704,0.007312167182749185,False,q95-q05=0.59% вне диапазона 4.00%–35.00% | std=0.185% < 0.600% | half-life=1.7 bars
BANANAS31,gate,swap,BANANAS31/USDT:USDT,bybit,swap,BANANAS31/USDT:USDT,BANANAS31|gate:swap:BANANAS31/USDT:USDT|bybit:swap:BANANAS31/USDT:USDT,True,,576,-0.1408872439897461,0.9715531085241799,5.049099583680307e-11,True,0.2496252345131437,-0.36039187834178144,-0.013382412802853683,0.39827479861065385,0.7585266384987577,2.2383345985770227,126.0,63.0,60.0,30.0,12.0,6.0,-0.8661601061296419,-0.21598184245378294,False,q95-q05=0.76% вне диапазона 4.00%–35.00% | std=0.250% < 0.600%
BAND,gate,swap,BAND/USDT:USDT,bybit,swap,BAND/USDT:USDT,BAND|gate:swap:BAND/USDT:USDT|bybit:swap:BAND/USDT:USDT,True,,576,-0.0296286991906127,0.9805175548022854,1.0896271042602533e-21,True,0.26413142435243003,-0.45137380747560796,0.012614671753174989,0.4003861125407182,0.8519822753235429,1.448734014539527,169.0,84.5,75.0,37.5,18.0,9.0,-3.190161543221514,-0.8390818041103754,False,q95-q05=0.85% вне диапазона 4.00%–35.00% | std=0.264% < 0.600% | half-life=1.4 bars
BANK,gate,swap,BANK/USDT:USDT,bybit,swap,BANK/USDT:USDT,BANK|gate:swap:BANK/USDT:USDT|bybit:swap:BANK/USDT:USDT,True,,576,0.018303254680100384,1.0055661953672863,0.0008202862297955583,True,0.06508770828006953,-0.09726127453739686,0.0009589961050382456,0.10334454427991524,0.20059978457459549,1.353153843825929,186.0,93.0,107.0,53.5,17.0,8.5,1.7956368662949505,0.11694221267442018,False,q95-q05=0.20% вне диапазона 4.00%–35.00% | std=0.065% < 0.600% | half-life=1.4 bars
BARD,gate,swap,BARD/USDT:USDT,bybit,swap,BARD/USDT:USDT,BARD|gate:swap:BARD/USDT:USDT|bybit:swap:BARD/USDT:USDT,True,,576,-0.049597953424984055,0.9748627506115549,9.484863676940861e-20,True,0.27646020569559954,-0.39863552065301233,-0.009033240910738538,0.4681180895887094,0.8664580142150213,1.3846437197554156,178.0,89.0,89.0,44.5,23.0,11.5,-0.5644897195020088,-0.15593723531719395,False,q95-q05=0.87% вне диапазона 4.00%–35.00% | std=0.276% < 0.600% | half-life=1.4 bars
BASED,gate,swap,BASED/USDT:USDT,bybit,swap,BASED/USDT:USDT,BASED|gate:swap:BASED/USDT:USDT|bybit:swap:BASED/USDT:USDT,True,,576,-0.029919316910298262,0.9882714575238876,4.296361957531176e-09,True,0.11928084903743846,-0.17999483674486783,-0.005135006635148542,0.20276517969257668,0.3827169106584205,0.8508048188569143,238.0,119.0,139.0,69.5,28.0,14.0,1.1350831058632522,0.1354853752137064,False,q95-q05=0.38% вне диапазона 4.00%–35.00% | std=0.119% < 0.600% | half-life=0.9 bars
BAT,gate,swap,BAT/USDT:USDT,bybit,swap,BAT/USDT:USDT,BAT|gate:swap:BAT/USDT:USDT|bybit:swap:BAT/USDT:USDT,True,,576,0.00811829162938227,1.0037803880402216,1.0584529792230793e-19,True,0.21949994726763283,-0.36885213652370075,0.006594978986718125,0.32470047714181494,0.6937085369066898,1.1017696492495024,223.0,111.5,78.0,39.0,23.0,11.5,-0.7778103493442783,-0.170583671050073,False,q95-q05=0.69% вне диапазона 4.00%–35.00% | std=0.219% < 0.600% | half-life=1.1 bars
BB,gate,swap,BB/USDT:USDT,bybit,swap,BB/USDT:USDT,BB|gate:swap:BB/USDT:USDT|bybit:swap:BB/USDT:USDT,True,,576,0.006329117631829278,1.0016114302057524,3.549083575341424e-30,True,0.20570630929836636,-0.34561248157751745,0.001725946851505178,0.31843068468950797,0.6641358690784305,0.9809966080827556,248.0,124.0,97.0,48.5,28.0,14.0,0.33956592875610053,0.0698752553583315,False,q95-q05=0.66% вне диапазона 4.00%–35.00% | std=0.206% < 0.600% | half-life=1.0 bars
BCH,gate,swap,BCH/USDT:USDT,bybit,swap,BCH/USDT:USDT,BCH|gate:swap:BCH/USDT:USDT|bybit:swap:BCH/USDT:USDT,True,,576,0.04311606161424254,0.9925328754843553,7.839968507369796e-06,True,0.027545575818400937,-0.04636600891463338,0.0004074505540296869,0.04360150916598027,0.08996876774238771,0.9087329894151909,243.0,121.5,136.0,68.0,21.0,10.5,-2.347268876115325,-0.06463597474118954,False,q95-q05=0.09% вне диапазона 4.00%–35.00% | std=0.028% < 0.600% | half-life=0.9 bars
BE,gate,swap,BE/USDT:USDT,bybit,swap,BE/USDT:USDT,BE|gate:swap:BE/USDT:USDT|bybit:swap:BE/USDT:USDT,True,,576,0.04222872419168847,0.9924974118784667,1.0079497658167298e-08,True,0.05279548070847289,-0.08884865176775891,0.002501750786909618,0.07930952482646525,0.1681662370187409,0.7477783538327019,279.0,139.5,129.0,64.5,24.0,12.0,0.675211078021093,0.0356544481317167,False,q95-q05=0.17% вне диапазона 4.00%–35.00% | std=0.053% < 0.600% | half-life=0.7 bars
BEAT,gate,swap,BEAT/USDT:USDT,bybit,swap,BEAT/USDT:USDT,BEAT|gate:swap:BEAT/USDT:USDT|bybit:swap:BEAT/USDT:USDT,True,,576,-0.006368298806623358,0.9975165595551276,3.4269232791588352e-06,True,0.07240888018366094,-0.11237284488418986,0.002508610086571217,0.11821790627473128,0.23058411443643845,0.7439278081332158,288.0,144.0,165.0,82.5,21.0,10.5,1.5131434325395872,0.1096250659042175,False,q95-q05=0.23% вне диапазона 4.00%–35.00% | std=0.072% < 0.600% | half-life=0.7 bars
BEL,gate,swap,BEL/USDT:USDT,bybit,swap,BEL/USDT:USDT,BEL|gate:swap:BEL/USDT:USDT|bybit:swap:BEL/USDT:USDT,True,,576,0.0036536315472644465,1.0016307976492969,2.504990912020291e-30,True,0.143962336925246,-0.23993198274151473,0.00547510137267615,0.24254698613077608,0.48247359645335886,0.9510758294541922,235.0,117.5,117.0,58.5,24.0,12.0,-0.306641263495729,-0.044135050510440976,False,q95-q05=0.48% вне диапазона 4.00%–35.00% | std=0.144% < 0.600% | half-life=1.0 bars
BERA,gate,swap,BERA/USDT:USDT,bybit,swap,BERA/USDT:USDT,BERA|gate:swap:BERA/USDT:USDT|bybit:swap:BERA/USDT:USDT,True,,576,-0.004115898869737009,0.9974546767747324,0.0,True,0.13402024959131262,-0.20421768201339674,0.0007373119668363515,0.21841909994066988,0.4226074028460536,0.7980336429884348,266.0,133.0,112.0,56.0,29.0,14.5,-0.00915642180748688,-0.0012271384065676294,False,q95-q05=0.42% вне диапазона 4.00%–35.00% | std=0.134% < 0.600% | half-life=0.8 bars
BICO,gate,swap,BICO/USDT:USDT,bybit,swap,BICO/USDT:USDT,BICO|gate:swap:BICO/USDT:USDT|bybit:swap:BICO/USDT:USDT,True,,576,-0.032749013941229775,0.991132460087576,8.861950145311135e-14,True,0.10997725601679328,-0.1796204598565665,0.008169993112749907,0.16235049186819062,0.34200081676116767,0.9081097131925884,238.0,119.0,136.0,68.0,25.0,12.5,-0.7808699585141375,-0.0858410707979873,False,q95-q05=0.34% вне диапазона 4.00%–35.00% | std=0.110% < 0.600% | half-life=0.9 bars
BIGTIME,gate,swap,BIGTIME/USDT:USDT,bybit,swap,BIGTIME/USDT:USDT,BIGTIME|gate:swap:BIGTIME/USDT:USDT|bybit:swap:BIGTIME/USDT:USDT,True,,576,-0.04298268839502889,0.9908394637570089,3.8944131248237177e-11,True,0.220132432456207,-0.3561954278531676,-0.00353833809454418,0.36780666742417534,0.723963226938662,1.170593953927166,210.0,105.0,91.0,45.5,23.0,11.5,-0.052386880355919964,-0.011531386486229867,False,q95-q05=0.72% вне диапазона 4.00%–35.00% | std=0.220% < 0.600% | half-life=1.2 bars
BIIB,gate,swap,BIIB/USDT:USDT,bybit,swap,BIIB/USDT:USDT,BIIB|gate:swap:BIIB/USDT:USDT|bybit:swap:BIIB/USDT:USDT,True,,576,1.1628107228256424,0.7853392942628636,0.021591787147659598,True,0.6808949358604202,-0.9474017927058265,-0.1552167923879022,1.5120211611060252,2.4526222483216564,12.162494235260532,21.0,10.5,14.0,7.0,4.0,2.0,-1.0587997265910576,-0.718338895443893,False,q95-q05=2.45% вне диапазона 4.00%–35.00%
BILL,gate,swap,BILL/USDT:USDT,bybit,swap,BILL/USDT:USDT,BILL|gate:swap:BILL/USDT:USDT|bybit:swap:BILL/USDT:USDT,True,,576,-0.03282064080748256,0.9919970294548255,1.4705871301925866e-07,True,0.13503105331882792,-0.20152556938274335,-0.025435233252357747,0.23114584143166805,0.43260801576463503,0.8928434442029414,236.0,118.0,119.0,59.5,29.0,14.5,-0.2126433542656793,-0.028709334189425118,False,q95-q05=0.43% вне диапазона 4.00%–35.00% | std=0.135% < 0.600% | half-life=0.9 bars
BIO,gate,swap,BIO/USDT:USDT,bybit,swap,BIO/USDT:USDT,BIO|gate:swap:BIO/USDT:USDT|bybit:swap:BIO/USDT:USDT,True,,576,0.06277636661636743,1.0180017031497257,0.0005013082924181972,True,0.11236654275755704,-0.17065910102908033,-0.007056536551752757,0.1856487236788329,0.3562814989856222,0.9500251258671847,191.0,95.5,122.0,61.0,27.0,13.5,-1.0276644020837145,-0.11540844914406101,False,q95-q05=0.36% вне диапазона 4.00%–35.00% | std=0.112% < 0.600% | half-life=1.0 bars
BIRB,gate,swap,BIRB/USDT:USDT,bybit,swap,BIRB/USDT:USDT,BIRB|gate:swap:BIRB/USDT:USDT|bybit:swap:BIRB/USDT:USDT,True,,576,-0.09099032257127174,0.9665750286674524,1.6806053415174098e-13,True,0.3092027984751184,-0.5776204022697851,0.0020728286975746357,0.4690489218606375,1.0472473960354889,2.170427331051131,147.0,73.5,66.0,33.0,18.0,9.0,-0.16686537477424393,-0.0515819327932987,False,q95-q05=1.05% вне диапазона 4.00%–35.00% | std=0.309% < 0.600%
BITO,gate,swap,BITO/USDT:USDT,bybit,swap,BITO/USDT:USDT,BITO|gate:swap:BITO/USDT:USDT|bybit:swap:BITO/USDT:USDT,True,,576,0.18652868494020175,0.9227279502333066,0.012971679870390058,True,0.37315459130002593,-0.6180714446060387,0.06259474410674759,0.5255585825455711,1.1441717564708132,8.35811603977922,48.0,24.0,30.0,15.0,4.0,2.0,2.636049002144216,0.9885075636439256,False,q95-q05=1.14% вне диапазона 4.00%–35.00% | std=0.373% < 0.600%
BLEND,gate,swap,BLEND/USDT:USDT,bybit,swap,BLEND/USDT:USDT,BLEND|gate:swap:BLEND/USDT:USDT|bybit:swap:BLEND/USDT:USDT,True,,576,-0.08690128260349807,0.9682700647817813,2.0758173724357936e-11,True,0.33349348606049584,-0.6894485607986667,0.0446844022160775,0.46733203855511274,1.1580796709247498,2.769245689750419,138.0,69.0,49.0,24.5,10.0,5.0,2.0980949192847604,0.7021546154312164,False,q95-q05=1.16% вне диапазона 4.00%–35.00% | std=0.333% < 0.600%
BLESS,gate,swap,BLESS/USDT:USDT,bybit,swap,BLESS/USDT:USDT,BLESS|gate:swap:BLESS/USDT:USDT|bybit:swap:BLESS/USDT:USDT,True,,576,0.035812736460001056,1.0078981114923904,5.3201078459986346e-06,True,0.08453670066697594,-0.1362011026387,0.0005659565052607007,0.12485457000255273,0.2610706321484857,0.9214360084444372,232.0,116.0,115.0,57.5,23.0,11.5,0.6576297504946294,0.055609305611881155,False,q95-q05=0.26% вне диапазона 4.00%–35.00% | std=0.085% < 0.600% | half-life=0.9 bars
BLUAI,gate,swap,BLUAI/USDT:USDT,bybit,swap,BLUAI/USDT:USDT,BLUAI|gate:swap:BLUAI/USDT:USDT|bybit:swap:BLUAI/USDT:USDT,True,,576,0.011683661146898975,1.0020170710419425,1.1479427864054389e-05,True,0.1859544260077213,-0.29871525001803345,-0.0010162061211738127,0.2730211765288093,0.5718114452033296,0.9224008175658068,228.0,114.0,112.0,56.0,24.0,12.0,-0.17226038128812748,-0.03202745044286193,False,q95-q05=0.57% вне диапазона 4.00%–35.00% | std=0.186% < 0.600% | half-life=0.9 bars
BLUR,gate,swap,BLUR/USDT:USDT,bybit,swap,BLUR/USDT:USDT,BLUR|gate:swap:BLUR/USDT:USDT|bybit:swap:BLUR/USDT:USDT,True,,576,-0.0449555396436703,0.9879671977252681,5.009496099098267e-09,True,0.10960548809530908,-0.18412118099173647,0.002538463708789962,0.15796244332950682,0.34212870627645664,0.9202338760020093,241.0,120.5,101.0,50.5,21.0,10.5,0.14502095116657784,0.015896355473299373,False,q95-q05=0.34% вне диапазона 4.00%–35.00% | std=0.110% < 0.600% | half-life=0.9 bars
BMNR,gate,swap,BMNR/USDT:USDT,bybit,swap,BMNR/USDT:USDT,BMNR|gate:swap:BMNR/USDT:USDT|bybit:swap:BMNR/USDT:USDT,True,,576,0.013472184945889892,0.9959772743906152,1.027186742948437e-15,True,0.07577222911351182,-0.11456249327802537,0.0018832455783490687,0.12152298219294533,0.23607736904839305,0.9171377885272942,245.0,122.5,127.0,63.5,20.0,10.0,0.06694209936487007,0.005072480736445506,False,q95-q05=0.24% вне диапазона 4.00%–35.00% | std=0.076% < 0.600% | half-life=0.9 bars
BMT,gate,swap,BMT/USDT:USDT,bybit,swap,BMT/USDT:USDT,BMT|gate:swap:BMT/USDT:USDT|bybit:swap:BMT/USDT:USDT,True,,576,-0.036980377139737626,0.9905042669305113,1.8011353769458455e-24,True,0.19851240801496114,-0.33779668263138607,0.017283405999912738,0.29455033921990115,0.632485893386403,1.5060721960901389,202.0,101.0,89.0,44.5,15.0,7.5,0.05848361515466926,0.011610397227990177,False,q95-q05=0.63% вне диапазона 4.00%–35.00% | std=0.199% < 0.600% | half-life=1.5 bars
BNB,gate,swap,BNB/USDT:USDT,bybit,swap,BNB/USDT:USDT,BNB|gate:swap:BNB/USDT:USDT|bybit:swap:BNB/USDT:USDT,True,,576,0.016696176924407842,0.9975000119437367,0.0019366442136459939,True,0.015778237411465043,-0.024576158703426554,-0.0014082319036545776,0.024338319251393514,0.04891453709914284,1.1200919347371319,203.0,101.5,126.0,63.0,20.0,10.0,1.6271997811998395,0.025677640605659136,False,q95-q05=0.05% вне диапазона 4.00%–35.00% | std=0.016% < 0.600% | half-life=1.1 bars
BNT,gate,swap,BNT/USDT:USDT,bybit,swap,BNT/USDT:USDT,BNT|gate:swap:BNT/USDT:USDT|bybit:swap:BNT/USDT:USDT,True,,576,-0.05660770731554,0.9478878996749989,1.2981821439551567e-06,True,0.3689945145382273,-0.7000376849155554,0.021428816450197452,0.597655002386932,1.29837557331563,3.5651492181782953,97.0,48.5,43.0,21.5,12.0,6.0,-0.5611397989724294,-0.2068432915283247,False,q95-q05=1.30% вне диапазона 4.00%–35.00% | std=0.369% < 0.600%
BOME,gate,swap,BOME/USDT:USDT,bybit,swap,BOME/USDT:USDT,BOME|gate:swap:BOME/USDT:USDT|bybit:swap:BOME/USDT:USDT,True,,576,-0.051956908897598034,0.9924281768224262,0.0010318624747954572,True,0.06291807455179975,-0.10958793419995061,0.0013590500841154096,0.09919552165782441,0.20879438109395743,1.3324733496504162,191.0,95.5,104.0,52.0,24.0,12.0,-1.469048969259181,-0.09238702944875943,False,q95-q05=0.21% вне диапазона 4.00%–35.00% | std=0.063% < 0.600% | half-life=1.3 bars
BOT,gate,swap,BOT/USDT:USDT,bybit,swap,BOT/USDT:USDT,BOT|gate:swap:BOT/USDT:USDT|bybit:swap:BOT/USDT:USDT,True,,576,0.06303132469448675,0.9810503245388814,3.7701359165004804e-08,True,0.2858731288013387,-0.4466676452575591,0.036026529482779956,0.4017069342446167,0.848570431900808,0.8652995562421126,257.0,128.5,133.0,66.5,9.0,4.5,1.244132181636206,0.35629719417327177,False,q95-q05=0.85% вне диапазона 4.00%–35.00% | std=0.286% < 0.600% | half-life=0.9 bars
BR,gate,swap,BR/USDT:USDT,bybit,swap,BR/USDT:USDT,BR|gate:swap:BR/USDT:USDT|bybit:swap:BR/USDT:USDT,True,,576,-0.0004672123995955943,1.0011179759272884,0.007824044792026075,True,0.10364177937960646,-0.17170688567260672,0.0002630622290888951,0.16185429382078453,0.3335779218352708,0.7717143652549476,282.0,141.0,115.0,57.5,30.0,15.0,-0.46058193505986783,-0.04772413970764999,False,q95-q05=0.33% вне диапазона 4.00%–35.00% | std=0.104% < 0.600% | half-life=0.8 bars
BRETT,gate,swap,BRETT/USDT:USDT,bybit,swap,BRETT/USDT:USDT,BRETT|gate:swap:BRETT/USDT:USDT|bybit:swap:BRETT/USDT:USDT,True,,576,-0.0378699211851122,0.9927111169578356,8.68073991862561e-18,True,0.16785721060111305,-0.2782738323714451,0.0017025027862160869,0.2515394046390007,0.5298853075799581,0.8207855323509063,233.0,116.5,135.0,67.5,25.0,12.5,-0.29813647697478096,-0.050031837303576854,False,q95-q05=0.53% вне диапазона 4.00%–35.00% | std=0.168% < 0.600% | half-life=0.8 bars
BREV,gate,swap,BREV/USDT:USDT,bybit,swap,BREV/USDT:USDT,BREV|gate:swap:BREV/USDT:USDT|bybit:swap:BREV/USDT:USDT,True,,576,-0.030779833070252522,0.9878172710421855,1.0110844572208642e-20,True,0.2969256547156852,-0.5538269189869549,0.029655775873216328,0.43834555016182275,0.9927538407116021,1.8893431055688679,148.0,74.0,60.0,30.0,17.0,8.5,0.34233187138980736,0.10169879323045361,False,q95-q05=0.99% вне диапазона 4.00%–35.00% | std=0.297% < 0.600% | half-life=1.9 bars
BRKB,gate,swap,BRKB/USDT:USDT,bybit,swap,BRKB/USDT:USDT,BRKB|gate:swap:BRKB/USDT:USDT|bybit:swap:BRKB/USDT:USDT,True,,576,0.21088887623889163,0.9658673099003776,2.988265731694455e-06,True,0.14257428599154087,-0.2558827884676429,0.023233270089506597,0.19811914223542004,0.45413387311354914,4.244006146219406,52.0,26.0,28.0,14.0,7.0,3.5,-0.8657861298525446,-0.1233626848880176,False,q95-q05=0.45% вне диапазона 4.00%–35.00% | std=0.143% < 0.600%
BROCCOLI,gate,swap,BROCCOLI/USDT:USDT,bybit,swap,BROCCOLI/USDT:USDT,BROCCOLI|gate:swap:BROCCOLI/USDT:USDT|bybit:swap:BROCCOLI/USDT:USDT,True,,576,-0.027396103505640354,0.9927055420750517,1.9853840321927947e-12,True,0.14089941123358565,-0.23981376021329215,0.008891328606464022,0.21387397101926275,0.45374736018877204,0.907309182776499,233.0,116.5,131.0,65.5,30.0,15.0,2.151669492360167,0.3036289865121278,False,q95-q05=0.45% вне диапазона 4.00%–35.00% | std=0.141% < 0.600% | half-life=0.9 bars
BSB,gate,swap,BSB/USDT:USDT,bybit,swap,BSB/USDT:USDT,BSB|gate:swap:BSB/USDT:USDT|bybit:swap:BSB/USDT:USDT,True,,576,-0.03921621626670978,0.9824152495951715,3.3555244721654274e-20,True,0.22173579692725465,-0.3600815408080882,0.00329558364597915,0.33441816366783783,0.694591624529517,1.3586396828291136,194.0,97.0,85.0,42.5,23.0,11.5,-0.25877680075724085,-0.057363620922534775,False,q95-q05=0.69% вне диапазона 4.00%–35.00% | std=0.222% < 0.600% | half-life=1.4 bars
BSP,gate,swap,BSP/USDT:USDT,bybit,swap,BSP/USDT:USDT,BSP|gate:swap:BSP/USDT:USDT|bybit:swap:BSP/USDT:USDT,True,,576,0.213109213074276,0.9385191487868328,0.002138625458698817,True,0.16899714957294068,-0.2676338626887764,-0.007867831460073305,0.29654824841094385,0.564102053852289,1.1599077460763172,168.0,84.0,97.0,48.5,30.0,15.0,0.4049087747504831,0.06845184636028456,False,q95-q05=0.56% вне диапазона 4.00%–35.00% | std=0.169% < 0.600% | half-life=1.2 bars
BSV,gate,swap,BSV/USDT:USDT,bybit,swap,BSV/USDT:USDT,BSV|gate:swap:BSV/USDT:USDT|bybit:swap:BSV/USDT:USDT,True,,576,0.09805481902418753,0.9669811656301167,9.603881581453209e-05,True,0.08515816883052023,-0.13169599112750063,-0.0016293480303075647,0.12682411261328852,0.2585265452774044,0.8565625367765343,255.0,127.5,124.0,62.0,29.0,14.5,0.6025127442023188,0.051322047251667335,False,q95-q05=0.26% вне диапазона 4.00%–35.00% | std=0.085% < 0.600% | half-life=0.9 bars
BTC,gate,swap,BTC/USDT:USDT,bybit,swap,BTC/USDT:USDT,BTC|gate:swap:BTC/USDT:USDT|bybit:swap:BTC/USDT:USDT,True,,576,0.08194214627104805,0.992771415948887,0.0008961969048063174,True,0.008075813408850396,-0.013456734220573807,0.0007891238672064205,0.01274191608406916,0.026198744091177062,1.7774596536222809,164.0,82.0,94.0,47.0,21.0,10.5,3.6671857717576297,0.029619893852506074,False,q95-q05=0.03% вне диапазона 4.00%–35.00% | std=0.008% < 0.600% | half-life=1.8 bars
BTR,gate,swap,BTR/USDT:USDT,bybit,swap,BTR/USDT:USDT,BTR|gate:swap:BTR/USDT:USDT|bybit:swap:BTR/USDT:USDT,True,,576,-0.21595386842679615,0.9282764944265589,1.390551166946062e-05,True,0.14410685836926318,-0.21148418289786974,-0.0021720571565353453,0.23868808436398048,0.4501118033190865,1.1774241296834227,192.0,96.0,110.0,55.0,23.0,11.5,-0.9320128550614019,-0.134219289734816,False,q95-q05=0.45% вне диапазона 4.00%–35.00% | std=0.144% < 0.600% | half-life=1.2 bars
BTW,gate,swap,BTW/USDT:USDT,bybit,swap,BTW/USDT:USDT,BTW|gate:swap:BTW/USDT:USDT|bybit:swap:BTW/USDT:USDT,True,,576,-0.0036883871412060885,1.0087866691252199,0.00852690311225942,True,0.06315907796107058,-0.10803641912032758,0.0065689841595162335,0.09137267209866629,0.19942577321071936,1.405148171828787,175.0,87.5,107.0,53.5,16.0,8.0,1.2239057366179569,0.07733064257173794,False,q95-q05=0.20% вне диапазона 4.00%–35.00% | std=0.063% < 0.600% | half-life=1.4 bars
BX,gate,swap,BX/USDT:USDT,bybit,swap,BX/USDT:USDT,BX|gate:swap:BX/USDT:USDT|bybit:swap:BX/USDT:USDT,True,,576,0.2856170127783247,0.9396293588713499,0.00044314221651563837,True,0.24403147985320806,-0.37305945545274,-0.014536459293978954,0.35411350573295586,0.7272450578505563,2.2843800616112873,132.0,66.0,46.0,23.0,11.0,5.5,6.527527655029145,1.60567687348665,False,q95-q05=0.73% вне диапазона 4.00%–35.00% | std=0.244% < 0.600%
BYD,gate,swap,BYD/USDT:USDT,bybit,swap,BYD/USDT:USDT,BYD|gate:swap:BYD/USDT:USDT|bybit:swap:BYD/USDT:USDT,True,,576,0.18636131026928543,0.9175253627287446,2.8170657080327442e-12,True,0.27636674207842016,-0.4308147050492761,-0.027575013823633032,0.4344922460004286,0.8652964392952933,2.542110906641148,90.0,45.0,51.0,25.5,7.0,3.5,-0.3157780132303211,-0.08723247107589316,False,q95-q05=0.87% вне диапазона 4.00%–35.00% | std=0.276% < 0.600%
BZ,gate,swap,BZ/USDT:USDT,bybit,swap,BZ/USDT:USDT,BZ|gate:swap:BZ/USDT:USDT|bybit:swap:BZ/USDT:USDT,True,,576,0.046674781229847,0.9896754271305388,0.00010015626832153401,True,0.02735246248823905,-0.04053780531372286,-0.002951829729869182,0.050061358545283596,0.0905948561308767,1.4550019546205202,189.0,94.5,100.0,50.0,21.0,10.5,1.5910049578457037,0.04352737384161198,False,q95-q05=0.09% вне диапазона 4.00%–35.00% | std=0.027% < 0.600% | half-life=1.5 bars
C,gate,swap,C/USDT:USDT,bybit,swap,C/USDT:USDT,C|gate:swap:C/USDT:USDT|bybit:swap:C/USDT:USDT,True,,576,-0.014604437510723836,0.993870583717604,7.391049465564898e-11,True,0.16421627663643462,-0.2865503126279645,0.010477074048087509,0.248253706369983,0.5349077199280017,1.1222105575590724,207.0,103.5,96.0,48.0,26.0,13.0,-0.30762346595891205,-0.050504022608610644,False,q95-q05=0.53% вне диапазона 4.00%–35.00% | std=0.164% < 0.600% | half-life=1.1 bars
C98,gate,swap,C98/USDT:USDT,bybit,swap,C98/USDT:USDT,C98|gate:swap:C98/USDT:USDT|bybit:swap:C98/USDT:USDT,True,,576,-0.10707971769654274,0.9739712931889347,1.7394436600539594e-29,True,0.1875392117464341,-0.30003438768070323,-0.004679827632025901,0.2832784930622889,0.5833634088617146,1.0665882735616008,216.0,108.0,94.0,47.0,22.0,11.0,0.5859414418900064,0.10994739402201414,False,q95-q05=0.58% вне диапазона 4.00%–35.00% | std=0.188% < 0.600% | half-life=1.1 bars
CAKE,gate,swap,CAKE/USDT:USDT,bybit,swap,CAKE/USDT:USDT,CAKE|gate:swap:CAKE/USDT:USDT|bybit:swap:CAKE/USDT:USDT,True,,576,0.00975015476973455,0.9885655732616102,3.3526676732375877e-09,True,0.07430006693071388,-0.12457367166126554,0.005270873844032131,0.11219141037943636,0.23677985200868112,0.8546294455248692,229.0,114.5,117.0,58.5,23.0,11.5,0.0297482180874094,0.0022103190221445246,False,q95-q05=0.24% вне диапазона 4.00%–35.00% | std=0.074% < 0.600% | half-life=0.9 bars
CAP,gate,swap,CAP/USDT:USDT,bybit,swap,CAP/USDT:USDT,CAP|gate:swap:CAP/USDT:USDT|bybit:swap:CAP/USDT:USDT,True,,576,-0.009773865454390702,0.9960335052067664,1.4351788480402767e-05,True,0.07897017318416182,-0.12882540025943578,0.0022088818556698087,0.12857157333954206,0.25739744238292284,1.4058104612937479,195.0,97.5,109.0,54.5,21.0,10.5,-0.44054524114493615,-0.03478388299290591,False,q95-q05=0.26% вне диапазона 4.00%–35.00% | std=0.079% < 0.600% | half-life=1.4 bars
CARV,gate,swap,CARV/USDT:USDT,bybit,swap,CARV/USDT:USDT,CARV|gate:swap:CARV/USDT:USDT|bybit:swap:CARV/USDT:USDT,True,,576,-0.3171204319593157,0.8988560095291565,9.654044795952212e-17,True,0.3020504339975993,-0.5267927410769868,0.005471949511770546,0.5407229266401581,1.0674514552429182,2.4524519316890414,99.0,49.5,56.0,28.0,20.0,10.0,-0.339759669040867,-0.10257191450078196,False,q95-q05=1.07% вне диапазона 4.00%–35.00% | std=0.302% < 0.600%
CASHCAT,gate,swap,CASHCAT/USDT:USDT,bybit,swap,CASHCAT/USDT:USDT,CASHCAT|gate:swap:CASHCAT/USDT:USDT|bybit:swap:CASHCAT/USDT:USDT,True,,576,-0.01644591042344039,0.9905908636255416,0.0,True,0.10259996699249531,-0.17550343578238703,-0.0008077636379555386,0.15719184849951606,0.33272605492259966,0.7594962841625854,257.0,128.5,134.0,67.0,21.0,10.5,-0.25602708133684743,-0.026264920260055113,False,q95-q05=0.33% вне диапазона 4.00%–35.00% | std=0.103% < 0.600% | half-life=0.8 bars
CATI,gate,swap,CATI/USDT:USDT,bybit,swap,CATI/USDT:USDT,CATI|gate:swap:CATI/USDT:USDT|bybit:swap:CATI/USDT:USDT,True,,576,-0.03254768822839288,0.9881707483988005,1.4768777220280095e-10,True,0.17500483880672982,-0.300271266297758,0.0028919683728645396,0.2692911668647824,0.5696522127817127,0.9846881321037564,231.0,115.5,110.0,55.0,24.0,12.0,-0.7288410677556151,-0.12746940223044012,False,q95-q05=0.57% вне диапазона 4.00%–35.00% | std=0.175% < 0.600% | half-life=1.0 bars
CBRS,gate,swap,CBRS/USDT:USDT,bybit,swap,CBRS/USDT:USDT,CBRS|gate:swap:CBRS/USDT:USDT|bybit:swap:CBRS/USDT:USDT,True,,576,0.009701185744737405,0.9982960692602069,1.7545813565145628e-09,True,0.06174223887307872,-0.10199129960908326,0.0038195915176952866,0.09417504997044635,0.19617407921839192,0.9181193628867479,249.0,124.5,129.0,64.5,22.0,11.0,0.26643306318554105,0.01645152694587093,False,q95-q05=0.20% вне диапазона 4.00%–35.00% | std=0.062% < 0.600% | half-life=0.9 bars
CC,gate,swap,CC/USDT:USDT,bybit,swap,CC/USDT:USDT,CC|gate:swap:CC/USDT:USDT|bybit:swap:CC/USDT:USDT,True,,576,-0.03152169124787573,0.9851425084547094,0.0,True,0.14921903597700076,-0.24542064779772277,0.002268653566517287,0.2383864284308368,0.483825036658625,0.7928486637522048,273.0,136.5,117.0,58.5,25.0,12.5,-1.5891189639493282,-0.23684587634950072,False,q95-q05=0.48% вне диапазона 4.00%–35.00% | std=0.149% < 0.600% | half-life=0.8 bars
CELO,gate,swap,CELO/USDT:USDT,bybit,swap,CELO/USDT:USDT,CELO|gate:swap:CELO/USDT:USDT|bybit:swap:CELO/USDT:USDT,True,,576,-0.019602087306641605,0.991330073415391,0.0,True,0.11711465233687737,-0.1918255133113389,0.0012888745217765063,0.19476688108108764,0.386587190384291,0.7721501327742445,271.0,135.5,137.0,68.5,30.0,15.0,0.053707668755833805,0.006290152775889624,False,q95-q05=0.39% вне диапазона 4.00%–35.00% | std=0.117% < 0.600% | half-life=0.8 bars
CETUS,gate,swap,CETUS/USDT:USDT,bybit,swap,CETUS/USDT:USDT,CETUS|gate:swap:CETUS/USDT:USDT|bybit:swap:CETUS/USDT:USDT,True,,576,0.03681434710311301,1.0102075593925526,3.035859310853756e-11,True,0.1489254131155728,-0.2452248559738246,0.005495170276947903,0.22397811187240269,0.46925367939373297,1.0157146035917708,217.0,108.5,112.0,56.0,25.0,12.5,-4.502956277221687,-0.6683610889034464,False,q95-q05=0.47% вне диапазона 4.00%–35.00% | std=0.149% < 0.600% | half-life=1.0 bars
CFG,gate,swap,CFG/USDT:USDT,bybit,swap,CFG/USDT:USDT,CFG|gate:swap:CFG/USDT:USDT|bybit:swap:CFG/USDT:USDT,True,,576,0.004929658336665072,1.0013460877183673,0.0,True,0.19478669017476302,-0.2831216528049407,-0.003777979919894481,0.3119652252953742,0.5950028237108163,0.8561350010801493,239.0,119.5,112.0,56.0,28.0,14.0,0.7561421231142015,0.14739494118467533,False,q95-q05=0.60% вне диапазона 4.00%–35.00% | std=0.195% < 0.600% | half-life=0.9 bars
CFX,gate,swap,CFX/USDT:USDT,bybit,swap,CFX/USDT:USDT,CFX|gate:swap:CFX/USDT:USDT|bybit:swap:CFX/USDT:USDT,True,,576,-0.023868454347242756,0.9920332724557569,0.0,True,0.07586046004323799,-0.1262711774482339,-0.0003692873715155365,0.13233780818433516,0.2586012855598452,0.8083183814567005,249.0,124.5,122.0,61.0,34.0,17.0,0.27449878294790425,0.020825772218646676,False,q95-q05=0.26% вне диапазона 4.00%–35.00% | std=0.076% < 0.600% | half-life=0.8 bars
CGNX,gate,swap,CGNX/USDT:USDT,bybit,swap,CGNX/USDT:USDT,CGNX|gate:swap:CGNX/USDT:USDT|bybit:swap:CGNX/USDT:USDT,True,,576,0.16232043856623352,0.9606151999373219,1.1333277399812427e-06,True,0.3920599327773779,-0.5883503840162674,0.028997616242398827,0.7079053200143459,1.295499416649326,3.9514286457514434,67.0,33.5,40.0,20.0,11.0,5.5,0.45693039480337677,0.17930465877604718,False,q95-q05=1.30% вне диапазона 4.00%–35.00% | std=0.392% < 0.600%
CGPT,gate,swap,CGPT/USDT:USDT,bybit,swap,CGPT/USDT:USDT,CGPT|gate:swap:CGPT/USDT:USDT|bybit:swap:CGPT/USDT:USDT,True,,576,-0.02385750219261173,0.9937826792641568,7.552550069561243e-27,True,0.23178871443732108,-0.3844697894348048,0.020921077959035195,0.34333058474016465,0.7279533252188553,1.3022575773489218,207.0,103.5,84.0,42.0,22.0,11.0,-0.07638330787544056,-0.01770322153131776,False,q95-q05=0.73% вне диапазона 4.00%–35.00% | std=0.232% < 0.600% | half-life=1.3 bars
CHILLGUY,gate,swap,CHILLGUY/USDT:USDT,bybit,swap,CHILLGUY/USDT:USDT,CHILLGUY|gate:swap:CHILLGUY/USDT:USDT|bybit:swap:CHILLGUY/USDT:USDT,True,,576,-0.018494698537763584,0.9954457002710957,2.1021201514451644e-17,True,0.121322027642819,-0.18346048956067174,-0.00397852509136376,0.19472535366000798,0.3781649940333143,0.8128779006471653,268.0,134.0,136.0,68.0,25.0,12.5,-0.6577362257073994,-0.07976606250570395,False,q95-q05=0.38% вне диапазона 4.00%–35.00% | std=0.121% < 0.600% | half-life=0.8 bars
CHIP,gate,swap,CHIP/USDT:USDT,bybit,swap,CHIP/USDT:USDT,CHIP|gate:swap:CHIP/USDT:USDT|bybit:swap:CHIP/USDT:USDT,True,,576,-0.015178486118156236,0.9949809344017172,1.2442778478292828e-14,True,0.13051407177534555,-0.2109547090767716,0.002249357748929093,0.20467445950236307,0.4156428186459782,0.719152931005932,270.0,135.0,130.0,65.0,31.0,15.5,0.5517006600107125,0.07203062914604708,False,q95-q05=0.42% вне диапазона 4.00%–35.00% | std=0.131% < 0.600% | half-life=0.7 bars
CHR,gate,swap,CHR/USDT:USDT,bybit,swap,CHR/USDT:USDT,CHR|gate:swap:CHR/USDT:USDT|bybit:swap:CHR/USDT:USDT,True,,576,-0.05340884198706384,0.9859501074926471,8.243209631251304e-13,True,0.2846649296216676,-0.4863170460504551,0.010861469027645398,0.4509005682279188,0.9373904723956938,1.448439395158114,200.0,100.0,90.0,45.0,28.0,14.0,0.4128083776997582,0.11758114026896305,False,q95-q05=0.94% вне диапазона 4.00%–35.00% | std=0.285% < 0.600% | half-life=1.4 bars
CHZ,gate,swap,CHZ/USDT:USDT,bybit,swap,CHZ/USDT:USDT,CHZ|gate:swap:CHZ/USDT:USDT|bybit:swap:CHZ/USDT:USDT,True,,576,-0.1273644687774295,0.9688512838242392,2.8263486935464435e-25,True,0.13657827476577286,-0.22348628552323335,-0.0032353680455066147,0.22502307117169273,0.4485066622462286,0.9010440714635285,228.0,114.0,111.0,55.5,25.0,12.5,0.49360072113324155,0.06743786402514385,False,q95-q05=0.45% вне диапазона 4.00%–35.00% | std=0.137% < 0.600% | half-life=0.9 bars
CIEN,gate,swap,CIEN/USDT:USDT,bybit,swap,CIEN/USDT:USDT,CIEN|gate:swap:CIEN/USDT:USDT|bybit:swap:CIEN/USDT:USDT,True,,576,0.16537921494965852,0.9715770140826718,0.0001099495824770215,True,0.41242567284167964,-0.5893059283463842,0.008870031394692113,0.6511917103743992,1.2401298049038,2.7375978644050942,82.0,41.0,60.0,30.0,15.0,7.5,0.03686818471483642,0.015206541964585263,False,q95-q05=1.24% вне диапазона 4.00%–35.00% | std=0.412% < 0.600%
CIFR,gate,swap,CIFR/USDT:USDT,bybit,swap,CIFR/USDT:USDT,CIFR|gate:swap:CIFR/USDT:USDT|bybit:swap:CIFR/USDT:USDT,True,,576,0.017117636571536008,0.9916597453015115,0.05820229086179351,False,0.906044771020733,-1.4331768935715195,-0.0028919728799814415,1.3806148575185917,2.8147172569872536,8.154447251354554,44.0,22.0,35.0,17.5,4.0,2.0,2.0748733336515732,1.897710037655731,False,ADF p-value=0.0582 > 0.05 | q95-q05=2.81% вне диапазона 4.00%–35.00%
CKB,gate,swap,CKB/USDT:USDT,bybit,swap,CKB/USDT:USDT,CKB|gate:swap:CKB/USDT:USDT|bybit:swap:CKB/USDT:USDT,True,,576,-0.07102864759276237,0.9895805895133721,4.7397933167024007e-23,True,0.2236112959676282,-0.3463357830747915,0.0005572634300232693,0.39574743712413873,0.7419033306577116,1.123595012548662,211.0,105.5,87.0,43.5,27.0,13.5,-0.004423291510122163,-0.0009890930551037513,False,q95-q05=0.74% вне диапазона 4.00%–35.00% | std=0.224% < 0.600% | half-life=1.1 bars
CL,gate,swap,CL/USDT:USDT,bybit,swap,CL/USDT:USDT,CL|gate:swap:CL/USDT:USDT|bybit:swap:CL/USDT:USDT,True,,576,0.034620273602525425,0.9921756866054537,0.009201164296768661,True,0.022908841481638787,-0.03831707403493256,-0.0005754950444969431,0.03802763541569387,0.0763448236444697,1.6396620450720847,186.0,93.0,85.0,42.5,21.0,10.5,-2.6243750555854066,-0.06010332284921427,False,q95-q05=0.08% вне диапазона 4.00%–35.00% | std=0.023% < 0.600% | half-life=1.6 bars
CLANKER,gate,swap,CLANKER/USDT:USDT,bybit,swap,CLANKER/USDT:USDT,CLANKER|gate:swap:CLANKER/USDT:USDT|bybit:swap:CLANKER/USDT:USDT,True,,576,0.037887741131514566,0.9861655126911636,2.478502682567013e-09,True,0.2684330459566608,-0.4733819275971385,0.027809271907286437,0.3473776728932565,0.821281638766258,1.4712302771095744,167.0,83.5,72.0,36.0,18.0,9.0,-1.288695589708188,-0.3453308392192933,False,q95-q05=0.82% вне диапазона 4.00%–35.00% | std=0.268% < 0.600% | half-life=1.5 bars
CLO,gate,swap,CLO/USDT:USDT,bybit,swap,CLO/USDT:USDT,CLO|gate:swap:CLO/USDT:USDT|bybit:swap:CLO/USDT:USDT,True,,576,0.021775803038479025,1.0076921292100658,0.001877711757623511,True,0.15222413323169476,-0.2558184297349553,-0.00106012194973637,0.2497177913236115,0.5055527187526332,1.035144872755332,210.0,105.0,117.0,58.5,23.0,11.5,0.5961223729425112,0.09078539653761819,False,q95-q05=0.51% вне диапазона 4.00%–35.00% | std=0.152% < 0.600% | half-life=1.0 bars
CLSK,gate,swap,CLSK/USDT:USDT,bybit,swap,CLSK/USDT:USDT,CLSK|gate:swap:CLSK/USDT:USDT|bybit:swap:CLSK/USDT:USDT,True,,576,0.4374478857407347,0.8261035853011778,0.017037719167484325,True,0.9565198862401909,-1.5355073576067912,-0.10227421519608537,1.697320169010541,3.2304949952119744,9.574365108804923,44.0,22.0,17.0,8.5,7.0,3.5,2.8904836501469195,2.8033805193920402,False,q95-q05=3.23% вне диапазона 4.00%–35.00%
COAI,gate,swap,COAI/USDT:USDT,bybit,swap,COAI/USDT:USDT,COAI|gate:swap:COAI/USDT:USDT|bybit:swap:COAI/USDT:USDT,True,,576,-0.030931122474200323,0.9761805276948876,4.8428690407153585e-05,True,0.18721082737349917,-0.30046084596841993,0.018631209244435176,0.2342198113068017,0.53485908002191,1.0574315084560286,208.0,104.0,95.0,47.5,19.0,9.5,-0.23386086850481136,-0.043771704076223106,False,q95-q05=0.53% вне диапазона 4.00%–35.00% | std=0.187% < 0.600% | half-life=1.1 bars
COHR,gate,swap,COHR/USDT:USDT,bybit,swap,COHR/USDT:USDT,COHR|gate:swap:COHR/USDT:USDT|bybit:swap:COHR/USDT:USDT,True,,576,-0.005415508772202115,1.0010593039811837,1.468141325772749e-19,True,0.1039289987005577,-0.1637055938327303,-0.0031036570862008617,0.17525851740927134,0.33894485673364727,0.8780580111515635,246.0,123.0,116.0,58.0,27.0,13.5,-2.0659243218802654,-0.21447911031273748,False,q95-q05=0.34% вне диапазона 4.00%–35.00% | std=0.104% < 0.600% | half-life=0.9 bars
COIN,gate,swap,COIN/USDT:USDT,bybit,swap,COIN/USDT:USDT,COIN|gate:swap:COIN/USDT:USDT|bybit:swap:COIN/USDT:USDT,True,,576,0.06002169152262538,0.9885829342162499,1.8564093975969118e-07,True,0.03852736385593296,-0.062087804292143556,0.001768225074094687,0.059955089907237635,0.12204421077497418,0.9001667718233903,240.0,120.0,125.0,62.5,26.0,13.0,-1.0755366889509352,-0.041429009170479425,False,q95-q05=0.12% вне диапазона 4.00%–35.00% | std=0.039% < 0.600% | half-life=0.9 bars
COMP,gate,swap,COMP/USDT:USDT,bybit,swap,COMP/USDT:USDT,COMP|gate:swap:COMP/USDT:USDT|bybit:swap:COMP/USDT:USDT,True,,576,-0.04047013424842631,1.0124846146606108,2.7328377419211605e-22,True,0.13586811643972094,-0.20904872629133875,0.0014008458246950184,0.22362595383491612,0.43264382129172274,0.9463033789468637,263.0,131.5,104.0,52.0,21.0,10.5,-4.454540263469297,-0.603402167845879,False,q95-q05=0.43% вне диапазона 4.00%–35.00% | std=0.136% < 0.600% | half-life=0.9 bars
CONL,gate,swap,CONL/USDT:USDT,bybit,swap,CONL/USDT:USDT,CONL|gate:swap:CONL/USDT:USDT|bybit:swap:CONL/USDT:USDT,True,,576,0.06161696912734575,0.9649246681692119,0.00026928092317516993,True,0.9599733919464649,-1.2958882656085136,0.12074984428813718,1.325562037664918,2.6212114898001957,6.271397850853582,58.0,29.0,36.0,18.0,8.0,4.0,4.241979682195692,4.156238201277662,False,q95-q05=2.62% вне диапазона 4.00%–35.00%
COOKIE,gate,swap,COOKIE/USDT:USDT,bybit,swap,COOKIE/USDT:USDT,COOKIE|gate:swap:COOKIE/USDT:USDT|bybit:swap:COOKIE/USDT:USDT,True,,576,0.021803286601110795,1.0049167958324987,3.0517803126761454e-12,True,0.1425144945999251,-0.2317793247938904,-0.0020297307813499366,0.22429875798717358,0.4560959326859182,0.7778358357702411,289.0,144.5,150.0,75.0,24.0,12.0,-1.1817066312378395,-0.16826859270541172,False,q95-q05=0.46% вне диапазона 4.00%–35.00% | std=0.143% < 0.600% | half-life=0.8 bars
CORE,gate,swap,CORE/USDT:USDT,bybit,swap,CORE/USDT:USDT,CORE|gate:swap:CORE/USDT:USDT|bybit:swap:CORE/USDT:USDT,True,,576,0.028141748488518827,1.0069143824733207,1.055503272785869e-09,True,0.13158618973330613,-0.21780673260710648,-0.005502072774465905,0.22181899743334288,0.4396176187592915,0.9274683064491483,238.0,119.0,132.0,66.0,32.0,16.0,-1.2221724327668972,-0.16069176592774514,False,q95-q05=0.44% вне диапазона 4.00%–35.00% | std=0.132% < 0.600% | half-life=0.9 bars
CORZ,gate,swap,CORZ/USDT:USDT,bybit,swap,CORZ/USDT:USDT,CORZ|gate:swap:CORZ/USDT:USDT|bybit:swap:CORZ/USDT:USDT,True,,576,0.4877383827303505,0.8253785860861486,0.1299134672224283,False,0.6805465799263648,-0.9806260366199693,-0.04657393161394685,1.1079163049430463,2.0872897103094923,8.166621845553543,38.0,19.0,31.0,15.5,4.0,2.0,3.4659220894779055,2.386759268969185,False,ADF p-value=0.1299 > 0.05 | q95-q05=2.09% вне диапазона 4.00%–35.00%
COST,gate,swap,COST/USDT:USDT,bybit,swap,COST/USDT:USDT,COST|gate:swap:COST/USDT:USDT|bybit:swap:COST/USDT:USDT,True,,576,1.1269634442146241,0.8348024429772009,0.004879858986733638,True,0.1640813213054125,-0.24190331328217685,-0.01139885437256849,0.23618969129890477,0.47810757392525716,3.653057458820034,44.0,22.0,34.0,17.0,10.0,5.0,0.1747335704873179,0.028674625506841522,False,q95-q05=0.48% вне диапазона 4.00%–35.00% | std=0.164% < 0.600%
COTI,gate,swap,COTI/USDT:USDT,bybit,swap,COTI/USDT:USDT,COTI|gate:swap:COTI/USDT:USDT|bybit:swap:COTI/USDT:USDT,True,,576,0.03657345017561368,1.0083985988712612,5.057007104677179e-06,True,0.11970793021603915,-0.18245472176103839,-0.004806713860427969,0.19768660413284067,0.38011283443228905,0.8336119485008744,210.0,105.0,125.0,62.5,29.0,14.5,-0.25534266125211064,-0.03056187038276148,False,q95-q05=0.38% вне диапазона 4.00%–35.00% | std=0.120% < 0.600% | half-life=0.8 bars
COW,gate,swap,COW/USDT:USDT,bybit,swap,COW/USDT:USDT,COW|gate:swap:COW/USDT:USDT|bybit:swap:COW/USDT:USDT,True,,576,-0.04804268254594684,0.9731294328011371,1.9286974169812127e-17,True,0.1805668509825955,-0.31034096461998173,5.164678509306242e-05,0.2557687114939755,0.566265700813473,1.1885822114607707,236.0,118.0,88.0,44.0,22.0,11.0,0.7541554530546809,0.13626823621084583,False,q95-q05=0.57% вне диапазона 4.00%–35.00% | std=0.181% < 0.600% | half-life=1.2 bars
CP,gate,swap,CP/USDT:USDT,bybit,swap,CP/USDT:USDT,CP|gate:swap:CP/USDT:USDT|bybit:swap:CP/USDT:USDT,True,,576,-0.05876361409394183,0.9861048628805518,1.0074444528596029e-29,True,0.15175290782400977,-0.22686579371350435,0.025349678233133055,0.25862004717411846,0.4854097250320155,1.0384943846064645,240.0,120.0,120.0,60.0,15.0,7.5,-1.3275054000256283,-0.2012500246350135,False,q95-q05=0.49% вне диапазона 4.00%–35.00% | std=0.152% < 0.600% | half-life=1.0 bars
CRCL,gate,swap,CRCL/USDT:USDT,bybit,swap,CRCL/USDT:USDT,CRCL|gate:swap:CRCL/USDT:USDT|bybit:swap:CRCL/USDT:USDT,True,,576,0.0802968245938201,0.981962430164961,0.03230208181864719,True,0.0511813705601036,-0.07715291947915093,-0.002582530152861473,0.08608722859035911,0.16323289244999373,2.8708695089365404,120.0,60.0,74.0,37.0,16.0,8.0,1.6706461671342234,0.08554252732291268,False,q95-q05=0.16% вне диапазона 4.00%–35.00% | std=0.051% < 0.600%
CRDO,gate,swap,CRDO/USDT:USDT,bybit,swap,CRDO/USDT:USDT,CRDO|gate:swap:CRDO/USDT:USDT|bybit:swap:CRDO/USDT:USDT,True,,576,-0.061737600801497816,1.0116243488742847,2.4650894752093085e-05,True,0.32146297271962593,-0.49860577325229194,0.0068484369999399775,0.4936097872173528,0.9922484875278581,1.7334735120818423,162.0,81.0,58.0,29.0,15.0,7.5,0.7484333536457088,0.24088326942641736,False,q95-q05=0.99% вне диапазона 4.00%–35.00% | std=0.321% < 0.600% | half-life=1.7 bars
CRM,gate,swap,CRM/USDT:USDT,bybit,swap,CRM/USDT:USDT,CRM|gate:swap:CRM/USDT:USDT|bybit:swap:CRM/USDT:USDT,True,,576,0.11659679408334299,0.9784463561672828,8.082453534276341e-09,True,0.30243049213146683,-0.5703704060027959,0.025939703500998945,0.35126997907501956,0.9226576967941158,2.713990505039871,64.0,32.0,34.0,17.0,9.0,4.5,0.35818638174133643,0.10838517803162251,False,q95-q05=0.92% вне диапазона 4.00%–35.00% | std=0.302% < 0.600%
CRO,gate,swap,CRO/USDT:USDT,bybit,swap,CRO/USDT:USDT,CRO|gate:swap:CRO/USDT:USDT|bybit:swap:CRO/USDT:USDT,True,,576,0.011907356993918173,1.004956481316668,4.856492412153023e-16,True,0.12674740330841847,-0.20065552459930247,0.004171621294513095,0.20301762546857116,0.4036689306838648,0.742626399423485,268.0,134.0,140.0,70.0,22.0,11.0,-0.3169289192246382,-0.040161850513886765,False,q95-q05=0.40% вне диапазона 4.00%–35.00% | std=0.127% < 0.600% | half-life=0.7 bars
CROSS,gate,swap,CROSS/USDT:USDT,bybit,swap,CROSS/USDT:USDT,CROSS|gate:swap:CROSS/USDT:USDT|bybit:swap:CROSS/USDT:USDT,True,,576,-0.06506830484619922,0.9677446701025169,6.347637230489961e-20,True,0.287002530117514,-0.497111746174439,-0.005730398148529048,0.48902635972198905,0.9861859667000705,1.3104574621301928,194.0,97.0,88.0,44.0,27.0,13.5,1.7322260429556064,0.4983911143680908,False,q95-q05=0.99% вне диапазона 4.00%–35.00% | std=0.287% < 0.600% | half-life=1.3 bars
CRV,gate,swap,CRV/USDT:USDT,bybit,swap,CRV/USDT:USDT,CRV|gate:swap:CRV/USDT:USDT|bybit:swap:CRV/USDT:USDT,True,,576,-7.771809138889732e-05,0.9992426399782974,0.0,True,0.0674348785795155,-0.09276483098199506,-0.012124226409626626,0.11817711498163241,0.21091522497397597,0.7436567288467965,255.0,127.5,107.0,53.5,30.0,15.0,0.1990780177903713,0.013425703124458899,False,q95-q05=0.21% вне диапазона 4.00%–35.00% | std=0.067% < 0.600% | half-life=0.7 bars
CRWV,gate,swap,CRWV/USDT:USDT,bybit,swap,CRWV/USDT:USDT,CRWV|gate:swap:CRWV/USDT:USDT|bybit:swap:CRWV/USDT:USDT,True,,576,0.0014781992255805648,0.9997205392886841,3.156315332221526e-10,True,0.07020702001731526,-0.10464989131900859,-7.046669106003378e-05,0.11372891944989583,0.21836898465643628,0.8626550547612659,244.0,122.0,102.0,51.0,28.0,14.0,-2.065109502885549,-0.14488013146513046,False,q95-q05=0.22% вне диапазона 4.00%–35.00% | std=0.070% < 0.600% | half-life=0.9 bars
CSCO,gate,swap,CSCO/USDT:USDT,bybit,swap,CSCO/USDT:USDT,CSCO|gate:swap:CSCO/USDT:USDT|bybit:swap:CSCO/USDT:USDT,True,,576,-0.012566195435342662,1.0025265019323337,4.31141148178846e-11,True,0.24328432060754854,-0.4537722973948055,0.02550002165198073,0.34757817085544485,0.8017804830502406,4.135500228977874,63.0,31.5,41.0,20.5,8.0,4.0,0.789278322499128,0.1922035150746959,False,q95-q05=0.80% вне диапазона 4.00%–35.00% | std=0.243% < 0.600%
CSOPSAMSUNG2L,gate,swap,CSOPSAMSUNG2L/USDT:USDT,bybit,swap,CSOPSAMSUNG2L/USDT:USDT,CSOPSAMSUNG2L|gate:swap:CSOPSAMSUNG2L/USDT:USDT|bybit:swap:CSOPSAMSUNG2L/USDT:USDT,True,,576,-0.03163911096427153,1.0130780511645001,1.2686951654185219e-12,True,0.633301147040695,-1.17025067013512,0.04169395515498664,0.8931890511180152,2.0663757102208358,3.3750837785564003,87.0,43.5,43.0,21.5,11.0,5.5,-0.08633986426771617,-0.054664188761188726,False,q95-q05=2.07% вне диапазона 4.00%–35.00%
CSOPSKHYNIX2L,gate,swap,CSOPSKHYNIX2L/USDT:USDT,bybit,swap,CSOPSKHYNIX2L/USDT:USDT,CSOPSKHYNIX2L|gate:swap:CSOPSKHYNIX2L/USDT:USDT|bybit:swap:CSOPSKHYNIX2L/USDT:USDT,True,,576,-0.023689768239245797,1.013447141565579,1.752988823320771e-19,True,0.4081456644530459,-0.7187724543348151,0.01315513608726171,0.6610362974236672,1.3802291021451918,2.041436073989068,115.0,57.5,64.0,32.0,16.0,8.0,0.19128927432814996,0.07810437356676747,False,q95-q05=1.38% вне диапазона 4.00%–35.00% | std=0.408% < 0.600%
CT,gate,swap,CT/USDT:USDT,bybit,swap,CT/USDT:USDT,CT|gate:swap:CT/USDT:USDT|bybit:swap:CT/USDT:USDT,False,Недостаточно синхронных свечей: 358 < 400,358,,,,,,,,,,,,,,,,,,,,
CTR,gate,swap,CTR/USDT:USDT,bybit,swap,CTR/USDT:USDT,CTR|gate:swap:CTR/USDT:USDT|bybit:swap:CTR/USDT:USDT,True,,576,-0.21565666480137066,0.9505840073994795,1.102319356521901e-06,True,0.3800885570253736,-0.6874790256841568,0.025253017496873476,0.5194348632209689,1.207943503484965,2.7512961334231787,129.0,64.5,51.0,25.5,12.0,6.0,0.4272582227214275,0.16252789500121878,False,q95-q05=1.21% вне диапазона 4.00%–35.00% | std=0.380% < 0.600%
CVC,gate,swap,CVC/USDT:USDT,bybit,swap,CVC/USDT:USDT,CVC|gate:swap:CVC/USDT:USDT|bybit:swap:CVC/USDT:USDT,True,,576,-0.04376994675634126,0.987182366716149,2.7248627118727932e-14,True,0.14193245999874407,-0.2016244728035188,0.00012702611029702382,0.2181021766732849,0.4196926877131024,0.9627333852982426,207.0,103.5,107.0,53.5,19.0,9.5,1.0110954102813925,0.14361027981628638,False,q95-q05=0.42% вне диапазона 4.00%–35.00% | std=0.142% < 0.600% | half-life=1.0 bars
CVNA,gate,swap,CVNA/USDT:USDT,bybit,swap,CVNA/USDT:USDT,CVNA|gate:swap:CVNA/USDT:USDT|bybit:swap:CVNA/USDT:USDT,True,,576,1.0987707744022763,0.7332668744827185,0.07951202151580022,False,1.7176848522351573,-3.6411690512980432,0.3468975932621188,1.881848131706687,5.573474467568373,22.209129667080564,32.0,16.0,5.0,2.5,3.0,1.5,0.33770232912930365,0.581751816851761,False,ADF p-value=0.0795 > 0.05
CVX,gate,swap,CVX/USDT:USDT,bybit,swap,CVX/USDT:USDT,CVX|gate:swap:CVX/USDT:USDT|bybit:swap:CVX/USDT:USDT,True,,576,-0.0021514164605859042,1.0009830325913605,0.0,True,0.15389394141243937,-0.2600885019742871,0.00326558378358488,0.2540624054672591,0.5141675322666989,0.8649239286738506,258.0,129.0,139.0,69.5,27.0,13.5,1.68559046591212,0.2597388989166616,False,q95-q05=0.51% вне диапазона 4.00%–35.00% | std=0.154% < 0.600% | half-life=0.9 bars
CXMT,gate,swap,CXMT/USDT:USDT,bybit,swap,CXMT/USDT:USDT,CXMT|gate:swap:CXMT/USDT:USDT|bybit:swap:CXMT/USDT:USDT,True,,576,0.09774941558259091,0.953948359500293,0.0018993288600592845,True,0.04438789805010691,-0.07651918394320223,0.0017260174703936926,0.06829171387576771,0.14481688050973496,1.7414693494243052,158.0,79.0,100.0,50.0,18.0,9.0,-0.028538593400343377,-0.0012667601508864479,False,q95-q05=0.14% вне диапазона 4.00%–35.00% | std=0.044% < 0.600% | half-life=1.7 bars
CYBER,gate,swap,CYBER/USDT:USDT,bybit,swap,CYBER/USDT:USDT,CYBER|gate:swap:CYBER/USDT:USDT|bybit:swap:CYBER/USDT:USDT,True,,576,-0.004536172387441067,0.9953166902318605,7.830819101336417e-20,True,0.12257205258711737,-0.20322187661772073,0.001748807709778255,0.2020137838653735,0.405238662871904,0.854537787004467,269.0,134.5,106.0,53.0,27.0,13.5,-0.3967743204370029,-0.04862161872790649,False,q95-q05=0.41% вне диапазона 4.00%–35.00% | std=0.123% < 0.600% | half-life=0.9 bars
CYPH,gate,swap,CYPH/USDT:USDT,bybit,swap,CYPH/USDT:USDT,CYPH|gate:swap:CYPH/USDT:USDT|bybit:swap:CYPH/USDT:USDT,True,,576,-0.004560987311376878,1.0037782759529914,0.0003600348166489105,True,0.6348563510551178,-1.0957649090373445,0.03351540482328108,0.913175091650853,2.0108434907267103,1.4512000178754625,166.0,83.0,86.0,43.0,16.0,8.0,0.12028973765253426,0.07639587070686904,False,q95-q05=2.01% вне диапазона 4.00%–35.00% | half-life=1.5 bars
CYS,gate,swap,CYS/USDT:USDT,bybit,swap,CYS/USDT:USDT,CYS|gate:swap:CYS/USDT:USDT|bybit:swap:CYS/USDT:USDT,True,,576,-0.0010749985083012132,0.999307367788278,7.163157494709409e-25,True,0.13170170605193032,-0.2029365880514722,-0.0170882814630402,0.22630021957796842,0.42918732964090656,0.8205894253157191,249.0,124.5,121.0,60.5,31.0,15.5,0.7724701224877654,0.10178740125494912,False,q95-q05=0.43% вне диапазона 4.00%–35.00% | std=0.132% < 0.600% | half-life=0.8 bars
DASH,gate,swap,DASH/USDT:USDT,bybit,swap,DASH/USDT:USDT,DASH|gate:swap:DASH/USDT:USDT|bybit:swap:DASH/USDT:USDT,True,,576,0.01595579647962228,0.9960851270921733,0.0,True,0.07061980499950594,-0.11949251328484678,-0.0014046510804610612,0.11746634775320342,0.2369613725312414,0.7655405019558361,270.0,135.0,110.0,55.0,31.0,15.5,-1.34355522823178,-0.09483660985852849,False,q95-q05=0.24% вне диапазона 4.00%–35.00% | std=0.071% < 0.600% | half-life=0.8 bars
DATA,gate,swap,DATA/USDT:USDT,bybit,swap,DATA/USDT:USDT,DATA|gate:swap:DATA/USDT:USDT|bybit:swap:DATA/USDT:USDT,True,,576,-0.09918271464841445,0.9362126769508872,7.202542638562371e-17,True,0.16370432923830763,-0.24305029135723855,-0.004406913240784238,0.25731754267988016,0.5003331859628757,1.174341690210751,200.0,100.0,104.0,52.0,17.0,8.5,0.9948262517849902,0.1629900488817393,False,q95-q05=0.50% вне диапазона 4.00%–35.00% | std=0.164% < 0.600% | half-life=1.2 bars
DDOG,gate,swap,DDOG/USDT:USDT,bybit,swap,DDOG/USDT:USDT,DDOG|gate:swap:DDOG/USDT:USDT|bybit:swap:DDOG/USDT:USDT,True,,576,-0.04243781726035492,1.0075713073421215,1.9780368199236303e-06,True,0.2519965061843685,-0.40806585254704597,0.00016032417304856494,0.4630706073758706,0.8709024471364124,2.6924791133321855,118.0,59.0,45.0,22.5,7.0,3.5,-0.11660418256770616,-0.029379529984174813,False,q95-q05=0.87% вне диапазона 4.00%–35.00% | std=0.252% < 0.600%
DEEP,gate,swap,DEEP/USDT:USDT,bybit,swap,DEEP/USDT:USDT,DEEP|gate:swap:DEEP/USDT:USDT|bybit:swap:DEEP/USDT:USDT,True,,576,0.006159844024759278,1.0016200265898372,1.183990482217443e-08,True,0.1524625477275703,-0.26412292183728425,-0.004691749670060474,0.2521525511824718,0.5163075218591162,0.8136813460878622,246.0,123.0,122.0,61.0,34.0,17.0,0.22369416885459012,0.03411079930590866,False,q95-q05=0.52% вне диапазона 4.00%–35.00% | std=0.152% < 0.600% | half-life=0.8 bars
DELL,gate,swap,DELL/USDT:USDT,bybit,swap,DELL/USDT:USDT,DELL|gate:swap:DELL/USDT:USDT|bybit:swap:DELL/USDT:USDT,True,,576,0.07241577929218303,0.9884854293120863,1.9492115519002098e-10,True,0.05154915253702063,-0.0861041232019244,0.0026481638624176185,0.0750113386214668,0.16112443327263026,0.7698199783790708,264.0,132.0,129.0,64.5,24.0,12.0,0.17896328258510824,0.009225831105985627,False,q95-q05=0.16% вне диапазона 4.00%–35.00% | std=0.052% < 0.600% | half-life=0.8 bars
DEXE,gate,swap,DEXE/USDT:USDT,bybit,swap,DEXE/USDT:USDT,DEXE|gate:swap:DEXE/USDT:USDT|bybit:swap:DEXE/USDT:USDT,True,,576,0.0010977430791789542,0.9972089048206684,0.041754516513032865,True,0.07910305088210492,-0.1183039375695083,0.008041561700222744,0.12017949604561373,0.23848131021480257,1.3097103128822707,170.0,85.0,109.0,54.5,24.0,12.0,-0.21882709816411328,-0.017308393005288636,False,q95-q05=0.24% вне диапазона 4.00%–35.00% | std=0.079% < 0.600% | half-life=1.3 bars
DGAI,gate,swap,DGAI/USDT:USDT,bybit,swap,DGAI/USDT:USDT,DGAI|gate:swap:DGAI/USDT:USDT|bybit:swap:DGAI/USDT:USDT,True,,576,-0.0014529214865913326,0.9685230497541083,0.016838307133545328,True,0.10404761295941199,-0.16015786266090348,-0.002479436960223236,0.17220662517258845,0.33234477203953444,1.1825560703465754,172.0,86.0,103.0,51.5,27.0,13.5,-0.8016732801692221,-0.0833774128772169,False,q95-q05=0.33% вне диапазона 4.00%–35.00% | std=0.104% < 0.600% | half-life=1.2 bars
DIA,gate,swap,DIA/USDT:USDT,bybit,swap,DIA/USDT:USDT,DIA|gate:swap:DIA/USDT:USDT|bybit:swap:DIA/USDT:USDT,True,,576,-0.0029640257981719898,0.9987651771812713,4.921642322593994e-24,True,0.1649344848731189,-0.2746044371295775,-0.0012895361752862655,0.2753385306973444,0.5499423353044541,1.0691390575919548,215.0,107.5,115.0,57.5,26.0,13.0,0.806680339554432,0.1331379562515611,False,q95-q05=0.55% вне диапазона 4.00%–35.00% | std=0.165% < 0.600% | half-life=1.1 bars
DJT,gate,swap,DJT/USDT:USDT,bybit,swap,DJT/USDT:USDT,DJT|gate:swap:DJT/USDT:USDT|bybit:swap:DJT/USDT:USDT,True,,576,0.004285078656030206,0.9981010601031337,0.00012905349139308325,True,0.33399266967819874,-0.3974199087826813,-0.031355010669342764,0.5303162291621089,0.9271267246886872,3.943397990946678,69.0,34.5,22.0,11.0,9.0,4.5,-0.19120502269114364,-0.06384068913924956,False,q95-q05=0.93% вне диапазона 4.00%–35.00% | std=0.334% < 0.600%
DKNG,gate,swap,DKNG/USDT:USDT,bybit,swap,DKNG/USDT:USDT,DKNG|gate:swap:DKNG/USDT:USDT|bybit:swap:DKNG/USDT:USDT,True,,576,0.2519004904231108,0.9142171237830239,0.03381348809815205,True,0.31699339292365636,-0.4233981453261926,0.006715628654774264,0.4911075153906985,0.9142025295959089,2.9481135203026256,76.0,38.0,57.0,28.5,8.0,4.0,-1.164257264694232,-0.3683816643258564,False,q95-q05=0.91% вне диапазона 4.00%–35.00% | std=0.317% < 0.600%
DOGE,gate,swap,DOGE/USDT:USDT,bybit,swap,DOGE/USDT:USDT,DOGE|gate:swap:DOGE/USDT:USDT|bybit:swap:DOGE/USDT:USDT,True,,576,-0.020193631238074567,0.9914242644157695,0.00041986236769001137,True,0.015424686654137341,-0.02592604504821905,0.0001974627235057369,0.02655893141121357,0.05248481157964502,0.980110475223663,215.0,107.5,132.0,66.0,22.0,11.0,-0.48072548790584435,-0.0074147651101696965,False,q95-q05=0.05% вне диапазона 4.00%–35.00% | std=0.015% < 0.600% | half-life=1.0 bars
DOLO,gate,swap,DOLO/USDT:USDT,bybit,swap,DOLO/USDT:USDT,DOLO|gate:swap:DOLO/USDT:USDT|bybit:swap:DOLO/USDT:USDT,True,,576,-0.024394030998737656,0.9931240394656377,7.149380666149448e-21,True,0.1480103934384329,-0.24935191486175068,0.0007123610755277454,0.2532804611857564,0.5026235613160179,1.3076882951210194,175.0,87.5,98.0,49.0,22.0,11.0,-1.782399374484966,-0.26346595032993303,False,q95-q05=0.50% вне диапазона 4.00%–35.00% | std=0.148% < 0.600% | half-life=1.3 bars
DOOD,gate,swap,DOOD/USDT:USDT,bybit,swap,DOOD/USDT:USDT,DOOD|gate:swap:DOOD/USDT:USDT|bybit:swap:DOOD/USDT:USDT,True,,576,-0.40688923121089754,0.9353917354365424,5.3062449378202155e-15,True,0.39467628010451483,-0.6194552584356194,-0.03260602623955666,0.7506645289010017,1.369242906591972,2.778765267640935,123.0,61.5,52.0,26.0,16.0,8.0,-0.20018923657381082,-0.07897873857096727,False,q95-q05=1.37% вне диапазона 4.00%–35.00% | std=0.395% < 0.600%
DOS,gate,swap,DOS/USDT:USDT,bybit,swap,DOS/USDT:USDT,DOS|gate:swap:DOS/USDT:USDT|bybit:swap:DOS/USDT:USDT,True,,576,-0.10533276252318251,0.931605816214201,1.2272919095012029e-14,True,0.2212068663539515,-0.3795103456036397,-0.012610137448865189,0.38036694451575315,0.7598776919294059,1.7406088753475009,202.0,101.0,54.0,27.0,23.0,11.5,0.46946153176194366,0.10390205513957085,False,q95-q05=0.76% вне диапазона 4.00%–35.00% | std=0.221% < 0.600% | half-life=1.7 bars
DOT,gate,swap,DOT/USDT:USDT,bybit,swap,DOT/USDT:USDT,DOT|gate:swap:DOT/USDT:USDT|bybit:swap:DOT/USDT:USDT,True,,576,5.297266095645871e-05,1.0006923296706072,4.407726550370397e-06,True,0.05322222998914275,-0.08456148503511729,0.0007192029994884663,0.0819862216275391,0.16654988971055648,0.790162601635168,268.0,134.0,154.0,77.0,14.0,7.0,0.5906215246415685,0.03143913568168788,False,q95-q05=0.17% вне диапазона 4.00%–35.00% | std=0.053% < 0.600% | half-life=0.8 bars
DRAM,gate,swap,DRAM/USDT:USDT,bybit,swap,DRAM/USDT:USDT,DRAM|gate:swap:DRAM/USDT:USDT|bybit:swap:DRAM/USDT:USDT,True,,576,0.06426047226631097,0.9843956592482241,0.004398146867911556,True,0.02866731815642192,-0.0463884986754981,-0.0005997723105832797,0.04673849936811525,0.09312684180178277,0.9959983823641563,220.0,110.0,111.0,55.5,30.0,15.0,0.6523665026734737,0.018703346944559662,False,q95-q05=0.09% вне диапазона 4.00%–35.00% | std=0.029% < 0.600% | half-life=1.0 bars
DRIFT,gate,swap,DRIFT/USDT:USDT,bybit,swap,DRIFT/USDT:USDT,DRIFT|gate:swap:DRIFT/USDT:USDT|bybit:swap:DRIFT/USDT:USDT,True,,576,-0.027695893714639062,0.9935397424731265,2.658136429126049e-30,True,0.20791771604132006,-0.3689494144165306,0.00840363518403997,0.30663675777542476,0.6757992976327509,0.9566407179485957,220.0,110.0,115.0,57.5,25.0,12.5,-0.27502626355000553,-0.05716648630290644,False,q95-q05=0.68% вне диапазона 4.00%–35.00% | std=0.208% < 0.600% | half-life=1.0 bars
DUSK,gate,swap,DUSK/USDT:USDT,bybit,swap,DUSK/USDT:USDT,DUSK|gate:swap:DUSK/USDT:USDT|bybit:swap:DUSK/USDT:USDT,True,,576,0.027613494528337966,1.0118651073603147,1.3707918679651065e-13,True,0.5669551514494631,-0.9616373432396186,0.046578959397147734,0.8544258050377174,1.8170871806264088,2.177551210067806,166.0,83.0,72.0,36.0,15.0,7.5,1.6439715870477982,0.936415348839037,False,q95-q05=1.82% вне диапазона 4.00%–35.00% | std=0.567% < 0.600%
DYDX,gate,swap,DYDX/USDT:USDT,bybit,swap,DYDX/USDT:USDT,DYDX|gate:swap:DYDX/USDT:USDT|bybit:swap:DYDX/USDT:USDT,True,,576,0.03002451578903235,1.0154255512529033,0.0,True,0.1301853484232173,-0.2217702116597553,-0.004202631987326733,0.21140397968142377,0.43319732187258597,0.7945195111283107,264.0,132.0,110.0,55.0,34.0,17.0,0.145428873240298,0.018934500884104644,False,q95-q05=0.43% вне диапазона 4.00%–35.00% | std=0.130% < 0.600% | half-life=0.8 bars
DYM,gate,swap,DYM/USDT:USDT,bybit,swap,DYM/USDT:USDT,DYM|gate:swap:DYM/USDT:USDT|bybit:swap:DYM/USDT:USDT,True,,576,0.030629340690752075,1.0075923361116126,8.720236586324738e-22,True,0.21132936593695645,-0.3425194108551133,0.022341408408776964,0.3299736961788202,0.6725378291491668,0.957356699050492,237.0,118.5,107.0,53.5,21.0,10.5,-1.1175936501206483,-0.23590167109280857,False,q95-q05=0.67% вне диапазона 4.00%–35.00% | std=0.211% < 0.600% | half-life=1.0 bars
EBAY,gate,swap,EBAY/USDT:USDT,bybit,swap,EBAY/USDT:USDT,EBAY|gate:swap:EBAY/USDT:USDT|bybit:swap:EBAY/USDT:USDT,True,,576,2.2889785664740607,0.5094975719371991,5.904663231043495e-05,True,0.35376268398054145,-0.8175077622671334,0.02971454062874468,0.42060768945093585,1.2405932890817262,9.145228365633768,22.0,11.0,15.0,7.5,4.0,2.0,0.7716319027321376,0.27334748778746754,False,q95-q05=1.24% вне диапазона 4.00%–35.00% | std=0.354% < 0.600%
EDEN,gate,swap,EDEN/USDT:USDT,bybit,swap,EDEN/USDT:USDT,EDEN|gate:swap:EDEN/USDT:USDT|bybit:swap:EDEN/USDT:USDT,True,,576,-0.03220536022119493,0.9887616432049893,1.8947267325678782e-13,True,0.22571681021517803,-0.32420676380277014,-0.01023068886475409,0.3366034954389585,0.6607717065463814,1.2476412438299567,204.0,102.0,85.0,42.5,21.0,10.5,0.16262657262952307,0.03671428927611853,False,q95-q05=0.66% вне диапазона 4.00%–35.00% | std=0.226% < 0.600% | half-life=1.2 bars
EDGE,gate,swap,EDGE/USDT:USDT,bybit,swap,EDGE/USDT:USDT,EDGE|gate:swap:EDGE/USDT:USDT|bybit:swap:EDGE/USDT:USDT,True,,576,-1.4214012458954097,1.1841938423737006,0.007436356164500015,True,1.7206072686330527,-2.7552677705945494,-0.06476367430225949,3.0734601223407543,5.821112536646112,17.55485556923712,47.0,23.5,23.0,11.5,6.0,3.0,-1.4694873866212532,-2.496714077782669,True,
EDU,gate,swap,EDU/USDT:USDT,bybit,swap,EDU/USDT:USDT,EDU|gate:swap:EDU/USDT:USDT|bybit:swap:EDU/USDT:USDT,True,,576,-0.09884077377826844,0.9669945473034574,1.5368592738850397e-12,True,0.15823178683739395,-0.2515459618897986,0.004300904189813437,0.2800505356651328,0.5315219950507322,1.1032960468693493,218.0,109.0,115.0,57.5,23.0,11.5,0.11117675483682982,0.017593244002189756,False,q95-q05=0.53% вне диапазона 4.00%–35.00% | std=0.158% < 0.600% | half-life=1.1 bars
EGLD,gate,swap,EGLD/USDT:USDT,bybit,swap,EGLD/USDT:USDT,EGLD|gate:swap:EGLD/USDT:USDT|bybit:swap:EGLD/USDT:USDT,True,,576,-0.008382312744524865,1.0079328891648422,3.1956979661984554e-05,True,0.14039577587575885,-0.21512531548290026,0.005509023205085839,0.22142698144016482,0.43653923556935537,1.0372547715810714,218.0,109.0,110.0,55.0,24.0,12.0,0.660182105725063,0.09272974642151599,False,q95-q05=0.44% вне диапазона 4.00%–35.00% | std=0.140% < 0.600% | half-life=1.0 bars
EIGEN,gate,swap,EIGEN/USDT:USDT,bybit,swap,EIGEN/USDT:USDT,EIGEN|gate:swap:EIGEN/USDT:USDT|bybit:swap:EIGEN/USDT:USDT,True,,576,-0.007075309743259994,0.9951226571896641,9.202487458518023e-21,True,0.11190692184505562,-0.17950059856405298,-0.009464991423313585,0.18913613018922693,0.36861938695482155,0.7331201025555746,257.0,128.5,113.0,56.5,40.0,20.0,0.12030282210914658,0.013463624776166583,False,q95-q05=0.37% вне диапазона 4.00%–35.00% | std=0.112% < 0.600% | half-life=0.7 bars
ELSA,gate,swap,ELSA/USDT:USDT,bybit,swap,ELSA/USDT:USDT,ELSA|gate:swap:ELSA/USDT:USDT|bybit:swap:ELSA/USDT:USDT,True,,576,-0.030199714159596637,0.9885258717914588,2.131189068740437e-08,True,0.14547078093273969,-0.24730984514514942,-0.00018183361649715124,0.24067202646076424,0.48799903626360885,1.138545025897779,199.0,99.5,93.0,46.5,26.0,13.0,-1.7120252017561046,-0.24873977175009498,False,q95-q05=0.49% вне диапазона 4.00%–35.00% | std=0.145% < 0.600% | half-life=1.1 bars
ENA,gate,swap,ENA/USDT:USDT,bybit,swap,ENA/USDT:USDT,ENA|gate:swap:ENA/USDT:USDT|bybit:swap:ENA/USDT:USDT,True,,576,-0.006336217248971494,0.9954439854926775,0.0012186786990991314,True,0.02746069706288594,-0.04194302983243636,-0.000343571087302319,0.04438428883408729,0.08632627030369933,1.1032792196135128,208.0,104.0,137.0,68.5,21.0,10.5,-0.1666225748133017,-0.004575467373035824,False,q95-q05=0.09% вне диапазона 4.00%–35.00% | std=0.027% < 0.600% | half-life=1.1 bars
ENJ,gate,swap,ENJ/USDT:USDT,bybit,swap,ENJ/USDT:USDT,ENJ|gate:swap:ENJ/USDT:USDT|bybit:swap:ENJ/USDT:USDT,True,,576,0.004142049114079197,1.0009426475242529,1.130278408166983e-27,True,0.24681229525550186,-0.3956013419210813,0.0026488388889633896,0.3935965685114562,0.789209917644651,1.2303673698030133,187.0,93.5,95.0,47.5,25.0,12.5,-0.25275802346834647,-0.06236433327704294,False,q95-q05=0.79% вне диапазона 4.00%–35.00% | std=0.247% < 0.600% | half-life=1.2 bars
ENS,gate,swap,ENS/USDT:USDT,bybit,swap,ENS/USDT:USDT,ENS|gate:swap:ENS/USDT:USDT|bybit:swap:ENS/USDT:USDT,True,,576,0.01445445531594076,0.9926786092809963,0.0001175423502139387,True,0.11850651657371895,-0.2027216306794699,0.010608118735522254,0.16743727470371894,0.37022464387626575,0.9197618460899011,248.0,124.0,103.0,51.5,25.0,12.5,-1.5375656945313643,-0.18204564999031447,False,q95-q05=0.37% вне диапазона 4.00%–35.00% | std=0.119% < 0.600% | half-life=0.9 bars
ENSO,gate,swap,ENSO/USDT:USDT,bybit,swap,ENSO/USDT:USDT,ENSO|gate:swap:ENSO/USDT:USDT|bybit:swap:ENSO/USDT:USDT,True,,576,0.0008115266099132315,0.9884702777719593,4.884119987109551e-21,True,0.2812082168994187,-0.43897374252120924,0.010523988647159754,0.40218906167586166,0.8413225047140778,1.8538790324132848,189.0,94.5,60.0,30.0,14.0,7.0,-0.25018243751343444,-0.07032861498104115,False,q95-q05=0.84% вне диапазона 4.00%–35.00% | std=0.281% < 0.600% | half-life=1.9 bars
EPIC,gate,swap,EPIC/USDT:USDT,bybit,swap,EPIC/USDT:USDT,EPIC|gate:swap:EPIC/USDT:USDT|bybit:swap:EPIC/USDT:USDT,True,,576,0.0046869200566063505,1.0109369805537756,0.01807327936175128,True,0.09019421208410042,-0.14757803770413247,-9.070314049841599e-05,0.14866414228260627,0.2962407878926543,0.9010486438371106,244.0,122.0,137.0,68.5,28.0,14.0,0.4062896989895561,0.0366516943710149,False,q95-q05=0.30% вне диапазона 4.00%–35.00% | std=0.090% < 0.600% | half-life=0.9 bars
ERA,gate,swap,ERA/USDT:USDT,bybit,swap,ERA/USDT:USDT,ERA|gate:swap:ERA/USDT:USDT|bybit:swap:ERA/USDT:USDT,True,,576,0.01020828670654516,1.0038378541150523,1.867080451386075e-05,True,0.08738137089415692,-0.1306896495488541,-0.004662731576421386,0.149933443444783,0.280596278430989,0.976612794085018,231.0,115.5,128.0,64.0,26.0,13.0,-0.059279750783302054,-0.005179811732891615,False,q95-q05=0.28% вне диапазона 4.00%–35.00% | std=0.087% < 0.600% | half-life=1.0 bars
ESP,gate,swap,ESP/USDT:USDT,bybit,swap,ESP/USDT:USDT,ESP|gate:swap:ESP/USDT:USDT|bybit:swap:ESP/USDT:USDT,True,,576,-0.00398752351596022,0.9984803093554451,0.004546761628311879,True,0.07699914776012251,-0.12238105815690625,-0.0019028902408013693,0.13309285242240065,0.2554603673200262,1.1341318770809803,207.0,103.5,114.0,57.0,26.0,13.0,-0.8415406194147702,-0.06477692118816991,False,q95-q05=0.26% вне диапазона 4.00%–35.00% | std=0.077% < 0.600% | half-life=1.1 bars
ESPORTS,gate,swap,ESPORTS/USDT:USDT,bybit,swap,ESPORTS/USDT:USDT,ESPORTS|gate:swap:ESPORTS/USDT:USDT|bybit:swap:ESPORTS/USDT:USDT,True,,576,0.08766080402733374,1.0194674815187383,0.2681832263036693,False,0.11636330535847773,-0.18510265644918755,-0.005889385253288193,0.1861531294530927,0.37125426235664616,1.1424525824189382,212.0,106.0,125.0,62.5,19.0,9.5,-1.2638801547432585,-0.14696117852583956,False,ADF p-value=0.2682 > 0.05 | q95-q05=0.37% вне диапазона 4.00%–35.00% | std=0.116% < 0.600% | half-life=1.1 bars
ETC,gate,swap,ETC/USDT:USDT,bybit,swap,ETC/USDT:USDT,ETC|gate:swap:ETC/USDT:USDT|bybit:swap:ETC/USDT:USDT,True,,576,0.023863988414909585,0.9892099961005353,0.007693450682558931,True,0.029314684362518207,-0.04971163261060507,0.0008733310323583154,0.047253411673287005,0.0969662437037333,0.9714101648644339,235.0,117.5,120.0,60.0,26.0,13.0,1.7031170837762395,0.04993880501462655,False,q95-q05=0.10% вне диапазона 4.00%–35.00% | std=0.029% < 0.600% | half-life=1.0 bars
ETH,gate,swap,ETH/USDT:USDT,bybit,swap,ETH/USDT:USDT,ETH|gate:swap:ETH/USDT:USDT|bybit:swap:ETH/USDT:USDT,True,,576,0.0431053305948874,0.9945384230637324,3.815760039407293e-05,True,0.01059625518060344,-0.015047055498040862,-0.0013849725747805408,0.019729352854747084,0.03477559455489221,2.167495412590912,144.0,72.0,84.0,42.0,20.0,10.0,1.878693535279299,0.01990909770379634,False,q95-q05=0.03% вне диапазона 4.00%–35.00% | std=0.011% < 0.600%
ETHFI,gate,swap,ETHFI/USDT:USDT,bybit,swap,ETHFI/USDT:USDT,ETHFI|gate:swap:ETHFI/USDT:USDT|bybit:swap:ETHFI/USDT:USDT,True,,576,-0.0019378736020916143,0.9925564015262245,0.0008116920712525605,True,0.04353535690099816,-0.07194443772251535,-0.0022203286900612795,0.07439456787581289,0.14633723898682116,0.9506976916762155,221.0,110.5,133.0,66.5,25.0,12.5,-0.6278025038851025,-0.02732787132677661,False,q95-q05=0.15% вне диапазона 4.00%–35.00% | std=0.044% < 0.600% | half-life=1.0 bars
EUL,gate,swap,EUL/USDT:USDT,bybit,swap,EUL/USDT:USDT,EUL|gate:swap:EUL/USDT:USDT|bybit:swap:EUL/USDT:USDT,True,,576,0.005882437997226344,0.9847581591935051,2.6520831944150427e-10,True,0.0909370169706748,-0.13685941942929158,-0.0036340590007788443,0.1529626595264899,0.2897989482809657,0.9652334316979672,222.0,111.0,136.0,68.0,19.0,9.5,0.5649054074261413,0.05138400968358603,False,q95-q05=0.29% вне диапазона 4.00%–35.00% | std=0.091% < 0.600% | half-life=1.0 bars
EURUSD,gate,swap,EURUSD/USDT:USDT,bybit,swap,EURUSD/USDT:USDT,EURUSD|gate:swap:EURUSD/USDT:USDT|bybit:swap:EURUSD/USDT:USDT,True,,576,0.010692546323832354,0.9139635198945439,0.00600099486826663,True,0.08530623954043265,-0.13723847327509198,-0.00600325790410805,0.13938559659671945,0.27662127656423174,5.354127894484362,48.0,24.0,30.0,15.0,7.0,3.5,1.8834533754774658,0.16079946873412965,False,q95-q05=0.28% вне диапазона 4.00%–35.00% | std=0.085% < 0.600%
EVAA,gate,swap,EVAA/USDT:USDT,bybit,swap,EVAA/USDT:USDT,EVAA|gate:swap:EVAA/USDT:USDT|bybit:swap:EVAA/USDT:USDT,True,,576,-0.01464073122651763,0.9651993139176827,9.850952223895238e-06,True,0.10024614915212071,-0.16486367139851854,-0.004489300478316416,0.1573572515975119,0.32223329590113925,0.8643991689743746,245.0,122.5,142.0,71.0,23.0,11.5,1.7169716961082937,0.17226801188847674,False,q95-q05=0.32% вне диапазона 4.00%–35.00% | std=0.100% < 0.600% | half-life=0.9 bars
EWJ,gate,swap,EWJ/USDT:USDT,bybit,swap,EWJ/USDT:USDT,EWJ|gate:swap:EWJ/USDT:USDT|bybit:swap:EWJ/USDT:USDT,True,,576,-0.06579311616523792,1.0142851792441516,2.3295910123079044e-23,True,0.06770710970711614,-0.10102298999530301,-0.003068109913251238,0.11539554759676385,0.21640307072192666,0.993129531383016,222.0,111.0,105.0,52.5,24.0,12.0,3.4556517859894385,0.23424612311961912,False,q95-q05=0.22% вне диапазона 4.00%–35.00% | std=0.068% < 0.600% | half-life=1.0 bars
EWT,gate,swap,EWT/USDT:USDT,bybit,swap,EWT/USDT:USDT,EWT|gate:swap:EWT/USDT:USDT|bybit:swap:EWT/USDT:USDT,True,,576,0.5517572920970022,0.8830589688321802,0.0001574140739053253,True,0.37879835052475025,-0.5753497962699528,0.06889930327931282,0.5868102807607745,1.1621065645424977,8.186789087535493,30.0,15.0,21.0,10.5,5.0,2.5,0.9289065161047833,0.3524880391668539,False,q95-q05=1.16% вне диапазона 4.00%–35.00% | std=0.379% < 0.600%
EWY,gate,swap,EWY/USDT:USDT,bybit,swap,EWY/USDT:USDT,EWY|gate:swap:EWY/USDT:USDT|bybit:swap:EWY/USDT:USDT,True,,576,0.039830000058147796,0.9924252316006165,0.0005783479708118122,True,0.030937831664172837,-0.051002434129432395,0.0008052551047743606,0.04884037897183724,0.09984390073565219,0.8499881808224797,239.0,119.5,138.0,69.0,28.0,14.0,0.6911276995333255,0.021384278537173174,False,q95-q05=0.10% вне диапазона 4.00%–35.00% | std=0.031% < 0.600% | half-life=0.8 bars
EWZ,gate,swap,EWZ/USDT:USDT,bybit,swap,EWZ/USDT:USDT,EWZ|gate:swap:EWZ/USDT:USDT|bybit:swap:EWZ/USDT:USDT,True,,576,-0.07069048420470589,1.018893723199494,2.6776682575052714e-06,True,0.19353528528960254,-0.27001695655273217,-0.005954920874762237,0.3216513350113859,0.5915173035917598,2.830132926590881,79.0,39.5,35.0,17.5,14.0,7.0,2.9631391259167112,0.5751194744317178,False,q95-q05=0.59% вне диапазона 4.00%–35.00% | std=0.194% < 0.600%
F,gate,swap,F/USDT:USDT,bybit,swap,F/USDT:USDT,F|gate:swap:F/USDT:USDT|bybit:swap:F/USDT:USDT,True,,576,-0.1507302952317357,0.973007786683745,0.0,True,0.1405906346060142,-0.2274598400756167,0.0026994727956974884,0.20519047691893721,0.4326991717068074,0.8808341103561527,241.0,120.5,94.0,47.0,27.0,13.5,-2.4672668503511574,-0.3462736972583369,False,q95-q05=0.43% вне диапазона 4.00%–35.00% | std=0.141% < 0.600% | half-life=0.9 bars
FARTCOIN,gate,swap,FARTCOIN/USDT:USDT,bybit,swap,FARTCOIN/USDT:USDT,FARTCOIN|gate:swap:FARTCOIN/USDT:USDT|bybit:swap:FARTCOIN/USDT:USDT,True,,576,0.007612555464171497,1.005008468643693,3.427554823959205e-07,True,0.03442642073822136,-0.05672046710003542,0.0008419137941917398,0.05617331334364373,0.11289410128617061,0.9260474339366784,229.0,114.5,129.0,64.5,24.0,12.0,-1.0643439427985566,-0.03663484018791019,False,q95-q05=0.11% вне диапазона 4.00%–35.00% | std=0.034% < 0.600% | half-life=0.9 bars
FF,gate,swap,FF/USDT:USDT,bybit,swap,FF/USDT:USDT,FF|gate:swap:FF/USDT:USDT|bybit:swap:FF/USDT:USDT,True,,576,0.029136140022750775,1.0129966941711799,0.012767275113862993,True,0.09763793267148596,-0.1497360464195019,-0.0012424191896620584,0.17624515662832962,0.32593828996806407,1.6013104465844066,151.0,75.5,97.0,48.5,25.0,12.5,-0.103260914733855,-0.010081674005457675,False,q95-q05=0.33% вне диапазона 4.00%–35.00% | std=0.098% < 0.600% | half-life=1.6 bars
FHE,gate,swap,FHE/USDT:USDT,bybit,swap,FHE/USDT:USDT,FHE|gate:swap:FHE/USDT:USDT|bybit:swap:FHE/USDT:USDT,True,,576,-0.004543487155462108,0.9991452765619006,4.490868102102151e-18,True,0.25279910386592813,-0.435726010242965,3.562932455736245e-05,0.3947098525068915,0.8306109795143568,1.5354416713576369,173.0,86.5,93.0,46.5,21.0,10.5,-1.609705977746974,-0.40610538141808705,False,q95-q05=0.83% вне диапазона 4.00%–35.00% | std=0.253% < 0.600% | half-life=1.5 bars
FIDA,gate,swap,FIDA/USDT:USDT,bybit,swap,FIDA/USDT:USDT,FIDA|gate:swap:FIDA/USDT:USDT|bybit:swap:FIDA/USDT:USDT,True,,576,0.014739554292045232,1.0037297881877962,2.3178211904806986e-17,True,0.21408461723037434,-0.31960037835658817,0.006727414206020299,0.31017943667079884,0.6298115638669555,1.6012663893599772,206.0,103.0,65.0,32.5,15.0,7.5,0.21880196602891777,0.04685310778769214,False,q95-q05=0.63% вне диапазона 4.00%–35.00% | std=0.214% < 0.600% | half-life=1.6 bars
FIGHT,gate,swap,FIGHT/USDT:USDT,bybit,swap,FIGHT/USDT:USDT,FIGHT|gate:swap:FIGHT/USDT:USDT|bybit:swap:FIGHT/USDT:USDT,True,,576,0.00016533894659675935,0.9997447198098559,9.881009478233841e-14,True,0.2743423742452966,-0.412787805444792,0.0073063586736754615,0.4364299788425674,0.8491225112204903,1.1133924697460236,247.0,123.5,92.0,46.0,22.0,11.0,-0.651273866364451,-0.17851249535281166,False,q95-q05=0.85% вне диапазона 4.00%–35.00% | std=0.274% < 0.600% | half-life=1.1 bars
FIL,gate,swap,FIL/USDT:USDT,bybit,swap,FIL/USDT:USDT,FIL|gate:swap:FIL/USDT:USDT|bybit:swap:FIL/USDT:USDT,True,,576,0.00017116191250730864,1.0011214064463816,8.685792943244003e-11,True,0.028905871380803,-0.04980861531214131,-0.0008683344569604401,0.045751081535261306,0.09556164284249061,1.0499052788086851,219.0,109.5,137.0,68.5,30.0,15.0,-1.0725172669749874,-0.030997241035113365,False,q95-q05=0.10% вне диапазона 4.00%–35.00% | std=0.029% < 0.600% | half-life=1.0 bars
FLEX,gate,swap,FLEX/USDT:USDT,bybit,swap,FLEX/USDT:USDT,FLEX|gate:swap:FLEX/USDT:USDT|bybit:swap:FLEX/USDT:USDT,True,,576,0.1280950741326337,0.9732078599446088,2.1196397142971915e-22,True,0.19398548665079998,-0.3561428459755156,0.02050474701666971,0.29325782948204093,0.6496072119261731,1.033617175078665,184.0,92.0,101.0,50.5,35.0,17.5,0.12791911278094648,0.024817530384302344,False,q95-q05=0.65% вне диапазона 4.00%–35.00% | std=0.194% < 0.600% | half-life=1.0 bars
FLNC,gate,swap,FLNC/USDT:USDT,bybit,swap,FLNC/USDT:USDT,FLNC|gate:swap:FLNC/USDT:USDT|bybit:swap:FLNC/USDT:USDT,True,,576,0.06773369973302262,0.9663514860972354,1.3476529976160721e-06,True,0.13114190773669954,-0.20989113392404501,-0.010446812793007965,0.20792885047813403,0.41782469170401626,1.1636515060708559,199.0,99.5,102.0,51.0,24.0,12.0,-1.5921178732279753,-0.20857555349473866,False,q95-q05=0.42% вне диапазона 4.00%–35.00% | std=0.131% < 0.600% | half-life=1.2 bars
FLOCK,gate,swap,FLOCK/USDT:USDT,bybit,swap,FLOCK/USDT:USDT,FLOCK|gate:swap:FLOCK/USDT:USDT|bybit:swap:FLOCK/USDT:USDT,True,,576,-0.05868802384655848,0.9788456354829974,6.3260952056064796e-06,True,0.10097000427589367,-0.1744577117324897,0.0026604584070888393,0.15809298141566952,0.33257821243567465,1.279060761544668,198.0,99.0,105.0,52.5,22.0,11.0,0.10607727371032762,0.010711196387824806,False,q95-q05=0.33% вне диапазона 4.00%–35.00% | std=0.101% < 0.600% | half-life=1.3 bars
FLOW,gate,swap,FLOW/USDT:USDT,bybit,swap,FLOW/USDT:USDT,FLOW|gate:swap:FLOW/USDT:USDT|bybit:swap:FLOW/USDT:USDT,True,,576,0.026676820118653168,1.0083074514026371,1.184883785653949e-08,True,0.12340637100551827,-0.21310899390746263,0.0062956888731813265,0.19370134580898313,0.4068503809129709,0.9107205587954473,258.0,129.0,117.0,58.5,32.0,16.0,-0.5257392626454387,-0.06485853225316474,False,q95-q05=0.41% вне диапазона 4.00%–35.00% | std=0.123% < 0.600% | half-life=0.9 bars
FLR,gate,swap,FLR/USDT:USDT,bybit,swap,FLR/USDT:USDT,FLR|gate:swap:FLR/USDT:USDT|bybit:swap:FLR/USDT:USDT,True,,576,-1.1246508748472988,0.7713629912624521,1.3087509801674295e-05,True,0.28633273040003226,-0.5032351192238105,0.013163152277373413,0.47279099004549074,0.9761824551032694,2.3978955467582566,133.0,66.5,57.0,28.5,16.0,8.0,-1.7118282317861993,-0.48895316469901307,False,q95-q05=0.98% вне диапазона 4.00%–35.00% | std=0.286% < 0.600%
FLUID,gate,swap,FLUID/USDT:USDT,bybit,swap,FLUID/USDT:USDT,FLUID|gate:swap:FLUID/USDT:USDT|bybit:swap:FLUID/USDT:USDT,True,,576,-0.010451092928540498,1.020911046263869,3.9247437190140066e-11,True,0.22824652516440933,-0.4084640369342196,0.02439902825785989,0.32250793527388577,0.7312895237916478,1.3185598546354336,192.0,96.0,85.0,42.5,21.0,10.5,-1.0492272053858847,-0.23919593326084954,False,q95-q05=0.73% вне диапазона 4.00%–35.00% | std=0.228% < 0.600% | half-life=1.3 bars
FLUX,gate,swap,FLUX/USDT:USDT,bybit,swap,FLUX/USDT:USDT,FLUX|gate:swap:FLUX/USDT:USDT|bybit:swap:FLUX/USDT:USDT,True,,576,-0.010914494547671296,0.9959776965873044,1.7144177068020147e-17,True,0.32257446134573475,-0.5285672196564506,0.002238956564193373,0.548937508561731,1.0774054159842783,1.5969979019594798,183.0,91.5,65.0,32.5,15.0,7.5,-1.7005799827751307,-0.547061808888194,False,q95-q05=1.08% вне диапазона 4.00%–35.00% | std=0.323% < 0.600% | half-life=1.6 bars
FOGO,gate,swap,FOGO/USDT:USDT,bybit,swap,FOGO/USDT:USDT,FOGO|gate:swap:FOGO/USDT:USDT|bybit:swap:FOGO/USDT:USDT,True,,576,-0.10144816502498202,0.9808064512062417,4.401472777067022e-14,True,0.32947110184113515,-0.5670670959199708,0.03054903935204578,0.4856860673178254,1.0531914432902356,2.1495080205814103,161.0,80.5,69.0,34.5,14.0,7.0,-0.07843846953459098,-0.025839869915189606,False,q95-q05=1.05% вне диапазона 4.00%–35.00% | std=0.329% < 0.600%
FOLKS,gate,swap,FOLKS/USDT:USDT,bybit,swap,FOLKS/USDT:USDT,FOLKS|gate:swap:FOLKS/USDT:USDT|bybit:swap:FOLKS/USDT:USDT,True,,576,0.013553281186119981,0.9849192778650272,9.445822707686273e-20,True,0.17925249800000925,-0.28488677985769595,-0.009318435544447556,0.3275621204565038,0.6123201590323452,1.1843372561329837,191.0,95.5,100.0,50.0,26.0,13.0,-0.7301925579787361,-0.13080321795707617,False,q95-q05=0.61% вне диапазона 4.00%–35.00% | std=0.179% < 0.600% | half-life=1.2 bars
FORM,gate,swap,FORM/USDT:USDT,bybit,swap,FORM/USDT:USDT,FORM|gate:swap:FORM/USDT:USDT|bybit:swap:FORM/USDT:USDT,True,,576,0.003570081458477806,1.003128303336404,0.031651163766083235,True,0.10041926484096571,-0.14354100529845315,-0.004683696945217974,0.1698146580682458,0.3133147600915487,0.9972962436093907,219.0,109.5,125.0,62.5,25.0,12.5,-0.054745186633435,-0.005497320287095597,False,q95-q05=0.31% вне диапазона 4.00%–35.00% | std=0.100% < 0.600% | half-life=1.0 bars
GALA,gate,swap,GALA/USDT:USDT,bybit,swap,GALA/USDT:USDT,GALA|gate:swap:GALA/USDT:USDT|bybit:swap:GALA/USDT:USDT,True,,576,-0.012464672580713704,0.9978645047126465,1.2527297290653747e-09,True,0.0793957765789421,-0.10143453034086036,-0.007677199884037478,0.12313353827713147,0.22454380108523075,0.748551447985545,256.0,128.0,142.0,71.0,23.0,11.5,0.15281050269960758,0.01213324454991671,False,q95-q05=0.22% вне диапазона 4.00%–35.00% | std=0.079% < 0.600% | half-life=0.7 bars
GAS,gate,swap,GAS/USDT:USDT,bybit,swap,GAS/USDT:USDT,GAS|gate:swap:GAS/USDT:USDT|bybit:swap:GAS/USDT:USDT,True,,576,0.011045009349528262,0.9642870348758474,9.961866266245254e-25,True,0.23487689094172162,-0.40488085577035093,0.016694563009922447,0.35748649936153676,0.7625517525869916,1.487692186731648,185.0,92.5,76.0,38.0,18.0,9.0,-1.2710246664408813,-0.29808915136279035,False,q95-q05=0.76% вне диапазона 4.00%–35.00% | std=0.235% < 0.600% | half-life=1.5 bars
GBPUSD,gate,swap,GBPUSD/USDT:USDT,bybit,swap,GBPUSD/USDT:USDT,GBPUSD|gate:swap:GBPUSD/USDT:USDT|bybit:swap:GBPUSD/USDT:USDT,True,,576,0.043624557775816586,0.8500953869277695,0.013277080420597743,True,0.062437610075080564,-0.10970437938332411,-0.004346275677791223,0.10646131567522144,0.21616928448935646,8.295791823403102,30.0,15.0,21.0,10.5,6.0,3.0,-1.723053263242109,-0.10752547767438614,False,q95-q05=0.22% вне диапазона 4.00%–35.00% | std=0.062% < 0.600%
GDX,gate,swap,GDX/USDT:USDT,bybit,swap,GDX/USDT:USDT,GDX|gate:swap:GDX/USDT:USDT|bybit:swap:GDX/USDT:USDT,True,,576,0.0946676649828093,0.978980880679933,2.927588183742769e-23,True,0.1178977233526705,-0.20117627917887182,-0.0024699647273251912,0.18350559017483725,0.384716334829438,1.1077957806310514,218.0,109.0,100.0,50.0,22.0,11.0,1.098194886515622,0.12955853156377817,False,q95-q05=0.38% вне диапазона 4.00%–35.00% | std=0.118% < 0.600% | half-life=1.1 bars
GE,gate,swap,GE/USDT:USDT,bybit,swap,GE/USDT:USDT,GE|gate:swap:GE/USDT:USDT|bybit:swap:GE/USDT:USDT,True,,576,2.65588832549033,0.5388196964852489,0.01681962877779858,True,0.3777815636389368,-0.4533058443058735,-0.11558667236354347,0.8554239560109034,1.3061223283326484,10.249003110640585,31.0,15.5,14.0,7.0,4.0,2.0,-0.44075433499821104,-0.16637031276151015,False,q95-q05=1.31% вне диапазона 4.00%–35.00% | std=0.378% < 0.600%
GENIUS,gate,swap,GENIUS/USDT:USDT,bybit,swap,GENIUS/USDT:USDT,GENIUS|gate:swap:GENIUS/USDT:USDT|bybit:swap:GENIUS/USDT:USDT,True,,576,-0.01117790043318618,0.9915460148204654,6.539857016875606e-10,True,0.21471156803265765,-0.3387197487422111,0.013436079306861082,0.3070738969663145,0.6458980908081613,1.3354514018962136,199.0,99.5,80.0,40.0,21.0,10.5,0.5648300773433809,0.12134912011270149,False,q95-q05=0.65% вне диапазона 4.00%–35.00% | std=0.215% < 0.600% | half-life=1.3 bars
GEV,gate,swap,GEV/USDT:USDT,bybit,swap,GEV/USDT:USDT,GEV|gate:swap:GEV/USDT:USDT|bybit:swap:GEV/USDT:USDT,True,,576,0.19525446012828235,0.9718428609527091,2.0186779169500655e-10,True,0.3509526443941617,-0.49037164843556136,-0.023717730940098214,0.5030320409092459,0.9933489770029169,2.507804765566969,78.0,39.0,28.0,14.0,15.0,7.5,0.5448258307059191,0.19139098520932762,False,q95-q05=0.99% вне диапазона 4.00%–35.00% | std=0.351% < 0.600%
GIGGLE,gate,swap,GIGGLE/USDT:USDT,bybit,swap,GIGGLE/USDT:USDT,GIGGLE|gate:swap:GIGGLE/USDT:USDT|bybit:swap:GIGGLE/USDT:USDT,True,,576,0.024581357240065188,0.993372657468556,8.706656362450512e-13,True,0.07411646041013853,-0.128869698096179,0.00040067979136804155,0.12422252244670418,0.2530982366090395,0.8196128572400061,238.0,119.0,147.0,73.5,31.0,15.5,-0.17647467347466342,-0.013078822797507605,False,q95-q05=0.25% вне диапазона 4.00%–35.00% | std=0.074% < 0.600% | half-life=0.8 bars
GILD,gate,swap,GILD/USDT:USDT,bybit,swap,GILD/USDT:USDT,GILD|gate:swap:GILD/USDT:USDT|bybit:swap:GILD/USDT:USDT,True,,576,2.142160737203992,0.5724688075303369,4.864722720334296e-05,True,0.27354168762801256,-0.42169814084417334,0.0359042731015391,0.42623451435306325,0.8479185031040615,5.329541292509263,31.0,15.5,17.0,8.5,11.0,5.5,0.5574736186838708,0.15260860305601476,False,q95-q05=0.85% вне диапазона 4.00%–35.00% | std=0.274% < 0.600%
GLM,gate,swap,GLM/USDT:USDT,bybit,swap,GLM/USDT:USDT,GLM|gate:swap:GLM/USDT:USDT|bybit:swap:GLM/USDT:USDT,True,,576,-0.05453060229567691,0.973762050485902,1.5902368632550353e-15,True,0.315717954416858,-0.5031186892121897,0.0030327408524932764,0.5184798854401373,1.021528998933774,2.700316192440713,132.0,66.0,58.0,29.0,14.0,7.0,0.7161120017188184,0.22634519116067064,False,q95-q05=1.02% вне диапазона 4.00%–35.00% | std=0.316% < 0.600%
GLW,gate,swap,GLW/USDT:USDT,bybit,swap,GLW/USDT:USDT,GLW|gate:swap:GLW/USDT:USDT|bybit:swap:GLW/USDT:USDT,True,,576,0.10070251335382148,0.9801097581910982,0.012893263527987699,True,0.08855680762988732,-0.15324077277699688,0.005573479651443947,0.12836050088347317,0.2816364957597628,0.8811007937092902,227.0,113.5,104.0,52.0,31.0,15.5,-1.0944273667629383,-0.09687204249581027,False,q95-q05=0.28% вне диапазона 4.00%–35.00% | std=0.089% < 0.600% | half-life=0.9 bars
GMT,gate,swap,GMT/USDT:USDT,bybit,swap,GMT/USDT:USDT,GMT|gate:swap:GMT/USDT:USDT|bybit:swap:GMT/USDT:USDT,True,,576,0.00874257046173606,1.0018117970222187,0.010221157339645985,True,0.23644742147937506,-0.40921183086213286,0.011090678380187846,0.3689143868377487,0.778286960362462,1.1835007581057517,212.0,106.0,102.0,51.0,21.0,10.5,-0.7460787113350846,-0.17625287937662604,False,q95-q05=0.78% вне диапазона 4.00%–35.00% | std=0.236% < 0.600% | half-life=1.2 bars
GMX,gate,swap,GMX/USDT:USDT,bybit,swap,GMX/USDT:USDT,GMX|gate:swap:GMX/USDT:USDT|bybit:swap:GMX/USDT:USDT,True,,576,0.09513659037084682,0.9527064637930902,4.7730179690566024e-18,True,0.1919051660027989,-0.3808675835089037,0.0239464979541415,0.2597016177212641,0.6409597067767225,1.4514653794075187,181.0,90.5,64.0,32.0,19.0,9.5,-2.739294712116188,-0.5243055018703702,False,q95-q05=0.64% вне диапазона 4.00%–35.00% | std=0.192% < 0.600% | half-life=1.5 bars
GOAT,gate,swap,GOAT/USDT:USDT,bybit,swap,GOAT/USDT:USDT,GOAT|gate:swap:GOAT/USDT:USDT|bybit:swap:GOAT/USDT:USDT,True,,576,-0.08984053630358874,0.9770922466821117,7.656519766108613e-15,True,0.25436431801032894,-0.4479967559338438,0.009390354811977808,0.3574490630767979,0.8058150008388054,1.4173991948713702,200.0,100.0,77.0,38.5,22.0,11.0,0.23233388374378622,0.05911491587282658,False,q95-q05=0.81% вне диапазона 4.00%–35.00% | std=0.254% < 0.600% | half-life=1.4 bars
GOOGL,gate,swap,GOOGL/USDT:USDT,bybit,swap,GOOGL/USDT:USDT,GOOGL|gate:swap:GOOGL/USDT:USDT|bybit:swap:GOOGL/USDT:USDT,True,,576,0.10234157314367168,0.9824652788120142,7.591642735987256e-05,True,0.03157732382158793,-0.055884446059140114,0.0027943501219818145,0.04670851014572097,0.10259767235254458,1.9555149741237865,152.0,76.0,81.0,40.5,19.0,9.5,0.7785457800465995,0.024587414416044062,False,q95-q05=0.10% вне диапазона 4.00%–35.00% | std=0.032% < 0.600% | half-life=2.0 bars
GPRO,gate,swap,GPRO/USDT:USDT,bybit,swap,GPRO/USDT:USDT,GPRO|gate:swap:GPRO/USDT:USDT|bybit:swap:GPRO/USDT:USDT,True,,576,-0.013739812584964034,1.0541360874084553,4.6608197627378654e-07,True,0.3837906346156301,-0.6113275628755077,0.02829004910409605,0.5345528394616883,1.1463329974518377,3.051753100826724,65.0,32.5,44.0,22.0,11.0,5.5,1.6806783310979405,0.6471133928579675,False,q95-q05=1.15% вне диапазона 4.00%–35.00% | std=0.384% < 0.600%
GPS,gate,swap,GPS/USDT:USDT,bybit,swap,GPS/USDT:USDT,GPS|gate:swap:GPS/USDT:USDT|bybit:swap:GPS/USDT:USDT,True,,576,0.0015933940906943088,1.0000242855636137,3.314157080614126e-22,True,0.1295597433397086,-0.2138639963255362,0.0008110957578466582,0.2249402062939998,0.4387806065076605,0.7748123458952876,281.0,140.5,99.0,49.5,32.0,16.0,-0.336740942797103,-0.04361855446205487,False,q95-q05=0.44% вне диапазона 4.00%–35.00% | std=0.130% < 0.600% | half-life=0.8 bars
GRAM,gate,swap,GRAM/USDT:USDT,bybit,swap,GRAM/USDT:USDT,GRAM|gate:swap:GRAM/USDT:USDT|bybit:swap:GRAM/USDT:USDT,True,,576,0.005768265582396594,0.9874266393758637,3.610632701158478e-05,True,0.05140262325397703,-0.08153730114426327,0.0017543068427938735,0.08404520444353913,0.16558046712010638,1.1049386727959556,216.0,108.0,126.0,63.0,14.0,7.0,0.08231262660143657,0.004231174445923358,False,q95-q05=0.17% вне диапазона 4.00%–35.00% | std=0.051% < 0.600% | half-life=1.1 bars
GRASS,gate,swap,GRASS/USDT:USDT,bybit,swap,GRASS/USDT:USDT,GRASS|gate:swap:GRASS/USDT:USDT|bybit:swap:GRASS/USDT:USDT,True,,576,-0.0001421101533103959,1.0005472227833998,4.682710209981804e-22,True,0.10841623759729564,-0.17619237957914313,-0.008869005059486401,0.1727355409279152,0.3489343055863958,0.7214432979757642,261.0,130.5,124.0,62.0,23.0,11.5,-1.2836497587770146,-0.1390716828216565,False,q95-q05=0.35% вне диапазона 4.00%–35.00% | std=0.108% < 0.600% | half-life=0.7 bars
GRIFFAIN,gate,swap,GRIFFAIN/USDT:USDT,bybit,swap,GRIFFAIN/USDT:USDT,GRIFFAIN|gate:swap:GRIFFAIN/USDT:USDT|bybit:swap:GRIFFAIN/USDT:USDT,True,,576,0.03024537999181997,1.0073052383970547,9.107240963292447e-14,True,0.21608587107620272,-0.2976791348436647,-0.013339707136839074,0.37065508160705196,0.6680929287934179,1.1458198391818095,204.0,102.0,84.0,42.0,21.0,10.5,-1.8488162845465321,-0.39870612539757433,False,q95-q05=0.67% вне диапазона 4.00%–35.00% | std=0.216% < 0.600% | half-life=1.1 bars
GRT,gate,swap,GRT/USDT:USDT,bybit,swap,GRT/USDT:USDT,GRT|gate:swap:GRT/USDT:USDT|bybit:swap:GRT/USDT:USDT,True,,576,-0.03376473504356907,0.9900908390705893,0.0,True,0.11120883880934403,-0.17468777454635598,0.00409715617075701,0.1771966198129027,0.3518803433779083,0.7974011707291276,264.0,132.0,115.0,57.5,28.0,14.0,-0.23090937245287255,-0.0256758663658041,False,q95-q05=0.35% вне диапазона 4.00%–35.00% | std=0.111% < 0.600% | half-life=0.8 bars
GRVT,gate,swap,GRVT/USDT:USDT,bybit,swap,GRVT/USDT:USDT,GRVT|gate:swap:GRVT/USDT:USDT|bybit:swap:GRVT/USDT:USDT,True,,576,0.012808274246669327,1.00754829371091,2.0311509904941453e-14,True,0.3124994881194862,-0.5293228357696078,0.0046563211267391935,0.4994186072754925,1.028904361577615,2.0941998947684453,171.0,85.5,58.0,29.0,16.0,8.0,-1.2871416630702692,-0.40142324503948945,False,q95-q05=1.03% вне диапазона 4.00%–35.00% | std=0.312% < 0.600%
GS,gate,swap,GS/USDT:USDT,bybit,swap,GS/USDT:USDT,GS|gate:swap:GS/USDT:USDT|bybit:swap:GS/USDT:USDT,True,,576,0.5587332671935964,0.9177512131654562,1.9147599751409262e-10,True,0.26956357497608435,-0.42203697603193646,0.02583967852867186,0.3738925847555086,0.7961254095876669,4.171636585641292,59.0,29.5,35.0,17.5,8.0,4.0,-0.21341014833623367,-0.05751105856836025,False,q95-q05=0.80% вне диапазона 4.00%–35.00% | std=0.270% < 0.600%
GTLB,gate,swap,GTLB/USDT:USDT,bybit,swap,GTLB/USDT:USDT,GTLB|gate:swap:GTLB/USDT:USDT|bybit:swap:GTLB/USDT:USDT,True,,576,-0.4357392475637446,1.1116858354914891,0.0016773980279045813,True,0.6695330894221655,-1.1868060358070198,-0.0034000175519577347,0.9783957483682659,2.167545249357905,5.3876177780939765,49.0,24.5,28.0,14.0,4.0,2.0,2.217747359942746,1.495933983409059,False,q95-q05=2.17% вне диапазона 4.00%–35.00%
GUN,gate,swap,GUN/USDT:USDT,bybit,swap,GUN/USDT:USDT,GUN|gate:swap:GUN/USDT:USDT|bybit:swap:GUN/USDT:USDT,True,,576,0.013563116413071551,1.0025959461925282,0.0,True,0.15397043329689386,-0.25079461473741516,-0.013575978723201487,0.25116236260549485,0.5019571083204388,0.7813187150294546,261.0,130.5,109.0,54.5,30.0,15.0,-1.1559503532372641,-0.17782388240763503,False,q95-q05=0.50% вне диапазона 4.00%–35.00% | std=0.154% < 0.600% | half-life=0.8 bars
GWEI,gate,swap,GWEI/USDT:USDT,bybit,swap,GWEI/USDT:USDT,GWEI|gate:swap:GWEI/USDT:USDT|bybit:swap:GWEI/USDT:USDT,True,,576,-0.06733726165647284,0.9830835461837054,1.6348936726361354e-10,True,0.11889355988792931,-0.1984041580101792,-0.0006223527729054545,0.1870828876130437,0.3855093453183245,1.0729566421430083,227.0,113.5,129.0,64.5,19.0,9.5,0.9653740088795579,0.11484264626155927,False,q95-q05=0.39% вне диапазона 4.00%–35.00% | std=0.119% < 0.600% | half-life=1.1 bars
H,gate,swap,H/USDT:USDT,bybit,swap,H/USDT:USDT,H|gate:swap:H/USDT:USDT|bybit:swap:H/USDT:USDT,True,,576,-0.04540000035638952,0.9830582176835113,2.715188945145574e-09,True,0.06718610240797354,-0.10775392320250265,-0.004702131613920635,0.12349896121965909,0.23123478346138704,0.8823039564896238,236.0,118.0,127.0,63.5,25.0,12.5,0.6256754227919066,0.04204552968580799,False,q95-q05=0.23% вне диапазона 4.00%–35.00% | std=0.067% < 0.600% | half-life=0.9 bars
HAEDAL,gate,swap,HAEDAL/USDT:USDT,bybit,swap,HAEDAL/USDT:USDT,HAEDAL|gate:swap:HAEDAL/USDT:USDT|bybit:swap:HAEDAL/USDT:USDT,True,,576,0.06433990203862604,1.0162692267702091,3.603936435408216e-23,True,0.2039246784229823,-0.3311195874750372,-0.0008923904167290608,0.3366774192913091,0.6677809312909289,1.147664396515081,205.0,102.5,87.0,43.5,27.0,13.5,-0.6989887275782899,-0.14243950998789057,False,q95-q05=0.67% вне диапазона 4.00%–35.00% | std=0.204% < 0.600% | half-life=1.1 bars
HANA,gate,swap,HANA/USDT:USDT,bybit,swap,HANA/USDT:USDT,HANA|gate:swap:HANA/USDT:USDT|bybit:swap:HANA/USDT:USDT,True,,576,-0.08078404790650717,0.9815183510706154,0.000896189120636672,True,0.2014404894355513,-0.3123375796751482,-0.009981645363743574,0.34001614183212236,0.6522657654821407,1.0622969743568913,198.0,99.0,112.0,56.0,22.0,11.0,0.5660626400171983,0.11409297182405354,False,q95-q05=0.65% вне диапазона 4.00%–35.00% | std=0.201% < 0.600% | half-life=1.1 bars
HANMI,gate,swap,HANMI/USDT:USDT,bybit,swap,HANMI/USDT:USDT,HANMI|gate:swap:HANMI/USDT:USDT|bybit:swap:HANMI/USDT:USDT,True,,576,0.3743211719293178,0.9291323742625437,0.0014047469332563165,True,0.2830582225331472,-0.47428692344337886,-0.007581284036173308,0.4661683418112572,0.9405003751497665,2.8813041278342686,83.0,41.5,55.0,27.5,14.0,7.0,-0.5444393705489284,-0.15398935503996292,False,q95-q05=0.94% вне диапазона 4.00%–35.00% | std=0.283% < 0.600%
HBAR,gate,swap,HBAR/USDT:USDT,bybit,swap,HBAR/USDT:USDT,HBAR|gate:swap:HBAR/USDT:USDT|bybit:swap:HBAR/USDT:USDT,True,,576,-0.00897500550965062,0.9959409466304308,1.150545458933904e-08,True,0.03831287459237743,-0.060752785275997034,-0.0003125194957265265,0.0631277978408118,0.12387912788668354,0.7118285180095562,272.0,136.0,143.0,71.5,30.0,15.0,0.26897138404635434,0.010305597896231866,False,q95-q05=0.12% вне диапазона 4.00%–35.00% | std=0.038% < 0.600% | half-life=0.7 bars
HD,gate,swap,HD/USDT:USDT,bybit,swap,HD/USDT:USDT,HD|gate:swap:HD/USDT:USDT|bybit:swap:HD/USDT:USDT,True,,576,0.5206392600367523,0.9074094736754713,0.00021449704387174466,True,0.31689833980876364,-0.5753980720244911,0.012759397536932227,0.6384146142754066,1.2134452446266764,9.294828481288132,40.0,20.0,16.0,8.0,6.0,3.0,2.9403885307150532,0.9361590551156596,False,q95-q05=1.21% вне диапазона 4.00%–35.00% | std=0.317% < 0.600%
HEI,gate,swap,HEI/USDT:USDT,bybit,swap,HEI/USDT:USDT,HEI|gate:swap:HEI/USDT:USDT|bybit:swap:HEI/USDT:USDT,True,,576,0.0217638639039906,1.0117955316161782,7.780472740070396e-15,True,0.17715886153179497,-0.2844117582020522,0.005075927111475309,0.2984374258457656,0.5828099623435445,0.998263494294206,241.0,120.5,113.0,56.5,22.0,11.0,-1.0036785615707318,-0.1776525620054481,False,q95-q05=0.58% вне диапазона 4.00%–35.00% | std=0.177% < 0.600% | half-life=1.0 bars
HEMI,gate,swap,HEMI/USDT:USDT,bybit,swap,HEMI/USDT:USDT,HEMI|gate:swap:HEMI/USDT:USDT|bybit:swap:HEMI/USDT:USDT,True,,576,0.014686016523690637,1.0029562778705776,6.606955548728414e-19,True,0.1256794348443645,-0.19532136711359893,-0.004744555039282172,0.20154860099799166,0.3968581323492648,0.8283554527869185,239.0,119.5,126.0,63.0,30.0,15.0,0.7231784654552782,0.09092997708961548,False,q95-q05=0.40% вне диапазона 4.00%–35.00% | std=0.126% < 0.600% | half-life=0.8 bars
HIMS,gate,swap,HIMS/USDT:USDT,bybit,swap,HIMS/USDT:USDT,HIMS|gate:swap:HIMS/USDT:USDT|bybit:swap:HIMS/USDT:USDT,True,,576,-0.027044974690583767,1.007881143818536,5.274923198252571e-15,True,0.12602704917829305,-0.22068443777361058,0.0036823842210376156,0.2052788539149475,0.4259967495060635,1.1313941258155107,210.0,105.0,98.0,49.0,26.0,13.0,-1.1449365000627953,-0.14418891634816466,False,q95-q05=0.43% вне диапазона 4.00%–35.00% | std=0.126% < 0.600% | half-life=1.1 bars
HIVE,gate,swap,HIVE/USDT:USDT,bybit,swap,HIVE/USDT:USDT,HIVE|gate:swap:HIVE/USDT:USDT|bybit:swap:HIVE/USDT:USDT,True,,576,0.018973313361948952,1.0078756359057297,7.5636845952122565e-06,True,0.12275570913640581,-0.20260219882570762,0.004104794480785934,0.1933274057576151,0.3959484835506344,1.0111594520107416,227.0,113.5,119.0,59.5,28.0,14.0,0.31275472509518487,0.03839979890074563,False,q95-q05=0.40% вне диапазона 4.00%–35.00% | std=0.123% < 0.600% | half-life=1.0 bars
HMSTR,gate,swap,HMSTR/USDT:USDT,bybit,swap,HMSTR/USDT:USDT,HMSTR|gate:swap:HMSTR/USDT:USDT|bybit:swap:HMSTR/USDT:USDT,True,,576,-0.0032091658450122797,0.9995147816972472,9.902359056383757e-11,True,0.07674255408915934,-0.15392340031601393,0.016858036390643427,0.13212058118527992,0.28607536282811985,0.9156239890606049,242.0,121.0,113.0,56.5,26.0,13.0,-0.5449646198096237,-0.041813232642662346,False,q95-q05=0.29% вне диапазона 4.00%–35.00% | std=0.077% < 0.600% | half-life=0.9 bars
HNT,gate,swap,HNT/USDT:USDT,bybit,swap,HNT/USDT:USDT,HNT|gate:swap:HNT/USDT:USDT|bybit:swap:HNT/USDT:USDT,True,,576,-0.0021519880863106185,0.997074669513777,3.180495820613854e-05,True,0.28684240334580907,-0.38279651484610655,-0.028862780492333595,0.5084432448026144,0.8906860926649052,0.7645642934249219,263.0,131.5,138.0,69.0,26.0,13.0,1.3550212710384144,0.3894338887682869,False,q95-q05=0.89% вне диапазона 4.00%–35.00% | std=0.287% < 0.600% | half-life=0.8 bars
HOLO,gate,swap,HOLO/USDT:USDT,bybit,swap,HOLO/USDT:USDT,HOLO|gate:swap:HOLO/USDT:USDT|bybit:swap:HOLO/USDT:USDT,True,,576,-0.04000769699923668,0.9849822947218634,1.470795360090941e-28,True,0.22045972991170532,-0.38671397834912913,0.009085003921582846,0.36244246155527904,0.7492508718358604,1.1584412831668847,210.0,105.0,87.0,43.5,23.0,11.5,0.09760114359344012,0.02151943685442248,False,q95-q05=0.75% вне диапазона 4.00%–35.00% | std=0.220% < 0.600% | half-life=1.2 bars
HOME,gate,swap,HOME/USDT:USDT,bybit,swap,HOME/USDT:USDT,HOME|gate:swap:HOME/USDT:USDT|bybit:swap:HOME/USDT:USDT,True,,576,0.029867876589483342,1.005672830043527,9.079722364987005e-07,True,0.11316059726764578,-0.1742340223726324,0.0009012816798881218,0.1995535815818572,0.3737407242978108,0.7707429312966155,249.0,124.5,162.0,81.0,14.0,7.0,0.17140961680637068,0.01939869591962573,False,q95-q05=0.37% вне диапазона 4.00%–35.00% | std=0.113% < 0.600% | half-life=0.8 bars
HOOD,gate,swap,HOOD/USDT:USDT,bybit,swap,HOOD/USDT:USDT,HOOD|gate:swap:HOOD/USDT:USDT|bybit:swap:HOOD/USDT:USDT,True,,576,0.0503015525040842,0.9894317051877503,0.0017150991688788342,True,0.04862514218031011,-0.06840686011544417,-0.0034722630672501253,0.08133657263575955,0.1497337806548371,0.9066280850082695,237.0,118.5,112.0,56.0,27.0,13.5,0.08677920821652772,0.00421974036595163,False,q95-q05=0.15% вне диапазона 4.00%–35.00% | std=0.049% < 0.600% | half-life=0.9 bars
HPE,gate,swap,HPE/USDT:USDT,bybit,swap,HPE/USDT:USDT,HPE|gate:swap:HPE/USDT:USDT|bybit:swap:HPE/USDT:USDT,True,,576,0.13268857675134518,0.9681111296872087,3.382257761643824e-05,True,0.32208791056586755,-0.47203571616752926,0.02557769768707363,0.4639387181117671,0.9360191626379688,3.293600416074511,64.0,32.0,49.0,24.5,10.0,5.0,1.109534040739074,0.3580068198832054,False,q95-q05=0.94% вне диапазона 4.00%–35.00% | std=0.322% < 0.600%
HUMA,gate,swap,HUMA/USDT:USDT,bybit,swap,HUMA/USDT:USDT,HUMA|gate:swap:HUMA/USDT:USDT|bybit:swap:HUMA/USDT:USDT,True,,576,0.003126180197372305,1.0000315477901152,0.009456370394927268,True,0.11333427395099384,-0.18279437299348889,2.3579790320304994e-05,0.19348112990471567,0.37625584203068163,1.065612288179589,199.0,99.5,108.0,54.0,27.0,13.5,-0.8325843209006517,-0.09431583414334366,False,q95-q05=0.38% вне диапазона 4.00%–35.00% | std=0.113% < 0.600% | half-life=1.1 bars
HUT,gate,swap,HUT/USDT:USDT,bybit,swap,HUT/USDT:USDT,HUT|gate:swap:HUT/USDT:USDT|bybit:swap:HUT/USDT:USDT,True,,576,0.15816327988571177,0.9643863291738655,0.00028602942253595255,True,0.6869841739848228,-1.1985007424951566,0.04539778085697055,1.0763005067305098,2.276290288401439,3.513783784535431,70.0,35.0,43.0,21.5,11.0,5.5,0.7717836445335059,0.5316112138681328,False,q95-q05=2.28% вне диапазона 4.00%–35.00%
HYPE,gate,swap,HYPE/USDT:USDT,bybit,swap,HYPE/USDT:USDT,HYPE|gate:swap:HYPE/USDT:USDT|bybit:swap:HYPE/USDT:USDT,True,,576,0.011799196845721702,0.9973167191910728,0.001746190045925372,True,0.016446815234288027,-0.028275749379225168,-0.00021196011433799455,0.0277465928649967,0.056022491932794516,1.3208341019773244,197.0,98.5,113.0,56.5,20.0,10.0,1.9140316417573218,0.03148468014992911,False,q95-q05=0.06% вне диапазона 4.00%–35.00% | std=0.016% < 0.600% | half-life=1.3 bars
HYPER,gate,swap,HYPER/USDT:USDT,bybit,swap,HYPER/USDT:USDT,HYPER|gate:swap:HYPER/USDT:USDT|bybit:swap:HYPER/USDT:USDT,True,,576,-0.05886311778812996,0.9776278280182155,1.041711642777296e-16,True,0.25544297193247706,-0.4503796324335507,0.006214386035474639,0.40603515971537885,0.8566099585653575,1.6973656733729725,187.0,93.5,77.0,38.5,16.0,8.0,0.20190941512926844,0.051589643943383834,False,q95-q05=0.86% вне диапазона 4.00%–35.00% | std=0.255% < 0.600% | half-life=1.7 bars
HYUNDAI,gate,swap,HYUNDAI/USDT:USDT,bybit,swap,HYUNDAI/USDT:USDT,HYUNDAI|gate:swap:HYUNDAI/USDT:USDT|bybit:swap:HYUNDAI/USDT:USDT,True,,576,0.3168149856842969,0.9430708826198297,9.055728954449742e-15,True,0.12094239447311896,-0.19336733942302287,-0.007538417492236604,0.19577347447559124,0.38913662337669574,1.2716239527535935,202.0,101.0,104.0,52.0,21.0,10.5,-0.4849613404580133,-0.058635188592826015,False,q95-q05=0.39% вне диапазона 4.00%–35.00% | std=0.121% < 0.600% | half-life=1.3 bars
IBIT,gate,swap,IBIT/USDT:USDT,bybit,swap,IBIT/USDT:USDT,IBIT|gate:swap:IBIT/USDT:USDT|bybit:swap:IBIT/USDT:USDT,True,,576,0.722076917187057,0.8129686160792958,5.5335525648101995e-05,True,0.3595813628453112,-0.7575050421497642,0.06161788497254239,0.44329212366578385,1.2027011615006855,5.666840724269778,60.0,30.0,24.0,12.0,8.0,4.0,-0.3864412452600002,-0.1388605689975564,False,q95-q05=1.20% вне диапазона 4.00%–35.00% | std=0.360% < 0.600%
IBM,gate,swap,IBM/USDT:USDT,bybit,swap,IBM/USDT:USDT,IBM|gate:swap:IBM/USDT:USDT|bybit:swap:IBM/USDT:USDT,True,,576,0.07813280709178055,0.9856615048281164,1.5346742687642788e-06,True,0.06666994114590717,-0.10492160735441347,0.0006972053905762721,0.10451755421867492,0.20943966125552826,0.9406413752829851,191.0,95.5,96.0,48.0,25.0,12.5,-0.425376888147832,-0.028355831071713578,False,q95-q05=0.21% вне диапазона 4.00%–35.00% | std=0.067% < 0.600% | half-life=0.9 bars
ICNT,gate,swap,ICNT/USDT:USDT,bybit,swap,ICNT/USDT:USDT,ICNT|gate:swap:ICNT/USDT:USDT|bybit:swap:ICNT/USDT:USDT,True,,576,-0.6109130311266295,0.7380026087194216,8.574525241870973e-10,True,0.4474890378618069,-0.7138741689010408,-0.020317227670396676,0.793709377462859,1.5070105157941494,3.450299035565406,94.0,47.0,51.0,25.5,12.0,6.0,0.034252636129603976,0.015328853934382103,False,q95-q05=1.51% вне диапазона 4.00%–35.00% | std=0.447% < 0.600%
ICP,gate,swap,ICP/USDT:USDT,bybit,swap,ICP/USDT:USDT,ICP|gate:swap:ICP/USDT:USDT|bybit:swap:ICP/USDT:USDT,True,,576,0.0027425461239781418,0.9978686099119017,0.0029669007812933,True,0.040895566128161226,-0.053796900681168935,0.008148045334843701,0.07086875208965893,0.12465502845325216,0.948264155470055,229.0,114.5,129.0,64.5,18.0,9.0,-0.5249734930008791,-0.021466783754708896,False,q95-q05=0.12% вне диапазона 4.00%–35.00% | std=0.041% < 0.600% | half-life=0.9 bars
ID,gate,swap,ID/USDT:USDT,bybit,swap,ID/USDT:USDT,ID|gate:swap:ID/USDT:USDT|bybit:swap:ID/USDT:USDT,True,,576,-0.04618679802751086,0.9860033474076861,2.5012340709821916e-24,True,0.17261793028443795,-0.27290646069009217,-0.000631854903565543,0.2908572251202779,0.563714583183772,1.01664903120208,230.0,115.0,98.0,49.0,27.0,13.5,1.0043213102091777,0.173514227937277,False,q95-q05=0.56% вне диапазона 4.00%–35.00% | std=0.173% < 0.600% | half-life=1.0 bars
ILV,gate,swap,ILV/USDT:USDT,bybit,swap,ILV/USDT:USDT,ILV|gate:swap:ILV/USDT:USDT|bybit:swap:ILV/USDT:USDT,True,,576,5.1411424828014035e-05,0.9992570196948108,0.00010254821672703776,True,0.2058738777689419,-0.36713997340307447,-0.0036847681412432998,0.33988239730544656,0.7071216888730525,1.0869108357506398,211.0,105.5,98.0,49.0,23.0,11.5,1.1942113682948812,0.2461594012403978,False,q95-q05=0.71% вне диапазона 4.00%–35.00% | std=0.206% < 0.600% | half-life=1.1 bars
IMX,gate,swap,IMX/USDT:USDT,bybit,swap,IMX/USDT:USDT,IMX|gate:swap:IMX/USDT:USDT|bybit:swap:IMX/USDT:USDT,True,,576,-0.016515460405615263,0.9903327636992002,0.0,True,0.16336377230268548,-0.2539365980836261,-0.0058498797228856425,0.27963997020512554,0.5335092689604748,0.8315821625314671,248.0,124.0,107.0,53.5,30.0,15.0,0.05992238026783819,0.009789625238565414,False,q95-q05=0.53% вне диапазона 4.00%–35.00% | std=0.163% < 0.600% | half-life=0.8 bars
IN,gate,swap,IN/USDT:USDT,bybit,swap,IN/USDT:USDT,IN|gate:swap:IN/USDT:USDT|bybit:swap:IN/USDT:USDT,True,,576,-0.04061156107497324,0.9877091957678811,3.7416902577554104e-16,True,0.14117138077458452,-0.2187610032300058,-0.005262146781159771,0.21743658248694064,0.4362011659190035,1.1927483253872253,218.0,109.0,85.0,42.5,21.0,10.5,-0.016904427389779562,-0.0023863928810485824,False,q95-q05=0.44% вне диапазона 4.00%–35.00% | std=0.141% < 0.600% | half-life=1.2 bars
INFQ,gate,swap,INFQ/USDT:USDT,bybit,swap,INFQ/USDT:USDT,INFQ|gate:swap:INFQ/USDT:USDT|bybit:swap:INFQ/USDT:USDT,True,,576,0.6098915251171148,0.7658003643570407,0.002696941537027045,True,0.7580247972702687,-0.9150338238271605,-0.17791376363980316,1.8820691976277448,2.7838233793162748,8.998605361105929,71.0,35.5,18.0,9.0,1.0,0.5,-0.8997598233853531,-0.6797196419898399,False,q95-q05=2.78% вне диапазона 4.00%–35.00%
INIT,gate,swap,INIT/USDT:USDT,bybit,swap,INIT/USDT:USDT,INIT|gate:swap:INIT/USDT:USDT|bybit:swap:INIT/USDT:USDT,True,,576,-0.11721372507483308,0.9479619316111867,4.440624209671276e-08,True,0.4315510119527484,-0.6860601895346874,0.022728503853475246,0.6730532132618983,1.3592227241503108,1.542138267193098,166.0,83.0,90.0,45.0,18.0,9.0,0.09218168389666374,0.039789012697810655,False,q95-q05=1.36% вне диапазона 4.00%–35.00% | std=0.432% < 0.600% | half-life=1.5 bars
INJ,gate,swap,INJ/USDT:USDT,bybit,swap,INJ/USDT:USDT,INJ|gate:swap:INJ/USDT:USDT|bybit:swap:INJ/USDT:USDT,True,,576,0.012636074874144487,0.9938619676372489,0.11781204561500358,False,0.031526340134517036,-0.05069926918126466,0.00047467886050700514,0.051809609610753427,0.10250831867268939,1.023449736043103,216.0,108.0,125.0,62.5,21.0,10.5,1.418828703705928,0.044740481875060745,False,ADF p-value=0.1178 > 0.05 | q95-q05=0.10% вне диапазона 4.00%–35.00% | std=0.032% < 0.600% | half-life=1.0 bars
INTC,gate,swap,INTC/USDT:USDT,bybit,swap,INTC/USDT:USDT,INTC|gate:swap:INTC/USDT:USDT|bybit:swap:INTC/USDT:USDT,True,,576,0.016680153799805687,0.9965404576766606,1.5732067858492714e-20,True,0.026360098336172078,-0.043452069312011066,-0.0002579136147984329,0.04088728392974694,0.08434043981682127,0.8458501622222871,251.0,125.5,129.0,64.5,22.0,11.0,0.8030104526821963,0.02116967495724431,False,q95-q05=0.08% вне диапазона 4.00%–35.00% | std=0.026% < 0.600% | half-life=0.8 bars
INTU,gate,swap,INTU/USDT:USDT,bybit,swap,INTU/USDT:USDT,INTU|gate:swap:INTU/USDT:USDT|bybit:swap:INTU/USDT:USDT,True,,576,0.41308977934049135,0.9265898683281585,0.019681537703666308,True,0.500255070158999,-0.916263168307474,-0.06528166310886263,0.7701446680282498,1.6876808709624491,5.580841998987965,39.0,19.5,20.0,10.0,6.0,3.0,0.7398837387874834,0.3708164208249265,False,q95-q05=1.69% вне диапазона 4.00%–35.00% | std=0.500% < 0.600%
INTW,gate,swap,INTW/USDT:USDT,bybit,swap,INTW/USDT:USDT,INTW|gate:swap:INTW/USDT:USDT|bybit:swap:INTW/USDT:USDT,True,,576,0.028451345733983197,0.991783192969737,0.0,True,0.15261829442294927,-0.23652360872544742,0.004531867307822068,0.228578611885899,0.46512153605091644,0.860095834510091,233.0,116.5,112.0,56.0,27.0,13.5,-0.8691486577616812,-0.1325600471938082,False,q95-q05=0.47% вне диапазона 4.00%–35.00% | std=0.153% < 0.600% | half-life=0.9 bars
INX,gate,swap,INX/USDT:USDT,bybit,swap,INX/USDT:USDT,INX|gate:swap:INX/USDT:USDT|bybit:swap:INX/USDT:USDT,True,,576,-0.16024208415627444,0.9684699793885051,3.4119603693506204e-28,True,0.19420227647643923,-0.30190903282092396,0.0046880923074255065,0.29458475687949015,0.5965174037579013,1.195712793042285,195.0,97.5,100.0,50.0,20.0,10.0,-1.211371909920546,-0.23497468383638642,False,q95-q05=0.60% вне диапазона 4.00%–35.00% | std=0.194% < 0.600% | half-life=1.2 bars
IO,gate,swap,IO/USDT:USDT,bybit,swap,IO/USDT:USDT,IO|gate:swap:IO/USDT:USDT|bybit:swap:IO/USDT:USDT,True,,576,0.020300625935398827,1.0098368937411748,0.0020185183229365564,True,0.10887596048527476,-0.1714031744699751,-0.00258899167211446,0.18503128027578253,0.3564105460535816,0.9172039483420981,228.0,114.0,122.0,61.0,25.0,12.5,0.5421677680734032,0.059046462057454896,False,q95-q05=0.36% вне диапазона 4.00%–35.00% | std=0.109% < 0.600% | half-life=0.9 bars
IONQ,gate,swap,IONQ/USDT:USDT,bybit,swap,IONQ/USDT:USDT,IONQ|gate:swap:IONQ/USDT:USDT|bybit:swap:IONQ/USDT:USDT,True,,576,0.09023532867261208,0.9762401809978808,1.0310482297610162e-25,True,0.10054610348550755,-0.15517331553578373,-0.004375617301299872,0.15924606771495764,0.3144132396325272,0.8343218354286771,250.0,125.0,130.0,65.0,24.0,12.0,-0.06020362446547199,-0.006053056651034172,False,q95-q05=0.31% вне диапазона 4.00%–35.00% | std=0.101% < 0.600% | half-life=0.8 bars
IOST,gate,swap,IOST/USDT:USDT,bybit,swap,IOST/USDT:USDT,IOST|gate:swap:IOST/USDT:USDT|bybit:swap:IOST/USDT:USDT,True,,576,-0.058446574345634654,0.9917534673430756,3.1222563125167975e-08,True,0.10871520354017716,-0.17050814402069792,-0.0024954578667690797,0.17484180235363134,0.345342806610649,0.7712465184916407,258.0,129.0,104.0,52.0,29.0,14.5,-1.0467894618679776,-0.11373719957255002,False,q95-q05=0.35% вне диапазона 4.00%–35.00% | std=0.109% < 0.600% | half-life=0.8 bars
IOTA,gate,swap,IOTA/USDT:USDT,bybit,swap,IOTA/USDT:USDT,IOTA|gate:swap:IOTA/USDT:USDT|bybit:swap:IOTA/USDT:USDT,True,,576,-0.06165808823045741,0.9788012491592747,4.5297915455937015e-07,True,0.12895582943130446,-0.2381390211497636,0.00652925724375919,0.1858294550734163,0.4240800288355273,0.8327946112407586,268.0,134.0,117.0,58.5,36.0,18.0,0.7468121836174548,0.09635217347883085,False,q95-q05=0.42% вне диапазона 4.00%–35.00% | std=0.129% < 0.600% | half-life=0.8 bars
IOTX,gate,swap,IOTX/USDT:USDT,bybit,swap,IOTX/USDT:USDT,IOTX|gate:swap:IOTX/USDT:USDT|bybit:swap:IOTX/USDT:USDT,True,,576,-0.14449847753341039,0.9745069559213622,1.443560720764948e-19,True,0.12795272493854262,-0.20471054252896304,-0.0010685586025682703,0.21523596659840383,0.41992502678325216,0.8769009865843997,237.0,118.5,129.0,64.5,27.0,13.5,-0.6997186919445227,-0.08949084636072913,False,q95-q05=0.42% вне диапазона 4.00%–35.00% | std=0.128% < 0.600% | half-life=0.9 bars
IREN,gate,swap,IREN/USDT:USDT,bybit,swap,IREN/USDT:USDT,IREN|gate:swap:IREN/USDT:USDT|bybit:swap:IREN/USDT:USDT,True,,576,-0.03402681881508794,1.0090974552616323,1.2658304409473965e-05,True,0.07228958547361136,-0.11860528702171136,-0.0008723733578852588,0.11779329164720576,0.236399648538399,0.9886522273617854,247.0,123.5,117.0,58.5,25.0,12.5,-0.37828156251302536,-0.027342078718428642,False,q95-q05=0.24% вне диапазона 4.00%–35.00% | std=0.072% < 0.600% | half-life=1.0 bars
IRYS,gate,swap,IRYS/USDT:USDT,bybit,swap,IRYS/USDT:USDT,IRYS|gate:swap:IRYS/USDT:USDT|bybit:swap:IRYS/USDT:USDT,True,,576,0.002878674882584437,1.0002559901149919,0.000938960900364112,True,0.14344185065115522,-0.21300690134871125,-0.007376422750160483,0.2557701116452593,0.46867766027836044,1.287631919624222,205.0,102.5,105.0,52.5,21.0,10.5,-0.7149272747293092,-0.10249792632250898,False,q95-q05=0.47% вне диапазона 4.00%–35.00% | std=0.143% < 0.600% | half-life=1.3 bars
ISRG,gate,swap,ISRG/USDT:USDT,bybit,swap,ISRG/USDT:USDT,ISRG|gate:swap:ISRG/USDT:USDT|bybit:swap:ISRG/USDT:USDT,True,,576,0.26777149435638165,0.9554765429413175,2.524996866897376e-07,True,0.25112514803734665,-0.37677264443788383,-0.009733905982134416,0.4375679017632361,0.8140975774056258,2.4986604795731364,86.0,43.0,42.0,21.0,14.0,7.0,1.8264704220752446,0.45972616826222,False,q95-q05=0.81% вне диапазона 4.00%–35.00% | std=0.251% < 0.600%
IWM,gate,swap,IWM/USDT:USDT,bybit,swap,IWM/USDT:USDT,IWM|gate:swap:IWM/USDT:USDT|bybit:swap:IWM/USDT:USDT,True,,576,0.3033796987850243,0.9462511394604728,0.013934171770721378,True,0.06582942251688668,-0.10443961626513953,0.001848823792838239,0.10343550481026753,0.20787623958671286,1.4511219644548117,160.0,80.0,87.0,43.5,21.0,10.5,-1.0335951115427682,-0.0680178266907916,False,q95-q05=0.21% вне диапазона 4.00%–35.00% | std=0.066% < 0.600% | half-life=1.5 bars
JASMY,gate,swap,JASMY/USDT:USDT,bybit,swap,JASMY/USDT:USDT,JASMY|gate:swap:JASMY/USDT:USDT|bybit:swap:JASMY/USDT:USDT,True,,576,0.02051057512138181,1.0036445690413691,5.225480041224648e-10,True,0.10758375214442004,-0.17031823684863223,0.00024788291868027557,0.17416730330541697,0.344479251192209,0.8686651013134491,262.0,131.0,119.0,59.5,28.0,14.0,0.3083103570600238,0.03317468661996337,False,q95-q05=0.34% вне диапазона 4.00%–35.00% | std=0.108% < 0.600% | half-life=0.9 bars
JCT,gate,swap,JCT/USDT:USDT,bybit,swap,JCT/USDT:USDT,JCT|gate:swap:JCT/USDT:USDT|bybit:swap:JCT/USDT:USDT,True,,576,-0.02764955856291241,0.9959187708111804,7.543969856308368e-16,True,0.2939430788906699,-0.471113117870281,-0.001100834792933103,0.4589728415481442,0.9301491264904316,1.8012443754170673,185.0,92.5,66.0,33.0,15.0,7.5,-0.6400280804460297,-0.18795496755127372,False,q95-q05=0.93% вне диапазона 4.00%–35.00% | std=0.294% < 0.600% | half-life=1.8 bars
JD,gate,swap,JD/USDT:USDT,bybit,swap,JD/USDT:USDT,JD|gate:swap:JD/USDT:USDT|bybit:swap:JD/USDT:USDT,True,,576,-0.36343348786950697,1.110579119967698,0.10063667025349604,False,0.28249233675679675,-0.42657875218701236,-0.01300032515524352,0.48066637046728644,0.907006053278625,5.876545248606095,36.0,18.0,35.0,17.5,3.0,1.5,3.7976311630548967,1.078576852340718,False,ADF p-value=0.1006 > 0.05 | q95-q05=0.91% вне диапазона 4.00%–35.00% | std=0.282% < 0.600%
JELLYJELLY,gate,swap,JELLYJELLY/USDT:USDT,bybit,swap,JELLYJELLY/USDT:USDT,JELLYJELLY|gate:swap:JELLYJELLY/USDT:USDT|bybit:swap:JELLYJELLY/USDT:USDT,True,,576,0.00038747634732131726,1.0006925030485743,6.169936426094152e-07,True,0.125438509928854,-0.20770587724638911,0.002619551544369436,0.19411632082657615,0.40185004362233157,0.930932055686528,241.0,120.5,113.0,56.5,26.0,13.0,0.30336359031739857,0.038060717990084925,False,q95-q05=0.40% вне диапазона 4.00%–35.00% | std=0.125% < 0.600% | half-life=0.9 bars
JNJ,gate,swap,JNJ/USDT:USDT,bybit,swap,JNJ/USDT:USDT,JNJ|gate:swap:JNJ/USDT:USDT|bybit:swap:JNJ/USDT:USDT,True,,576,-0.2707419067403831,1.0486808981383713,1.4799947982838189e-09,True,0.3060169832427311,-0.4744023823370469,0.013676395756423432,0.48406310346880144,0.9584265272423842,3.2477021112130977,88.0,44.0,61.0,30.5,12.0,6.0,1.1176082923594903,0.342592629725913,False,q95-q05=0.96% вне диапазона 4.00%–35.00% | std=0.306% < 0.600%
JPM,gate,swap,JPM/USDT:USDT,bybit,swap,JPM/USDT:USDT,JPM|gate:swap:JPM/USDT:USDT|bybit:swap:JPM/USDT:USDT,True,,576,0.10080041707218382,0.982736278842021,0.012259100442823884,True,0.06862102835608032,-0.1091755163296515,-0.0007614730721194896,0.11437708634955968,0.22354688180241666,1.1404246004108687,188.0,94.0,94.0,47.0,28.0,14.0,-0.47887957194792063,-0.03285580998183546,False,q95-q05=0.22% вне диапазона 4.00%–35.00% | std=0.069% < 0.600% | half-life=1.1 bars
JST,gate,swap,JST/USDT:USDT,bybit,swap,JST/USDT:USDT,JST|gate:swap:JST/USDT:USDT|bybit:swap:JST/USDT:USDT,True,,576,-0.06354798269260716,0.9686301031176073,1.7866410878165564e-16,True,0.20893982197496344,-0.3359909489157986,-0.004819507712849891,0.33725946020133346,0.6732486819977179,1.8575304515403388,175.0,87.5,69.0,34.5,17.0,8.5,0.6824623222029403,0.1426952690564809,False,q95-q05=0.67% вне диапазона 4.00%–35.00% | std=0.209% < 0.600% | half-life=1.9 bars
JTO,gate,swap,JTO/USDT:USDT,bybit,swap,JTO/USDT:USDT,JTO|gate:swap:JTO/USDT:USDT|bybit:swap:JTO/USDT:USDT,True,,576,-0.00983874556374811,0.9839877365417287,0.0001236703116598092,True,0.07942288144382198,-0.1300205665306864,-0.0002017459966530133,0.1257457087333158,0.25577188163975195,0.861506908924116,256.0,128.0,124.0,62.0,31.0,15.5,1.017987989389911,0.08088423306014114,False,q95-q05=0.26% вне диапазона 4.00%–35.00% | std=0.079% < 0.600% | half-life=0.9 bars
JUP,gate,swap,JUP/USDT:USDT,bybit,swap,JUP/USDT:USDT,JUP|gate:swap:JUP/USDT:USDT|bybit:swap:JUP/USDT:USDT,True,,576,-0.00539826551676933,0.9950049500554436,5.37333110075807e-13,True,0.09078886870896263,-0.1358553069246593,-0.010486094229955611,0.14130447190132678,0.2771524049933971,0.7463987986387887,294.0,147.0,122.0,61.0,34.0,17.0,-0.18884244165481068,-0.01714332200661861,False,q95-q05=0.28% вне диапазона 4.00%–35.00% | std=0.091% < 0.600% | half-life=0.7 bars
KAIA,gate,swap,KAIA/USDT:USDT,bybit,swap,KAIA/USDT:USDT,KAIA|gate:swap:KAIA/USDT:USDT|bybit:swap:KAIA/USDT:USDT,True,,576,0.019978467590379172,1.0060964293625299,6.154329792740316e-09,True,0.22527954788843,-0.37030274522052986,0.011965196047758475,0.3237816400951443,0.6942486591845931,1.201949166460739,233.0,116.5,98.0,49.0,25.0,12.5,1.0320799766412576,0.2327770165169385,False,q95-q05=0.69% вне диапазона 4.00%–35.00% | std=0.225% < 0.600% | half-life=1.2 bars
KAITO,gate,swap,KAITO/USDT:USDT,bybit,swap,KAITO/USDT:USDT,KAITO|gate:swap:KAITO/USDT:USDT|bybit:swap:KAITO/USDT:USDT,True,,576,-0.01103199823741987,0.989392922796039,1.7101500798441777e-08,True,0.05466322106011066,-0.08985372621064247,-0.001301605925507765,0.08665355512424977,0.1765101514752232,0.834159595132897,254.0,127.0,140.0,70.0,28.0,14.0,0.803111041097085,0.043910274114944414,False,q95-q05=0.18% вне диапазона 4.00%–35.00% | std=0.055% < 0.600% | half-life=0.8 bars
KAS,gate,swap,KAS/USDT:USDT,bybit,swap,KAS/USDT:USDT,KAS|gate:swap:KAS/USDT:USDT|bybit:swap:KAS/USDT:USDT,True,,576,-0.008935361543365935,0.9970665893886712,1.903442108972911e-09,True,0.08582848192331405,-0.13883973897729218,-0.004939601293618701,0.13435194798820937,0.2731979871615109,0.9481992261614827,237.0,118.5,121.0,60.5,28.0,14.0,0.7088131647196091,0.06085486696054687,False,q95-q05=0.27% вне диапазона 4.00%–35.00% | std=0.086% < 0.600% | half-life=0.9 bars
KAT,gate,swap,KAT/USDT:USDT,bybit,swap,KAT/USDT:USDT,KAT|gate:swap:KAT/USDT:USDT|bybit:swap:KAT/USDT:USDT,True,,576,0.0010584603397383037,1.0001677915583762,2.1065309677300506e-30,True,0.17654674622392907,-0.2742317838296038,0.0033940996886139274,0.3069884918097232,0.5811267323358793,0.9251519466367163,219.0,109.5,110.0,55.0,27.0,13.5,-1.5808964039174465,-0.2787129883774053,False,q95-q05=0.58% вне диапазона 4.00%–35.00% | std=0.177% < 0.600% | half-life=0.9 bars
KAVA,gate,swap,KAVA/USDT:USDT,bybit,swap,KAVA/USDT:USDT,KAVA|gate:swap:KAVA/USDT:USDT|bybit:swap:KAVA/USDT:USDT,True,,576,-0.16982103150989447,0.9360586459085862,0.0001779773683934449,True,0.0853169735838609,-0.1307937284334093,-0.002346828296617698,0.1503163056689072,0.28108278188243574,1.6139211671588818,162.0,81.0,93.0,46.5,20.0,10.0,1.5635301192933118,0.13348466946787596,False,q95-q05=0.28% вне диапазона 4.00%–35.00% | std=0.085% < 0.600% | half-life=1.6 bars
KERNEL,gate,swap,KERNEL/USDT:USDT,bybit,swap,KERNEL/USDT:USDT,KERNEL|gate:swap:KERNEL/USDT:USDT|bybit:swap:KERNEL/USDT:USDT,True,,576,-0.061132114448953695,0.9787263358877799,1.5621250425218993e-18,True,0.10793636081969182,-0.16604090820563355,-0.0034865176970488854,0.1764554604149815,0.3424788695669423,0.8185903949262208,214.0,107.0,128.0,64.0,27.0,13.5,0.5050983676827058,0.054533343687901414,False,q95-q05=0.34% вне диапазона 4.00%–35.00% | std=0.108% < 0.600% | half-life=0.8 bars
KGEN,gate,swap,KGEN/USDT:USDT,bybit,swap,KGEN/USDT:USDT,KGEN|gate:swap:KGEN/USDT:USDT|bybit:swap:KGEN/USDT:USDT,True,,576,-0.0868718663559815,0.9533397261400898,2.8651958256443504e-09,True,0.1230515033139695,-0.18909535569527902,-0.0014810303908263656,0.21258747540491285,0.4016361946398428,1.329735896371045,168.0,84.0,106.0,53.0,18.0,9.0,0.9912365193438066,0.12204756133753492,False,q95-q05=0.40% вне диапазона 4.00%–35.00% | std=0.123% < 0.600% | half-life=1.3 bars
KII,gate,swap,KII/USDT:USDT,bybit,swap,KII/USDT:USDT,KII|gate:swap:KII/USDT:USDT|bybit:swap:KII/USDT:USDT,True,,576,-0.1185777246321094,0.9514176323907082,9.109287395208155e-15,True,0.17810673283608297,-0.2755039197541498,0.010097008985598954,0.2741909434554435,0.5496998561004607,1.9576283983304748,143.0,71.5,80.0,40.0,17.0,8.5,-0.36627793397651026,-0.06521529170921969,False,q95-q05=0.55% вне диапазона 4.00%–35.00% | std=0.178% < 0.600% | half-life=2.0 bars
KITE,gate,swap,KITE/USDT:USDT,bybit,swap,KITE/USDT:USDT,KITE|gate:swap:KITE/USDT:USDT|bybit:swap:KITE/USDT:USDT,True,,576,-0.0297350509498165,0.9840789200067105,0.0,True,0.15363688857031377,-0.2511057143778639,0.0031044667204938037,0.24335487668212252,0.4944807617699054,0.7535355548237349,268.0,134.0,134.0,67.0,28.0,14.0,-0.2775223131203019,-0.042628576136072294,False,q95-q05=0.49% вне диапазона 4.00%–35.00% | std=0.154% < 0.600% | half-life=0.8 bars
KLAC,gate,swap,KLAC/USDT:USDT,bybit,swap,KLAC/USDT:USDT,KLAC|gate:swap:KLAC/USDT:USDT|bybit:swap:KLAC/USDT:USDT,True,,576,0.08391846279651247,0.9838390302222918,1.063979629069263e-13,True,0.34588829382638697,-0.5944989718503657,0.018263505037952044,0.5117272162415087,1.106695494364529,2.5853791947786036,115.0,57.5,48.0,24.0,13.0,6.5,0.6521282669960482,0.22581811954778264,False,q95-q05=1.11% вне диапазона 4.00%–35.00% | std=0.346% < 0.600%
KMNO,gate,swap,KMNO/USDT:USDT,bybit,swap,KMNO/USDT:USDT,KMNO|gate:swap:KMNO/USDT:USDT|bybit:swap:KMNO/USDT:USDT,True,,576,-0.002243455557031753,0.9989556429702929,6.277601316557635e-17,True,0.2679642070460064,-0.37994075558918095,-0.03399367934145969,0.4879973089922496,0.8674748256613629,1.5859774263602389,204.0,102.0,78.0,39.0,18.0,9.0,-0.22805779415340255,-0.06109265680317444,False,q95-q05=0.87% вне диапазона 4.00%–35.00% | std=0.268% < 0.600% | half-life=1.6 bars
KNC,gate,swap,KNC/USDT:USDT,bybit,swap,KNC/USDT:USDT,KNC|gate:swap:KNC/USDT:USDT|bybit:swap:KNC/USDT:USDT,True,,576,-0.06196647871043656,0.9690113497975189,5.920723009590262e-16,True,0.258244933721195,-0.40937276553634216,0.004679949957253626,0.4200331726748052,0.8293664854991223,1.8531169036142137,134.0,67.0,76.0,38.0,13.0,6.5,0.5039520430662313,0.13022778479270247,False,q95-q05=0.83% вне диапазона 4.00%–35.00% | std=0.258% < 0.600% | half-life=1.9 bars
KO,gate,swap,KO/USDT:USDT,bybit,swap,KO/USDT:USDT,KO|gate:swap:KO/USDT:USDT|bybit:swap:KO/USDT:USDT,True,,576,0.1037565555432043,0.9765551256291499,2.514535195853059e-05,True,0.15078850572644015,-0.21359857532700088,0.0013606341807470557,0.23639775598252033,0.449945798517426,3.4047711873319892,56.0,28.0,43.0,21.5,5.0,2.5,0.3461097422375585,0.05220299187154165,False,q95-q05=0.45% вне диапазона 4.00%–35.00% | std=0.151% < 0.600%
KODEX200,gate,swap,KODEX200/USDT:USDT,bybit,swap,KODEX200/USDT:USDT,KODEX200|gate:swap:KODEX200/USDT:USDT|bybit:swap:KODEX200/USDT:USDT,True,,576,2.0299075254571832,0.5368042173722358,0.3152038399109346,False,0.974436966668978,-1.7833988323609051,0.2215373489927952,1.0508569992822903,2.844866902402199,27.417285313511705,17.0,8.5,7.0,3.5,1.0,0.5,-0.1361942025418734,-0.13262464128820373,False,ADF p-value=0.3152 > 0.05 | q95-q05=2.84% вне диапазона 4.00%–35.00%
KORU,gate,swap,KORU/USDT:USDT,bybit,swap,KORU/USDT:USDT,KORU|gate:swap:KORU/USDT:USDT|bybit:swap:KORU/USDT:USDT,True,,576,-0.0046933083150724015,1.001608469719221,7.172819727429894e-11,True,0.0639978142841378,-0.10903611393702217,0.0023126448423615997,0.10366708608973152,0.21270899042739044,0.8448706887138703,268.0,134.0,117.0,58.5,33.0,16.5,-0.0841885924332757,-0.005387740759332793,False,q95-q05=0.21% вне диапазона 4.00%–35.00% | std=0.064% < 0.600% | half-life=0.8 bars
KSM,gate,swap,KSM/USDT:USDT,bybit,swap,KSM/USDT:USDT,KSM|gate:swap:KSM/USDT:USDT|bybit:swap:KSM/USDT:USDT,True,,576,0.06215404394731443,0.9625643376028739,0.0,True,0.22390149467907033,-0.32118147414955667,-0.012620189916179303,0.39097372978498246,0.7119097827453014,0.9026391549899979,235.0,117.5,115.0,57.5,28.0,14.0,-1.852436892252425,-0.41390443358426676,False,q95-q05=0.71% вне диапазона 4.00%–35.00% | std=0.224% < 0.600% | half-life=0.9 bars
KSTR,gate,swap,KSTR/USDT:USDT,bybit,swap,KSTR/USDT:USDT,KSTR|gate:swap:KSTR/USDT:USDT|bybit:swap:KSTR/USDT:USDT,True,,576,0.13014975428641398,0.958874182589453,0.007743549019079438,True,0.15340450007620937,-0.22864905612641762,-0.001750157648716666,0.2771874754914583,0.5057148766673181,1.6434244245285954,147.0,73.5,83.0,41.5,25.0,12.5,-0.7548701820110715,-0.11573346000834928,False,q95-q05=0.51% вне диапазона 4.00%–35.00% | std=0.153% < 0.600% | half-life=1.6 bars
KUAISHOU,gate,swap,KUAISHOU/USDT:USDT,bybit,swap,KUAISHOU/USDT:USDT,KUAISHOU|gate:swap:KUAISHOU/USDT:USDT|bybit:swap:KUAISHOU/USDT:USDT,True,,576,-0.05672417469332859,1.043828230219304,1.549515700975392e-05,True,0.3383352159886157,-0.5791803690585628,-0.04828588278885659,0.5768353622101374,1.1560421603582949,3.255635660383042,67.0,33.5,32.0,16.0,7.0,3.5,0.08715142417680903,0.029490743587534674,False,q95-q05=1.16% вне диапазона 4.00%–35.00% | std=0.338% < 0.600%
LA,gate,swap,LA/USDT:USDT,bybit,swap,LA/USDT:USDT,LA|gate:swap:LA/USDT:USDT|bybit:swap:LA/USDT:USDT,True,,576,-0.015138391511497014,0.9945153877394652,0.000976753174029844,True,0.06777422491481269,-0.10984671437456184,-0.002167249010642802,0.10374545126750068,0.21359876296181968,0.9828873874697076,224.0,112.0,116.0,58.0,32.0,16.0,0.186512339061925,0.01264152819075992,False,q95-q05=0.21% вне диапазона 4.00%–35.00% | std=0.068% < 0.600% | half-life=1.0 bars
LAB,gate,swap,LAB/USDT:USDT,bybit,swap,LAB/USDT:USDT,LAB|gate:swap:LAB/USDT:USDT|bybit:swap:LAB/USDT:USDT,True,,576,-0.07880686609625887,0.9740090643916415,7.530925296823043e-06,True,0.10639545867724035,-0.16227047100830783,-0.0017869468172393432,0.17700412963657097,0.339249934075303,0.9828959413440556,236.0,118.0,135.0,67.5,20.0,10.0,0.8028475429002333,0.08545582527639262,False,q95-q05=0.34% вне диапазона 4.00%–35.00% | std=0.106% < 0.600% | half-life=1.0 bars
LAOPU,gate,swap,LAOPU/USDT:USDT,bybit,swap,LAOPU/USDT:USDT,LAOPU|gate:swap:LAOPU/USDT:USDT|bybit:swap:LAOPU/USDT:USDT,True,,576,1.5422568390017322,0.5924979235020165,0.025857077863375082,True,1.0839651183658479,-1.585373534212542,-0.18018045683981798,1.6396509859028408,3.2244288662911957,12.16097461723591,20.0,10.0,12.0,6.0,3.0,1.5,0.34583894669914605,0.375580898817085,False,q95-q05=3.22% вне диапазона 4.00%–35.00%
LDO,gate,swap,LDO/USDT:USDT,bybit,swap,LDO/USDT:USDT,LDO|gate:swap:LDO/USDT:USDT|bybit:swap:LDO/USDT:USDT,True,,576,-0.0068912865708037905,0.990759554872892,0.0,True,0.1274692936629626,-0.1959671564784604,-0.005565005129970491,0.20404138616805234,0.3999929277983677,0.839378348805125,263.0,131.5,118.0,59.0,33.0,16.5,-0.6104561905833907,-0.07778415185785148,False,q95-q05=0.40% вне диапазона 4.00%–35.00% | std=0.127% < 0.600% | half-life=0.8 bars
LENOVO,gate,swap,LENOVO/USDT:USDT,bybit,swap,LENOVO/USDT:USDT,LENOVO|gate:swap:LENOVO/USDT:USDT|bybit:swap:LENOVO/USDT:USDT,True,,576,0.4457149329546781,0.6979550571114127,0.008215556871071608,True,0.39933983327464645,-0.6081439791779331,-0.006420057760025966,0.6168498451281534,1.2249558204599886,7.051514336800795,16.0,8.0,25.0,12.5,10.0,5.0,2.1236452346750925,0.851662316924906,False,q95-q05=1.22% вне диапазона 4.00%–35.00% | std=0.399% < 0.600%
LGELECTRONICS,gate,swap,LGELECTRONICS/USDT:USDT,bybit,swap,LGELECTRONICS/USDT:USDT,LGELECTRONICS|gate:swap:LGELECTRONICS/USDT:USDT|bybit:swap:LGELECTRONICS/USDT:USDT,True,,576,-0.04956701568224651,1.009612251224163,7.284983206341438e-09,True,0.2987151449693954,-0.5106583740598913,0.04779766815605768,0.47418746376135523,0.9850334263612703,3.850748653108962,46.0,23.0,37.0,18.5,6.0,3.0,1.7060253184917566,0.5109163493030922,False,q95-q05=0.99% вне диапазона 4.00%–35.00% | std=0.299% < 0.600%
LIGHT,gate,swap,LIGHT/USDT:USDT,bybit,swap,LIGHT/USDT:USDT,LIGHT|gate:swap:LIGHT/USDT:USDT|bybit:swap:LIGHT/USDT:USDT,True,,576,0.018506250887618893,1.0113199809431601,0.011704063642201194,True,0.10787614528946791,-0.17861088999381325,0.0041977130432302445,0.17069066118386989,0.3493157396663227,0.9481915733920034,248.0,124.0,123.0,61.5,27.0,13.5,-0.13694140836785165,-0.014771620153852805,False,q95-q05=0.35% вне диапазона 4.00%–35.00% | std=0.108% < 0.600% | half-life=0.9 bars
LINEA,gate,swap,LINEA/USDT:USDT,bybit,swap,LINEA/USDT:USDT,LINEA|gate:swap:LINEA/USDT:USDT|bybit:swap:LINEA/USDT:USDT,True,,576,-0.017950493500954918,0.9966839298176572,2.097791476926691e-28,True,0.2211199796097374,-0.3531411705449128,-0.003974235249204483,0.34111224795838613,0.6942979656553661,1.1853566883925335,211.0,105.5,89.0,44.5,19.0,9.5,-0.6649558713288715,-0.14692698517121405,False,q95-q05=0.69% вне диапазона 4.00%–35.00% | std=0.221% < 0.600% | half-life=1.2 bars
LINK,gate,swap,LINK/USDT:USDT,bybit,swap,LINK/USDT:USDT,LINK|gate:swap:LINK/USDT:USDT|bybit:swap:LINK/USDT:USDT,True,,576,0.015272540367050476,0.9943036105836095,7.85496734884674e-11,True,0.017414832853198184,-0.027167654384319118,2.7555857595729094e-07,0.02819599249128668,0.05536336362844674,1.0530200198579849,219.0,109.5,119.0,59.5,18.0,9.0,-0.88792578171773,-0.015461883602374549,False,q95-q05=0.06% вне диапазона 4.00%–35.00% | std=0.017% < 0.600% | half-life=1.1 bars
LIT,gate,swap,LIT/USDT:USDT,bybit,swap,LIT/USDT:USDT,LIT|gate:swap:LIT/USDT:USDT|bybit:swap:LIT/USDT:USDT,True,,576,0.0020609320461464128,0.9987029871952438,1.3851865584472517e-08,True,0.038878112654678325,-0.05953110516677684,-0.002620515107099042,0.07237055911146761,0.13189321621501215,0.8070951473132034,252.0,126.0,147.0,73.5,22.0,11.0,0.4294496291150164,0.01669758495173035,False,q95-q05=0.13% вне диапазона 4.00%–35.00% | std=0.039% < 0.600% | half-life=0.8 bars
LITE,gate,swap,LITE/USDT:USDT,bybit,swap,LITE/USDT:USDT,LITE|gate:swap:LITE/USDT:USDT|bybit:swap:LITE/USDT:USDT,True,,576,0.024476905925209794,0.9965344112695659,1.0419732560968443e-11,True,0.04419867729304646,-0.07258624337522779,0.000575247267464718,0.07034598200472697,0.14293385076018517,1.0220889697356181,223.0,111.5,134.0,67.0,26.0,13.0,0.5172160824991543,0.022862879879026465,False,q95-q05=0.14% вне диапазона 4.00%–35.00% | std=0.044% < 0.600% | half-life=1.0 bars
LLY,gate,swap,LLY/USDT:USDT,bybit,swap,LLY/USDT:USDT,LLY|gate:swap:LLY/USDT:USDT|bybit:swap:LLY/USDT:USDT,True,,576,0.014277227494277631,0.9979054690364176,1.4336799489316816e-15,True,0.06076724173186915,-0.09761030888649769,0.002710315536047503,0.09054685498297577,0.18816386481859126,0.9315821182087191,219.0,109.5,118.0,59.0,27.0,13.5,-0.6432920303342855,-0.0390834427433262,False,q95-q05=0.19% вне диапазона 4.00%–35.00% | std=0.061% < 0.600% | half-life=0.9 bars
LPT,gate,swap,LPT/USDT:USDT,bybit,swap,LPT/USDT:USDT,LPT|gate:swap:LPT/USDT:USDT|bybit:swap:LPT/USDT:USDT,True,,576,-0.00619398204216971,1.009845921423038,0.039350665497404916,True,0.09609265897442376,-0.15809534144040072,0.003779572779460949,0.15389811013823973,0.31200025235421647,1.0605717145896318,213.0,106.5,127.0,63.5,21.0,10.5,-1.498531476956387,-0.1438942469850768,False,q95-q05=0.31% вне диапазона 4.00%–35.00% | std=0.096% < 0.600% | half-life=1.1 bars
LQTY,gate,swap,LQTY/USDT:USDT,bybit,swap,LQTY/USDT:USDT,LQTY|gate:swap:LQTY/USDT:USDT|bybit:swap:LQTY/USDT:USDT,True,,576,0.010437236389709809,1.0084687749820402,1.1305382030137363e-17,True,0.25476685963807366,-0.45790928740939707,0.0140712441494939,0.34078570430924326,0.7991672492157875,1.67490940795215,158.0,79.0,85.0,42.5,15.0,7.5,0.15972845682684436,0.040701798275666334,False,q95-q05=0.80% вне диапазона 4.00%–35.00% | std=0.255% < 0.600% | half-life=1.7 bars
LRC,gate,swap,LRC/USDT:USDT,bybit,swap,LRC/USDT:USDT,LRC|gate:swap:LRC/USDT:USDT|bybit:swap:LRC/USDT:USDT,True,,576,0.087115639393109,1.0184974126384148,0.09298762678833744,False,0.45273922082733054,-0.7347461144955436,0.0039012647876646156,0.8348959307055592,1.5688886216584041,2.1725715044940395,155.0,77.5,45.0,22.5,20.0,10.0,-0.1885360930549597,-0.08532126455946809,False,ADF p-value=0.0930 > 0.05 | q95-q05=1.57% вне диапазона 4.00%–35.00% | std=0.453% < 0.600%
LRCX,gate,swap,LRCX/USDT:USDT,bybit,swap,LRCX/USDT:USDT,LRCX|gate:swap:LRCX/USDT:USDT|bybit:swap:LRCX/USDT:USDT,True,,576,0.17455200889627545,0.9700301525815047,8.27852158000214e-20,True,0.20310662022533593,-0.3015942192153398,-0.00014023607554092266,0.33723102667997384,0.6387136090909573,0.8894822982037726,239.0,119.5,128.0,64.0,22.0,11.0,-1.2561329221444482,-0.25480373516026944,False,q95-q05=0.64% вне диапазона 4.00%–35.00% | std=0.203% < 0.600% | half-life=0.9 bars
LSK,gate,swap,LSK/USDT:USDT,bybit,swap,LSK/USDT:USDT,LSK|gate:swap:LSK/USDT:USDT|bybit:swap:LSK/USDT:USDT,True,,576,0.013856266898721922,1.0104461070570063,4.264674895581307e-05,True,0.09591483017496188,-0.1643019892671571,0.00207413066615203,0.14705825091538838,0.3113873391759725,1.2018549186422562,208.0,104.0,122.0,61.0,23.0,11.5,0.4197638378976436,0.04026968328645353,False,q95-q05=0.31% вне диапазона 4.00%–35.00% | std=0.096% < 0.600% | half-life=1.2 bars
LTC,gate,swap,LTC/USDT:USDT,bybit,swap,LTC/USDT:USDT,LTC|gate:swap:LTC/USDT:USDT|bybit:swap:LTC/USDT:USDT,True,,576,0.008368117201198205,0.9980359022090253,7.116158002112352e-09,True,0.019677693742416454,-0.03090430399808053,0.0015159797551067555,0.03386509415472805,0.06476844158820327,0.7753876230322674,262.0,131.0,144.0,72.0,26.0,13.0,0.593803573852392,0.011685367555425152,False,q95-q05=0.06% вне диапазона 4.00%–35.00% | std=0.020% < 0.600% | half-life=0.8 bars
LUMIA,gate,swap,LUMIA/USDT:USDT,bybit,swap,LUMIA/USDT:USDT,LUMIA|gate:swap:LUMIA/USDT:USDT|bybit:swap:LUMIA/USDT:USDT,True,,576,-0.035876356197646606,0.9859893370440568,2.1588432752762777e-19,True,0.22837887713020805,-0.4012535515900084,0.012695268573437168,0.3369239097118948,0.7384183263966837,1.4416630253555953,198.0,99.0,85.0,42.5,21.0,10.5,0.2778837701066178,0.0634829252747382,False,q95-q05=0.74% вне диапазона 4.00%–35.00% | std=0.228% < 0.600% | half-life=1.4 bars
LYN,gate,swap,LYN/USDT:USDT,bybit,swap,LYN/USDT:USDT,LYN|gate:swap:LYN/USDT:USDT|bybit:swap:LYN/USDT:USDT,True,,576,-0.00486535888607643,0.9983171792516347,0.0033746278696121412,True,0.1756930307639731,-0.27575182294832246,-0.012500569358175895,0.2682539360129077,0.5440274959702118,0.7949035180266227,266.0,133.0,134.0,67.0,24.0,12.0,0.37023434791709764,0.06506875521421485,False,q95-q05=0.54% вне диапазона 4.00%–35.00% | std=0.176% < 0.600% | half-life=0.8 bars
M,gate,swap,M/USDT:USDT,bybit,swap,M/USDT:USDT,M|gate:swap:M/USDT:USDT|bybit:swap:M/USDT:USDT,True,,576,-0.0014429860970177118,0.979053613255936,0.023807246999466538,True,0.12765427959343173,-0.18456603608404398,-0.010762902378036454,0.24234625458119385,0.4267896386872857,1.2842761042686583,207.0,103.5,101.0,50.5,26.0,13.0,-1.2127957213707632,-0.15469878198958176,False,q95-q05=0.43% вне диапазона 4.00%–35.00% | std=0.128% < 0.600% | half-life=1.3 bars
MAGIC,gate,swap,MAGIC/USDT:USDT,bybit,swap,MAGIC/USDT:USDT,MAGIC|gate:swap:MAGIC/USDT:USDT|bybit:swap:MAGIC/USDT:USDT,True,,576,0.006045571972542006,1.0021922559494398,1.1403478569070602e-13,True,0.17598970745994374,-0.2817951331756996,0.00033560140904054236,0.2833525217682764,0.5651447583741587,1.1000621956081003,199.0,99.5,97.0,48.5,26.0,13.0,-0.902095535492157,-0.15863357311600712,False,q95-q05=0.57% вне диапазона 4.00%–35.00% | std=0.176% < 0.600% | half-life=1.1 bars
MAGMA,gate,swap,MAGMA/USDT:USDT,bybit,swap,MAGMA/USDT:USDT,MAGMA|gate:swap:MAGMA/USDT:USDT|bybit:swap:MAGMA/USDT:USDT,True,,576,0.0037077416792211724,1.0029775852225506,7.392784416119411e-18,True,0.23167813178226615,-0.3663822695338492,0.003411147176568541,0.36261951685072624,0.729018730645542,1.1443954144054918,218.0,109.0,97.0,48.5,28.0,14.0,1.4276966707925982,0.33131373212724746,False,q95-q05=0.73% вне диапазона 4.00%–35.00% | std=0.232% < 0.600% | half-life=1.1 bars
MANA,gate,swap,MANA/USDT:USDT,bybit,swap,MANA/USDT:USDT,MANA|gate:swap:MANA/USDT:USDT|bybit:swap:MANA/USDT:USDT,True,,576,-0.026118020665608904,0.9884090790735247,5.3970263563043343e-20,True,0.24732905796570054,-0.3947293968305843,-0.013150395005001592,0.4446451841726873,0.8391700675989044,1.3030430780333278,181.0,90.5,88.0,44.0,20.0,10.0,-0.4101807702728318,-0.10139818077411489,False,q95-q05=0.84% вне диапазона 4.00%–35.00% | std=0.247% < 0.600% | half-life=1.3 bars
MANTA,gate,swap,MANTA/USDT:USDT,bybit,swap,MANTA/USDT:USDT,MANTA|gate:swap:MANTA/USDT:USDT|bybit:swap:MANTA/USDT:USDT,True,,576,-0.041982352670837754,0.9837783760513017,1.2620340864601485e-19,True,0.19855092393666288,-0.35973233825246087,-0.0009028723069848255,0.31861820584151435,0.6784926246049539,1.3594719047265436,201.0,100.5,77.0,38.5,25.0,12.5,-0.21214026330261582,-0.04211177578438141,False,q95-q05=0.68% вне диапазона 4.00%–35.00% | std=0.199% < 0.600% | half-life=1.4 bars
MARA,gate,swap,MARA/USDT:USDT,bybit,swap,MARA/USDT:USDT,MARA|gate:swap:MARA/USDT:USDT|bybit:swap:MARA/USDT:USDT,True,,576,0.42804705261848736,0.8221266596630519,0.00013881507668069104,True,0.8887757926431591,-1.2642330456810735,-0.17770044472976698,1.5955031460089142,2.855201250589623,9.864801162764243,34.0,17.0,24.0,12.0,8.0,4.0,4.108932374795882,3.7194214100586764,False,q95-q05=2.86% вне диапазона 4.00%–35.00%
MARSCOIN,gate,swap,MARSCOIN/USDT:USDT,bybit,swap,MARSCOIN/USDT:USDT,MARSCOIN|gate:swap:MARSCOIN/USDT:USDT|bybit:swap:MARSCOIN/USDT:USDT,True,,576,-0.005683446648323294,0.9975428457579298,0.0,True,0.10016927489546534,-0.15241490121011836,0.00040934335407971645,0.15663266794834207,0.3090412978050572,0.6952839978577379,291.0,145.5,129.0,64.5,34.0,17.0,0.8682149714445447,0.08700629267728299,False,q95-q05=0.31% вне диапазона 4.00%–35.00% | std=0.100% < 0.600% | half-life=0.7 bars
MASK,gate,swap,MASK/USDT:USDT,bybit,swap,MASK/USDT:USDT,MASK|gate:swap:MASK/USDT:USDT|bybit:swap:MASK/USDT:USDT,True,,576,-0.012742385123067197,0.9821456522568808,1.1350761636156017e-26,True,0.23332143665692745,-0.40045981095577776,0.011462686404195566,0.34829266842952844,0.7489513326057962,1.3188128943028476,203.0,101.5,95.0,47.5,24.0,12.0,-0.5108896230779854,-0.11913048406110294,False,q95-q05=0.75% вне диапазона 4.00%–35.00% | std=0.233% < 0.600% | half-life=1.3 bars
MAV,gate,swap,MAV/USDT:USDT,bybit,swap,MAV/USDT:USDT,MAV|gate:swap:MAV/USDT:USDT|bybit:swap:MAV/USDT:USDT,True,,576,-0.142728245257418,0.9687773456202132,2.046328029845788e-12,True,0.2645483966482086,-0.4281791880772712,0.020020673372456166,0.36150018231118075,0.7899468411721733,1.998990424624377,189.0,94.5,60.0,30.0,10.0,5.0,1.0482842839539117,0.2777068195214838,False,q95-q05=0.79% вне диапазона 4.00%–35.00% | std=0.265% < 0.600% | half-life=2.0 bars
MAVIA,gate,swap,MAVIA/USDT:USDT,bybit,swap,MAVIA/USDT:USDT,MAVIA|gate:swap:MAVIA/USDT:USDT|bybit:swap:MAVIA/USDT:USDT,True,,576,-0.004255282860548523,0.9987188988508399,8.72464686571043e-20,True,0.1870877899403076,-0.265242229747209,-0.015468056011447295,0.3054175272269477,0.5705466955836958,1.1451794749776514,207.0,103.5,99.0,49.5,23.0,11.5,-1.1336486139895958,-0.21186705799711714,False,q95-q05=0.57% вне диапазона 4.00%–35.00% | std=0.187% < 0.600% | half-life=1.1 bars
MCD,gate,swap,MCD/USDT:USDT,bybit,swap,MCD/USDT:USDT,MCD|gate:swap:MCD/USDT:USDT|bybit:swap:MCD/USDT:USDT,True,,576,0.32257986615855533,0.9415870065371411,2.3925173412055896e-05,True,0.16826902126838864,-0.2746859824671377,0.002733420088785188,0.3021425451298576,0.5767509485799405,3.182985216872106,100.0,50.0,46.0,23.0,11.0,5.5,-0.8304426941299363,-0.13964019158683172,False,q95-q05=0.58% вне диапазона 4.00%–35.00% | std=0.168% < 0.600%
MDB,gate,swap,MDB/USDT:USDT,bybit,swap,MDB/USDT:USDT,MDB|gate:swap:MDB/USDT:USDT|bybit:swap:MDB/USDT:USDT,True,,576,0.2785234039298342,0.9524122627850351,1.5115097865817067e-05,True,0.37681585907579296,-0.7323848690802603,0.03449881455628301,0.4999034199046015,1.2337380256134622,2.655906662708833,78.0,39.0,47.0,23.5,15.0,7.5,4.777827371427496,1.8166653242374764,False,q95-q05=1.23% вне диапазона 4.00%–35.00% | std=0.377% < 0.600%
ME,gate,swap,ME/USDT:USDT,bybit,swap,ME/USDT:USDT,ME|gate:swap:ME/USDT:USDT|bybit:swap:ME/USDT:USDT,True,,576,-0.017816550365672226,0.9931126729209429,2.157753862275912e-18,True,0.14288427878543125,-0.23722368483952705,0.004006076797336,0.22789279884796176,0.4651390230661301,1.056458670709068,214.0,107.0,126.0,63.0,21.0,10.5,0.745791957544991,0.10661874339248367,False,q95-q05=0.47% вне диапазона 4.00%–35.00% | std=0.143% < 0.600% | half-life=1.1 bars
MEGA,gate,swap,MEGA/USDT:USDT,bybit,swap,MEGA/USDT:USDT,MEGA|gate:swap:MEGA/USDT:USDT|bybit:swap:MEGA/USDT:USDT,True,,576,0.005568583687499037,1.0018615059250233,1.0270094983128195e-12,True,0.1522037768696941,-0.20521180949731876,-0.0054964333269902355,0.25124615033440545,0.4563537122976635,0.7095186147731977,250.0,125.0,112.0,56.0,31.0,15.5,0.042249877067419776,0.006430797628742546,False,q95-q05=0.46% вне диапазона 4.00%–35.00% | std=0.152% < 0.600% | half-life=0.7 bars
MEITUAN,gate,swap,MEITUAN/USDT:USDT,bybit,swap,MEITUAN/USDT:USDT,MEITUAN|gate:swap:MEITUAN/USDT:USDT|bybit:swap:MEITUAN/USDT:USDT,True,,576,0.20250155564005126,0.9088815378506969,4.3297702100010585e-06,True,0.2757648884734828,-0.4197168056724987,-0.00018149204829009946,0.426560265453646,0.8462531650943017,3.684618230132065,45.0,22.5,27.0,13.5,4.0,2.0,-0.6996517961903717,-0.1927533911344148,False,q95-q05=0.85% вне диапазона 4.00%–35.00% | std=0.276% < 0.600%
MELANIA,gate,swap,MELANIA/USDT:USDT,bybit,swap,MELANIA/USDT:USDT,MELANIA|gate:swap:MELANIA/USDT:USDT|bybit:swap:MELANIA/USDT:USDT,True,,576,-0.012789248640807892,0.9953852733823574,1.395203122283828e-18,True,0.2953996244768343,-0.45100560792504796,-0.013334064492986908,0.46810172457594224,0.9190352420045622,1.4000004404832742,211.0,105.5,88.0,44.0,20.0,10.0,-0.729631529912478,-0.2153007746153457,False,q95-q05=0.92% вне диапазона 4.00%–35.00% | std=0.295% < 0.600% | half-life=1.4 bars
MEME,gate,swap,MEME/USDT:USDT,bybit,swap,MEME/USDT:USDT,MEME|gate:swap:MEME/USDT:USDT|bybit:swap:MEME/USDT:USDT,True,,576,-0.009840086972071182,0.9988656170368029,3.2335492754266313e-21,True,0.1081784061672985,-0.17286464207245666,0.0054982246983747984,0.17595326399360012,0.34881287298407226,0.8304871035803865,238.0,119.0,137.0,68.5,25.0,12.5,-0.8044310936479554,-0.08698422035698927,False,q95-q05=0.35% вне диапазона 4.00%–35.00% | std=0.108% < 0.600% | half-life=0.8 bars
MERL,gate,swap,MERL/USDT:USDT,bybit,swap,MERL/USDT:USDT,MERL|gate:swap:MERL/USDT:USDT|bybit:swap:MERL/USDT:USDT,True,,576,-0.00015210528855824453,0.9999679800183653,9.199598622185176e-24,True,0.23124830994207526,-0.42013270962385496,0.004135797309534617,0.34508605128511505,0.7655097424970392,1.0732285913106283,221.0,110.5,98.0,49.0,28.0,14.0,-0.733689730393111,-0.16952066131011856,False,q95-q05=0.77% вне диапазона 4.00%–35.00% | std=0.231% < 0.600% | half-life=1.1 bars
MET,gate,swap,MET/USDT:USDT,bybit,swap,MET/USDT:USDT,MET|gate:swap:MET/USDT:USDT|bybit:swap:MET/USDT:USDT,True,,576,0.0034167222004640617,1.0033502177970877,3.0277628471934456e-30,True,0.11410362582325537,-0.20426755897308135,-0.0026710138017471685,0.2008728197220977,0.40514780973142095,0.7566087083300005,269.0,134.5,123.0,61.5,40.0,20.0,-1.2587550086266115,-0.14352541412679942,False,q95-q05=0.41% вне диапазона 4.00%–35.00% | std=0.114% < 0.600% | half-life=0.8 bars
META,gate,swap,META/USDT:USDT,bybit,swap,META/USDT:USDT,META|gate:swap:META/USDT:USDT|bybit:swap:META/USDT:USDT,True,,576,0.018333840456495405,0.9972951307531479,0.0002504536340386381,True,0.030564405259224138,-0.053151881290791625,0.0018039417705617566,0.04531995908112485,0.09847570459993182,1.3211992690265681,179.0,89.5,111.0,55.5,24.0,12.0,-2.419322757977771,-0.07391782853098938,False,q95-q05=0.10% вне диапазона 4.00%–35.00% | std=0.031% < 0.600% | half-life=1.3 bars
METIS,gate,swap,METIS/USDT:USDT,bybit,swap,METIS/USDT:USDT,METIS|gate:swap:METIS/USDT:USDT|bybit:swap:METIS/USDT:USDT,True,,576,0.009859178525894859,0.9911425131737052,5.219765701378306e-07,True,0.20977493102893874,-0.32777771102429076,-0.0045165031147931245,0.3351401899578832,0.6628959257496458,1.131506137101569,221.0,110.5,102.0,51.0,25.0,12.5,-1.802237912935264,-0.37735057045926723,False,q95-q05=0.66% вне диапазона 4.00%–35.00% | std=0.210% < 0.600% | half-life=1.1 bars
MEW,gate,swap,MEW/USDT:USDT,bybit,swap,MEW/USDT:USDT,MEW|gate:swap:MEW/USDT:USDT|bybit:swap:MEW/USDT:USDT,True,,576,-0.014934051020829921,0.998164492584911,0.003226929546498916,True,0.13775093002719127,-0.23024393456104741,0.0021654856408925838,0.21781988568172483,0.44809240556311636,0.8166517036612859,257.0,128.5,124.0,62.0,35.0,17.5,1.0288011611940173,0.14181878462886655,False,q95-q05=0.45% вне диапазона 4.00%–35.00% | std=0.138% < 0.600% | half-life=0.8 bars
MINA,gate,swap,MINA/USDT:USDT,bybit,swap,MINA/USDT:USDT,MINA|gate:swap:MINA/USDT:USDT|bybit:swap:MINA/USDT:USDT,True,,576,-0.0027725841464830083,0.9999588497677506,8.284711886505211e-08,True,0.11338462365804813,-0.17772697902574963,0.0020326895152411595,0.15992994074203182,0.3376872898019523,0.8005435977886176,227.0,113.5,116.0,58.0,26.0,13.0,1.107034413269141,0.1255994905018598,False,q95-q05=0.34% вне диапазона 4.00%–35.00% | std=0.113% < 0.600% | half-life=0.8 bars
MINIMAX,gate,swap,MINIMAX/USDT:USDT,bybit,swap,MINIMAX/USDT:USDT,MINIMAX|gate:swap:MINIMAX/USDT:USDT|bybit:swap:MINIMAX/USDT:USDT,True,,576,0.022134317416119025,0.9935632533171647,1.6944755713876997e-15,True,0.07119122835774093,-0.11131568178599505,-0.0007589946198538478,0.1107982370843752,0.2221145848468109,1.049721101153085,231.0,115.5,117.0,58.5,29.0,14.5,-0.6412991446129165,-0.04564445359784841,False,q95-q05=0.22% вне диапазона 4.00%–35.00% | std=0.071% < 0.600% | half-life=1.0 bars
MIRA,gate,swap,MIRA/USDT:USDT,bybit,swap,MIRA/USDT:USDT,MIRA|gate:swap:MIRA/USDT:USDT|bybit:swap:MIRA/USDT:USDT,True,,576,-0.04170550103962568,0.9861465320826629,1.0992277761507426e-12,True,0.12726667615571172,-0.18238025425361126,-0.005736113602772264,0.21103301048646106,0.3933574181426924,0.8766172007968948,215.0,107.5,109.0,54.5,25.0,12.5,-0.41727668719935973,-0.05309131858626248,False,q95-q05=0.39% вне диапазона 4.00%–35.00% | std=0.127% < 0.600% | half-life=0.9 bars
MITO,gate,swap,MITO/USDT:USDT,bybit,swap,MITO/USDT:USDT,MITO|gate:swap:MITO/USDT:USDT|bybit:swap:MITO/USDT:USDT,True,,576,-0.08908955933310334,0.9787961454750446,6.079446283238129e-16,True,0.15663182164400075,-0.24386535696639955,0.000942962443772899,0.23237318182451894,0.4762668057084696,0.7872231188958861,260.0,130.0,117.0,58.5,26.0,13.0,-0.9832182054522141,-0.1538847344268235,False,q95-q05=0.48% вне диапазона 4.00%–35.00% | std=0.157% < 0.600% | half-life=0.8 bars
MMT,gate,swap,MMT/USDT:USDT,bybit,swap,MMT/USDT:USDT,MMT|gate:swap:MMT/USDT:USDT|bybit:swap:MMT/USDT:USDT,True,,576,-0.006922576357494408,0.9951341346375073,0.0001703585790270896,True,0.11182414907776404,-0.16982517871843017,-0.013945965250228287,0.19631302908340587,0.3660901320199583,0.9326889392013228,214.0,107.0,127.0,63.5,26.0,13.0,-0.6394515290132758,-0.07148056357272337,False,q95-q05=0.37% вне диапазона 4.00%–35.00% | std=0.112% < 0.600% | half-life=0.9 bars
MNT,gate,swap,MNT/USDT:USDT,bybit,swap,MNT/USDT:USDT,MNT|gate:swap:MNT/USDT:USDT|bybit:swap:MNT/USDT:USDT,True,,576,0.0016694323650673908,1.0054236311356817,1.0677841258656549e-16,True,0.16359474616350583,-0.24485805396968763,-2.9955878977361294e-05,0.23740471573532318,0.48228167751536016,1.3674200562045045,209.0,104.5,89.0,44.5,18.0,9.0,0.4647050788226855,0.07605221445314836,False,q95-q05=0.48% вне диапазона 4.00%–35.00% | std=0.164% < 0.600% | half-life=1.4 bars
MO,gate,swap,MO/USDT:USDT,bybit,swap,MO/USDT:USDT,MO|gate:swap:MO/USDT:USDT|bybit:swap:MO/USDT:USDT,True,,576,1.3327487746680016,0.6837862800484625,0.005395550153282798,True,0.5667979600547534,-0.7345834858564215,0.014045163133857841,0.8393183462141351,1.5731104918820904,20.134109460594047,21.0,10.5,5.0,2.5,1.0,0.5,-0.46950134810408284,-0.2657586411559332,False,q95-q05=1.57% вне диапазона 4.00%–35.00% | std=0.567% < 0.600%
MOCA,gate,swap,MOCA/USDT:USDT,bybit,swap,MOCA/USDT:USDT,MOCA|gate:swap:MOCA/USDT:USDT|bybit:swap:MOCA/USDT:USDT,True,,576,0.029631881435267304,1.006316672759605,4.417881369722761e-25,True,0.14618204361843135,-0.24743902256595396,0.005077353810545304,0.2431953028456224,0.4906457204923109,0.9411128593686019,233.0,116.5,117.0,58.5,30.0,15.0,0.6384025581265431,0.09336655005034444,False,q95-q05=0.49% вне диапазона 4.00%–35.00% | std=0.146% < 0.600% | half-life=0.9 bars
MON,gate,swap,MON/USDT:USDT,bybit,swap,MON/USDT:USDT,MON|gate:swap:MON/USDT:USDT|bybit:swap:MON/USDT:USDT,True,,576,0.0007763894914652631,1.0001957572557825,2.6818343397818055e-06,True,0.08975119332526461,-0.13439726054715884,-0.010377305609021725,0.14192687244434232,0.27631390611888573,0.7983116110863528,250.0,125.0,132.0,66.0,28.0,14.0,2.1240957456100467,0.19082196172854893,False,q95-q05=0.28% вне диапазона 4.00%–35.00% | std=0.090% < 0.600% | half-life=0.8 bars
MOODENG,gate,swap,MOODENG/USDT:USDT,bybit,swap,MOODENG/USDT:USDT,MOODENG|gate:swap:MOODENG/USDT:USDT|bybit:swap:MOODENG/USDT:USDT,True,,576,-0.07264965407049824,0.9766348881072887,0.0003952573566524808,True,0.1356117537930417,-0.22534177525642685,0.0058586048551134695,0.20277251983524813,0.4281632657514245,0.884414354273866,233.0,116.5,119.0,59.5,27.0,13.5,0.3156545740717303,0.04281563365986507,False,q95-q05=0.43% вне диапазона 4.00%–35.00% | std=0.136% < 0.600% | half-life=0.9 bars
MORPHO,gate,swap,MORPHO/USDT:USDT,bybit,swap,MORPHO/USDT:USDT,MORPHO|gate:swap:MORPHO/USDT:USDT|bybit:swap:MORPHO/USDT:USDT,True,,576,0.0028981363544159874,0.9965161357474452,0.00012096201406317537,True,0.13217772494251145,-0.21023183122833577,-0.014021610877468227,0.24756517279993506,0.45771236360752365,0.7330511420050975,269.0,134.5,117.0,58.5,35.0,17.5,-0.6634774302844356,-0.08765849476014553,False,q95-q05=0.46% вне диапазона 4.00%–35.00% | std=0.132% < 0.600% | half-life=0.7 bars
MOVE,gate,swap,MOVE/USDT:USDT,bybit,swap,MOVE/USDT:USDT,MOVE|gate:swap:MOVE/USDT:USDT|bybit:swap:MOVE/USDT:USDT,True,,576,-0.036146216816227456,0.9925257706761675,1.2122329284756836e-21,True,0.14102922737481868,-0.22129522772155186,-0.0050070352662023865,0.22761961300621358,0.44890139944995244,0.7576536170321664,234.0,117.0,126.0,63.0,29.0,14.5,-2.8730844863824143,-0.4043691027295737,False,q95-q05=0.45% вне диапазона 4.00%–35.00% | std=0.141% < 0.600% | half-life=0.8 bars
MOVR,gate,swap,MOVR/USDT:USDT,bybit,swap,MOVR/USDT:USDT,MOVR|gate:swap:MOVR/USDT:USDT|bybit:swap:MOVR/USDT:USDT,True,,576,0.000206422660761005,0.9985579163606404,0.19616138952222867,False,0.08714230837125173,-0.1561623848263971,0.0038177724373422706,0.13290074757936754,0.2890969580739394,1.3180490587578244,200.0,100.0,126.0,63.0,16.0,8.0,1.5909463881039185,0.1387348886840778,False,ADF p-value=0.1962 > 0.05 | q95-q05=0.29% вне диапазона 4.00%–35.00% | std=0.087% < 0.600% | half-life=1.3 bars
MRK,gate,swap,MRK/USDT:USDT,bybit,swap,MRK/USDT:USDT,MRK|gate:swap:MRK/USDT:USDT|bybit:swap:MRK/USDT:USDT,True,,576,1.023535241544708,0.7943373060820497,1.5449725189120525e-06,True,0.21221562848341508,-0.31462445419960794,-0.055424163051009945,0.4295808507436494,0.7437812237452324,5.742540829366179,35.0,17.5,29.0,14.5,13.0,6.5,-1.6312648307784445,-0.34558137954401325,False,q95-q05=0.74% вне диапазона 4.00%–35.00% | std=0.212% < 0.600%
MRNA,gate,swap,MRNA/USDT:USDT,bybit,swap,MRNA/USDT:USDT,MRNA|gate:swap:MRNA/USDT:USDT|bybit:swap:MRNA/USDT:USDT,True,,576,0.08688026439808996,0.9833960709716775,7.679313810255652e-14,True,0.2103014510082532,-0.3282707834438181,-0.01402145795497134,0.37445831678379893,0.7025697409924314,1.2038561755162782,164.0,82.0,85.0,42.5,16.0,8.0,0.6730558360172175,0.14164484060037452,False,q95-q05=0.70% вне диапазона 4.00%–35.00% | std=0.210% < 0.600% | half-life=1.2 bars
MRVL,gate,swap,MRVL/USDT:USDT,bybit,swap,MRVL/USDT:USDT,MRVL|gate:swap:MRVL/USDT:USDT|bybit:swap:MRVL/USDT:USDT,True,,576,0.05126144030118053,0.9908524605833607,7.587264526766984e-08,True,0.034716312732156425,-0.05586288101634418,-0.0002507365541637441,0.059986433209946455,0.11584693867812135,0.8925676851326769,243.0,121.5,128.0,64.0,33.0,16.5,0.27330200221046447,0.00948848790727208,False,q95-q05=0.12% вне диапазона 4.00%–35.00% | std=0.035% < 0.600% | half-life=0.9 bars
MSFT,gate,swap,MSFT/USDT:USDT,bybit,swap,MSFT/USDT:USDT,MSFT|gate:swap:MSFT/USDT:USDT|bybit:swap:MSFT/USDT:USDT,True,,576,0.1460135547710263,0.9766212857765879,0.00024736152820353644,True,0.029441202082203362,-0.04907267216710531,-0.0010885432789931038,0.04650151577518802,0.09557542391442908,1.168131018182286,173.0,86.5,99.0,49.5,27.0,13.5,0.959384258429542,0.028249415223124963,False,q95-q05=0.10% вне диапазона 4.00%–35.00% | std=0.029% < 0.600% | half-life=1.2 bars
MSFU,gate,swap,MSFU/USDT:USDT,bybit,swap,MSFU/USDT:USDT,MSFU|gate:swap:MSFU/USDT:USDT|bybit:swap:MSFU/USDT:USDT,True,,576,0.8898050117543077,0.7601214260003759,0.002206374558366993,True,0.44622913588006224,-0.6530213516693029,-0.08916426584173465,0.7262494150205745,1.3787877874120946,3.2881505856872315,49.0,24.5,38.0,19.0,15.0,7.5,2.63742540078952,1.1838487276566667,False,q95-q05=1.38% вне диапазона 4.00%–35.00% | std=0.446% < 0.600%
MSTR,gate,swap,MSTR/USDT:USDT,bybit,swap,MSTR/USDT:USDT,MSTR|gate:swap:MSTR/USDT:USDT|bybit:swap:MSTR/USDT:USDT,True,,576,0.05458533459893754,0.989306371877808,1.1970205805038238e-05,True,0.034584914468584256,-0.05457299178438513,-0.0005408218116786934,0.05465041365282364,0.10922337401422233,1.1959285148933396,207.0,103.5,116.0,58.0,23.0,11.5,-4.6059265203519075,-0.1591687666964714,False,q95-q05=0.11% вне диапазона 4.00%–35.00% | std=0.035% < 0.600% | half-life=1.2 bars
MSTU,gate,swap,MSTU/USDT:USDT,bybit,swap,MSTU/USDT:USDT,MSTU|gate:swap:MSTU/USDT:USDT|bybit:swap:MSTU/USDT:USDT,True,,576,-0.15961614518507913,1.041137437981992,5.0391456258345066e-06,True,1.0654693416515735,-1.8561166266547136,0.08146900448018357,1.6764041097916849,3.5360661872633092,4.703432590104909,91.0,45.5,44.0,22.0,9.0,4.5,-0.3374767393370261,-0.3589254364625871,False,q95-q05=3.54% вне диапазона 4.00%–35.00%
MTL,gate,swap,MTL/USDT:USDT,bybit,swap,MTL/USDT:USDT,MTL|gate:swap:MTL/USDT:USDT|bybit:swap:MTL/USDT:USDT,True,,576,-0.027321123784366713,0.9774294051572661,2.0031072718196307e-12,True,0.12149152781217591,-0.2191264400008719,0.006419094003318193,0.18324909686338042,0.40244827382650006,0.9332037588809454,237.0,118.5,117.0,58.5,25.0,12.5,-0.3132942353584101,-0.038055352421551,False,q95-q05=0.40% вне диапазона 4.00%–35.00% | std=0.121% < 0.600% | half-life=0.9 bars
MU,gate,swap,MU/USDT:USDT,bybit,swap,MU/USDT:USDT,MU|gate:swap:MU/USDT:USDT|bybit:swap:MU/USDT:USDT,True,,576,0.03144281718227616,0.9955101727301519,0.0022854389414591145,True,0.01739343123268912,-0.028344950480674314,-0.00013143653472269534,0.029576981322154694,0.05792157661634878,1.200087593377466,176.0,88.0,120.0,60.0,22.0,11.0,0.9340811207809724,0.016248195616652694,False,q95-q05=0.06% вне диапазона 4.00%–35.00% | std=0.017% < 0.600% | half-life=1.2 bars
MUBARAK,gate,swap,MUBARAK/USDT:USDT,bybit,swap,MUBARAK/USDT:USDT,MUBARAK|gate:swap:MUBARAK/USDT:USDT|bybit:swap:MUBARAK/USDT:USDT,True,,576,-0.0020654914029311603,0.9993530760679004,1.4818796751266987e-10,True,0.08964520793284268,-0.14910144009609994,-0.0024139744552953424,0.13602519999911244,0.2851454764409067,0.7582221756874304,255.0,127.5,127.0,63.5,33.0,16.5,1.343222271649284,0.12048596593192684,False,q95-q05=0.29% вне диапазона 4.00%–35.00% | std=0.090% < 0.600% | half-life=0.8 bars
MUU,gate,swap,MUU/USDT:USDT,bybit,swap,MUU/USDT:USDT,MUU|gate:swap:MUU/USDT:USDT|bybit:swap:MUU/USDT:USDT,True,,576,0.0016802396513569276,0.9995134476004449,2.9622523303786235e-13,True,0.048748321475326616,-0.0744174415725607,0.007037676432908313,0.08761560026773196,0.1620223853009417,0.839380454146748,252.0,126.0,118.0,59.0,23.0,11.5,1.264218728177593,0.06164753526358702,False,q95-q05=0.16% вне диапазона 4.00%–35.00% | std=0.049% < 0.600% | half-life=0.8 bars
MVLL,gate,swap,MVLL/USDT:USDT,bybit,swap,MVLL/USDT:USDT,MVLL|gate:swap:MVLL/USDT:USDT|bybit:swap:MVLL/USDT:USDT,True,,576,0.013049955809559168,0.9963859775283375,0.018512026350425488,True,0.09327712453100048,-0.15507129764531502,0.00043754087220015947,0.15519971660662435,0.31027106393854975,0.987364895637661,226.0,113.0,117.0,58.5,29.0,14.5,3.2101115517462877,0.2998787142949766,False,q95-q05=0.31% вне диапазона 4.00%–35.00% | std=0.093% < 0.600% | half-life=1.0 bars
MYX,gate,swap,MYX/USDT:USDT,bybit,swap,MYX/USDT:USDT,MYX|gate:swap:MYX/USDT:USDT|bybit:swap:MYX/USDT:USDT,True,,576,-0.05039320843146582,0.9817173180921619,9.409080913151928e-07,True,0.15960421765579397,-0.2607585346185326,0.0037199438708723775,0.24917973123730341,0.5099688951595738,0.907064422209307,224.0,112.0,132.0,66.0,29.0,14.5,-1.3854083319958093,-0.2208727293789292,False,q95-q05=0.51% вне диапазона 4.00%–35.00% | std=0.160% < 0.600% | half-life=0.9 bars
NAORIS,gate,swap,NAORIS/USDT:USDT,bybit,swap,NAORIS/USDT:USDT,NAORIS|gate:swap:NAORIS/USDT:USDT|bybit:swap:NAORIS/USDT:USDT,True,,576,-0.05565889926484156,0.9841116103222382,1.0522229006807862e-15,True,0.23357577196856366,-0.37043524358180147,-7.440363928301608e-05,0.3854533449899611,0.7558354310815307,1.5777358645336306,162.0,81.0,94.0,47.0,19.0,9.5,0.01983701110085931,0.00463355252708908,False,q95-q05=0.76% вне диапазона 4.00%–35.00% | std=0.234% < 0.600% | half-life=1.6 bars
NAVER,gate,swap,NAVER/USDT:USDT,bybit,swap,NAVER/USDT:USDT,NAVER|gate:swap:NAVER/USDT:USDT|bybit:swap:NAVER/USDT:USDT,True,,576,0.4404179963800595,0.9113681312793375,6.949862006506054e-05,True,0.244778516895798,-0.38410875599743655,0.00957059990556175,0.3340550614479687,0.7183466852064058,4.295808845056291,59.0,29.5,32.0,16.0,7.0,3.5,1.4531794219077148,0.3563404921759883,False,q95-q05=0.72% вне диапазона 4.00%–35.00% | std=0.245% < 0.600%
NBIS,gate,swap,NBIS/USDT:USDT,bybit,swap,NBIS/USDT:USDT,NBIS|gate:swap:NBIS/USDT:USDT|bybit:swap:NBIS/USDT:USDT,True,,576,0.040691528335076076,0.9926132896556448,1.1598876481799799e-07,True,0.04275475819635051,-0.07074751336975105,0.001127140707724017,0.06924294299537337,0.1399915323630374,1.0885358789174056,215.0,107.5,116.0,58.0,22.0,11.0,-0.4039665888194367,-0.017270002387570482,False,q95-q05=0.14% вне диапазона 4.00%–35.00% | std=0.043% < 0.600% | half-life=1.1 bars
NEAR,gate,swap,NEAR/USDT:USDT,bybit,swap,NEAR/USDT:USDT,NEAR|gate:swap:NEAR/USDT:USDT|bybit:swap:NEAR/USDT:USDT,True,,576,0.002840686019851269,0.9982867152011802,0.23646550694546759,False,0.03865046080283983,-0.056649357906291,-0.002890556808876621,0.06431818786001298,0.12096292229590855,2.16421456259523,105.0,52.5,92.0,46.0,19.0,9.5,1.8692300729298024,0.07227270781009487,False,ADF p-value=0.2365 > 0.05 | q95-q05=0.12% вне диапазона 4.00%–35.00% | std=0.039% < 0.600%
NEO,gate,swap,NEO/USDT:USDT,bybit,swap,NEO/USDT:USDT,NEO|gate:swap:NEO/USDT:USDT|bybit:swap:NEO/USDT:USDT,True,,576,0.0009469303298198486,0.9980051382423296,3.0150773089450097e-18,True,0.24887016535475076,-0.4367865163568352,0.011006081227771247,0.3677531866284278,0.8048218433981708,1.6625650586917804,185.0,92.5,62.0,31.0,20.0,10.0,-0.07994809973426174,-0.01989471753924832,False,q95-q05=0.80% вне диапазона 4.00%–35.00% | std=0.249% < 0.600% | half-life=1.7 bars
NET,gate,swap,NET/USDT:USDT,bybit,swap,NET/USDT:USDT,NET|gate:swap:NET/USDT:USDT|bybit:swap:NET/USDT:USDT,True,,576,1.6960410026743606,0.7104855194077254,0.0048383963581502785,True,0.34074057491931853,-0.5102433384259308,-0.027472547056950347,0.5589001272392924,1.0688936004304095,7.008285539496552,33.0,16.5,30.0,15.0,12.0,6.0,2.714809707831774,0.9293375929061654,False,q95-q05=1.07% вне диапазона 4.00%–35.00% | std=0.341% < 0.600%
NEWT,gate,swap,NEWT/USDT:USDT,bybit,swap,NEWT/USDT:USDT,NEWT|gate:swap:NEWT/USDT:USDT|bybit:swap:NEWT/USDT:USDT,True,,576,-0.01935713182282276,0.994359844539111,2.060068901028856e-21,True,0.15725539361063817,-0.2545896495636413,-0.007223740473250029,0.2785366240342091,0.5330637097113344,1.1355724465074715,254.0,127.0,86.0,43.0,24.0,12.0,-3.2511588375575364,-0.5099575416470659,False,q95-q05=0.53% вне диапазона 4.00%–35.00% | std=0.157% < 0.600% | half-life=1.1 bars
NFLX,gate,swap,NFLX/USDT:USDT,bybit,swap,NFLX/USDT:USDT,NFLX|gate:swap:NFLX/USDT:USDT|bybit:swap:NFLX/USDT:USDT,True,,576,0.0256421196128243,0.9939846605211818,2.060758013083493e-09,True,0.06564823699205923,-0.10738855178152873,0.003352937190226335,0.10644464441076362,0.2138342868706289,1.2566575115480123,183.0,91.5,91.0,45.5,22.0,11.0,0.42105713336086975,0.02764547913673976,False,q95-q05=0.21% вне диапазона 4.00%–35.00% | std=0.066% < 0.600% | half-life=1.3 bars
NIGHT,gate,swap,NIGHT/USDT:USDT,bybit,swap,NIGHT/USDT:USDT,NIGHT|gate:swap:NIGHT/USDT:USDT|bybit:swap:NIGHT/USDT:USDT,True,,576,-0.005228835880035025,0.9980838042886108,0.004058939192329543,True,0.09784675074121094,-0.15325810221993308,0.0016778959911256663,0.1572223227524816,0.3104745204298931,1.018677284601222,209.0,104.5,121.0,60.5,30.0,15.0,0.013683850026200019,0.0013389292263799035,False,q95-q05=0.31% вне диапазона 4.00%–35.00% | std=0.098% < 0.600% | half-life=1.0 bars
NIL,gate,swap,NIL/USDT:USDT,bybit,swap,NIL/USDT:USDT,NIL|gate:swap:NIL/USDT:USDT|bybit:swap:NIL/USDT:USDT,True,,576,-0.01047642279853382,0.9959891306399147,1.0929493779046231e-17,True,0.11746918030793563,-0.1795900206337353,-0.003778269675092094,0.19007557097594496,0.3696466327893777,0.8294754625267987,254.0,127.0,113.0,56.5,28.0,14.0,0.3213753967000597,0.03775883127423718,False,q95-q05=0.37% вне диапазона 4.00%–35.00% | std=0.117% < 0.600% | half-life=0.8 bars
NMR,gate,swap,NMR/USDT:USDT,bybit,swap,NMR/USDT:USDT,NMR|gate:swap:NMR/USDT:USDT|bybit:swap:NMR/USDT:USDT,True,,576,-0.017309270658955756,1.0070687996202132,6.342150835067865e-08,True,0.09013924088180404,-0.135338002018226,3.286120380252555e-05,0.14519295172732427,0.28051731528344614,0.7994287735588647,259.0,129.5,107.0,53.5,24.0,12.0,-1.5069064210110545,-0.13573919177692906,False,q95-q05=0.28% вне диапазона 4.00%–35.00% | std=0.090% < 0.600% | half-life=0.8 bars
NOM,gate,swap,NOM/USDT:USDT,bybit,swap,NOM/USDT:USDT,NOM|gate:swap:NOM/USDT:USDT|bybit:swap:NOM/USDT:USDT,True,,576,-0.011056916017455986,0.9978491967315701,1.1418642160559624e-20,True,0.19222774287063055,-0.28256797227681485,0.016268266394692255,0.3110007158410921,0.5934860581836121,0.7624300363056431,227.0,113.5,112.0,56.0,25.0,12.5,-0.10692481323545182,-0.02055180333238038,False,q95-q05=0.59% вне диапазона 4.00%–35.00% | std=0.192% < 0.600% | half-life=0.8 bars
NOT,gate,swap,NOT/USDT:USDT,bybit,swap,NOT/USDT:USDT,NOT|gate:swap:NOT/USDT:USDT|bybit:swap:NOT/USDT:USDT,True,,576,0.08838914268899568,1.0115975992471153,2.749466057697836e-15,True,0.27563810835278796,-0.51429885916352,0.015340024293175603,0.41030030071453893,0.9250867921546169,1.4888888110954783,193.0,96.5,83.0,41.5,22.0,11.0,-2.2648709605272708,-0.6223401387304373,False,q95-q05=0.93% вне диапазона 4.00%–35.00% | std=0.276% < 0.600% | half-life=1.5 bars
NOW,gate,swap,NOW/USDT:USDT,bybit,swap,NOW/USDT:USDT,NOW|gate:swap:NOW/USDT:USDT|bybit:swap:NOW/USDT:USDT,True,,576,0.13927073786380745,0.9715117201950397,5.165890794051561e-08,True,0.10596913702033925,-0.18352134863437453,0.002769953435666217,0.18390474981175853,0.3674258074482406,0.9101472253696056,203.0,101.5,100.0,50.0,28.0,14.0,-1.0078584002800086,-0.10674487200215133,False,q95-q05=0.37% вне диапазона 4.00%–35.00% | std=0.106% < 0.600% | half-life=0.9 bars
NVDA,gate,swap,NVDA/USDT:USDT,bybit,swap,NVDA/USDT:USDT,NVDA|gate:swap:NVDA/USDT:USDT|bybit:swap:NVDA/USDT:USDT,True,,576,-0.001313466830975575,1.0002479290753716,1.5202784623304528e-05,True,0.017319414422337448,-0.029559424091241127,0.0007466502140118791,0.026467526673190633,0.056027818391379824,1.2104581877241383,195.0,97.5,114.0,57.0,26.0,13.0,-0.9695704923653777,-0.016790983325809528,False,q95-q05=0.06% вне диапазона 4.00%–35.00% | std=0.017% < 0.600% | half-life=1.2 bars
NVDL,gate,swap,NVDL/USDT:USDT,bybit,swap,NVDL/USDT:USDT,NVDL|gate:swap:NVDL/USDT:USDT|bybit:swap:NVDL/USDT:USDT,True,,576,0.04723017021863191,0.9866510719374268,5.8348364871875495e-08,True,0.4490912397415006,-0.8421436662403914,-0.03566682230231599,0.8189800338382458,1.6613543221111415,4.368865684932089,58.0,29.0,35.0,17.5,11.0,5.5,2.01704356855652,0.9099517125393364,False,q95-q05=1.66% вне диапазона 4.00%–35.00% | std=0.449% < 0.600%
NVO,gate,swap,NVO/USDT:USDT,bybit,swap,NVO/USDT:USDT,NVO|gate:swap:NVO/USDT:USDT|bybit:swap:NVO/USDT:USDT,True,,576,-0.16450911439764423,1.0453189393675846,6.606447156415696e-13,True,0.09919400639073774,-0.15007169139544807,-0.0032895752444472848,0.1737174196220881,0.3237511171785612,1.2732374745676043,188.0,94.0,99.0,49.5,19.0,9.5,-1.0141407481743743,-0.10054610235402661,False,q95-q05=0.32% вне диапазона 4.00%–35.00% | std=0.099% < 0.600% | half-life=1.3 bars
NXPC,gate,swap,NXPC/USDT:USDT,bybit,swap,NXPC/USDT:USDT,NXPC|gate:swap:NXPC/USDT:USDT|bybit:swap:NXPC/USDT:USDT,True,,576,0.006023534504465933,1.0040244834142507,3.2306706860641495e-14,True,0.2178900400805029,-0.3585806652711021,-0.010008414740214633,0.37112335575155697,0.7296614989175165,1.3185143289423904,190.0,95.0,76.0,38.0,24.0,12.0,0.08225958819470972,0.017925151332010003,False,q95-q05=0.73% вне диапазона 4.00%–35.00% | std=0.218% < 0.600% | half-life=1.3 bars
O,gate,swap,O/USDT:USDT,bybit,swap,O/USDT:USDT,O|gate:swap:O/USDT:USDT|bybit:swap:O/USDT:USDT,True,,576,0.0015730069691722176,1.0024938387353037,2.0906373728933386e-05,True,0.12428164050168346,-0.18932963640632128,-0.0034488854099068433,0.21262511261672667,0.4019084768421194,0.8615266476834257,241.0,120.5,126.0,63.0,24.0,12.0,-0.9060329568000496,-0.11253988853554553,False,q95-q05=0.40% вне диапазона 4.00%–35.00% | std=0.124% < 0.600% | half-life=0.9 bars
OG,gate,swap,OG/USDT:USDT,bybit,swap,OG/USDT:USDT,OG|gate:swap:OG/USDT:USDT|bybit:swap:OG/USDT:USDT,True,,576,0.08955441066988987,0.912657755288406,0.0016285895185233449,True,0.21222874986067497,-0.3521454605766472,-0.0006970474454637277,0.3482454794788703,0.7004074611925648,2.2755275923614575,140.0,70.0,58.0,29.0,14.0,7.0,0.985429579642281,0.2093553306493412,False,q95-q05=0.70% вне диапазона 4.00%–35.00% | std=0.212% < 0.600%
OGN,gate,swap,OGN/USDT:USDT,bybit,swap,OGN/USDT:USDT,OGN|gate:swap:OGN/USDT:USDT|bybit:swap:OGN/USDT:USDT,True,,576,-0.04558318744792621,0.9881624437331379,5.250872856638135e-19,True,0.22534865804140514,-0.36617921393451436,0.020098578036309434,0.3171305527871926,0.683480045664786,1.4765973682533997,170.0,85.0,84.0,42.0,18.0,9.0,-1.1263379016775656,-0.25349688725434527,False,q95-q05=0.68% вне диапазона 4.00%–35.00% | std=0.225% < 0.600% | half-life=1.5 bars
OKB,gate,swap,OKB/USDT:USDT,bybit,swap,OKB/USDT:USDT,OKB|gate:swap:OKB/USDT:USDT|bybit:swap:OKB/USDT:USDT,True,,576,-0.12379624357457492,1.0253561841487862,1.5917174220809092e-09,True,0.07967257410743674,-0.12472609841326365,-0.0038185685036329353,0.13242951392924418,0.2571458495371548,1.4271628707187258,187.0,93.5,107.0,53.5,16.0,8.0,0.837048959873311,0.06671208790858252,False,q95-q05=0.26% вне диапазона 4.00%–35.00% | std=0.080% < 0.600% | half-life=1.4 bars
OKLO,gate,swap,OKLO/USDT:USDT,bybit,swap,OKLO/USDT:USDT,OKLO|gate:swap:OKLO/USDT:USDT|bybit:swap:OKLO/USDT:USDT,True,,576,0.3550752335511929,0.9011637982811115,0.001051578070515472,True,0.5572467767696601,-0.866591801873462,-0.013311207902444444,0.9497929639779912,1.8156793329256349,5.091919146951696,59.0,29.5,36.0,18.0,9.0,4.5,0.16892239495353129,0.09417577767514285,False,q95-q05=1.82% вне диапазона 4.00%–35.00% | std=0.557% < 0.600%
OKTA,gate,swap,OKTA/USDT:USDT,bybit,swap,OKTA/USDT:USDT,OKTA|gate:swap:OKTA/USDT:USDT|bybit:swap:OKTA/USDT:USDT,True,,576,0.049799156501454854,0.9906799843020649,0.03004720836704906,True,0.4864970517217999,-0.8843352381904701,0.020076272003199946,0.7253950983341362,1.6110454520103623,6.354659319935885,58.0,29.0,31.0,15.5,2.0,1.0,-0.08394092110754553,-0.04082867346497654,False,q95-q05=1.61% вне диапазона 4.00%–35.00% | std=0.486% < 0.600%
ON,gate,swap,ON/USDT:USDT,bybit,swap,ON/USDT:USDT,ON|gate:swap:ON/USDT:USDT|bybit:swap:ON/USDT:USDT,True,,576,-0.5773323468130711,-0.3761413680469468,0.11806487652142439,False,2.839780596446511,-4.4547135045067465,0.2479087573569405,5.043373394873973,9.477300558594571,39.128846626276754,26.0,13.0,9.0,4.5,1.0,0.5,0.5542616425887229,1.5864337928256367,False,ADF p-value=0.1181 > 0.05
ONDO,gate,swap,ONDO/USDT:USDT,bybit,swap,ONDO/USDT:USDT,ONDO|gate:swap:ONDO/USDT:USDT|bybit:swap:ONDO/USDT:USDT,True,,576,-0.001524936127795268,0.9977329882272248,3.650075285514765e-19,True,0.025731019042320055,-0.04296854545932094,-0.0022083987643140013,0.03755773760687475,0.08052846603813502,0.8356369151381786,264.0,132.0,125.0,62.5,26.0,13.0,3.0047063915253154,0.07734405247543652,False,q95-q05=0.08% вне диапазона 4.00%–35.00% | std=0.026% < 0.600% | half-life=0.8 bars
ONDS,gate,swap,ONDS/USDT:USDT,bybit,swap,ONDS/USDT:USDT,ONDS|gate:swap:ONDS/USDT:USDT|bybit:swap:ONDS/USDT:USDT,True,,576,0.0334954117946984,0.9833585441104111,1.7616597318133336e-10,True,0.10680463504915227,-0.1721823000232936,-0.003000237917405446,0.17753675660114876,0.3497100505015893,1.101655212441901,187.0,93.5,98.0,49.0,25.0,12.5,-0.05532670178056532,-0.005908973605461831,False,q95-q05=0.35% вне диапазона 4.00%–35.00% | std=0.107% < 0.600% | half-life=1.1 bars
ONG,gate,swap,ONG/USDT:USDT,bybit,swap,ONG/USDT:USDT,ONG|gate:swap:ONG/USDT:USDT|bybit:swap:ONG/USDT:USDT,True,,576,0.03140376285059332,1.0137174930012969,0.00015215863619687678,True,0.14329326303032128,-0.2094698671174955,0.0022930526168751797,0.25211811106957693,0.4614903886296595,1.0340568798124121,206.0,103.0,111.0,55.5,29.0,14.5,0.4056953527649643,0.058150311636095964,False,q95-q05=0.46% вне диапазона 4.00%–35.00% | std=0.143% < 0.600% | half-life=1.0 bars
ONT,gate,swap,ONT/USDT:USDT,bybit,swap,ONT/USDT:USDT,ONT|gate:swap:ONT/USDT:USDT|bybit:swap:ONT/USDT:USDT,True,,576,-0.008570588663287457,0.9970328155488984,3.3904697864029405e-12,True,0.21526948231498752,-0.3263102343784574,-0.0026887245468065757,0.32237766052332084,0.6487029250769383,1.56092827099384,219.0,109.5,67.0,33.5,13.0,6.5,-1.5378604322174645,-0.3305070381835806,False,q95-q05=0.65% вне диапазона 4.00%–35.00% | std=0.215% < 0.600% | half-life=1.6 bars
OP,gate,swap,OP/USDT:USDT,bybit,swap,OP/USDT:USDT,OP|gate:swap:OP/USDT:USDT|bybit:swap:OP/USDT:USDT,True,,576,-0.01489273834397739,0.9925163177486891,0.0,True,0.09220375635333612,-0.12610898311576912,0.0008862888036365035,0.12924189450598256,0.2553470164689653,0.7287729904987955,248.0,124.0,110.0,55.0,29.0,14.5,0.9394072251970709,0.08665439815669362,False,q95-q05=0.26% вне диапазона 4.00%–35.00% | std=0.092% < 0.600% | half-life=0.7 bars
OPEN,gate,swap,OPEN/USDT:USDT,bybit,swap,OPEN/USDT:USDT,OPEN|gate:swap:OPEN/USDT:USDT|bybit:swap:OPEN/USDT:USDT,True,,576,-0.008129298585054994,0.9976266883312123,3.38935843911521e-05,True,0.1455291491423515,-0.23861293022605645,0.006868343454558001,0.2334996773286191,0.4721255550003245,1.2484821766197818,196.0,98.0,106.0,53.0,21.0,10.5,-1.6404275695674713,-0.2384452949231619,False,q95-q05=0.47% вне диапазона 4.00%–35.00% | std=0.146% < 0.600% | half-life=1.2 bars
OPG,gate,swap,OPG/USDT:USDT,bybit,swap,OPG/USDT:USDT,OPG|gate:swap:OPG/USDT:USDT|bybit:swap:OPG/USDT:USDT,True,,576,0.00437276460396148,1.0021175990940645,2.6479544185723312e-27,True,0.2048332286773018,-0.326520410845188,-0.0018731608067756866,0.31979939081596687,0.6463437721629162,1.263688770125965,215.0,107.5,94.0,47.0,20.0,10.0,-0.12992425019638415,-0.02660926275893649,False,q95-q05=0.65% вне диапазона 4.00%–35.00% | std=0.205% < 0.600% | half-life=1.3 bars
OPN,gate,swap,OPN/USDT:USDT,bybit,swap,OPN/USDT:USDT,OPN|gate:swap:OPN/USDT:USDT|bybit:swap:OPN/USDT:USDT,True,,576,0.007496797691356431,1.0022164103581521,0.0,True,0.21272306471124725,-0.3595638767821874,0.006450800029345061,0.3263435267113257,0.686024043351674,0.7891551850443017,262.0,131.0,103.0,51.5,29.0,14.5,-3.6166057428769807,-0.7663836468723817,False,q95-q05=0.69% вне диапазона 4.00%–35.00% | std=0.213% < 0.600% | half-life=0.8 bars
ORCA,gate,swap,ORCA/USDT:USDT,bybit,swap,ORCA/USDT:USDT,ORCA|gate:swap:ORCA/USDT:USDT|bybit:swap:ORCA/USDT:USDT,True,,576,0.005415847271185256,0.991552709035213,2.4565381501965843e-20,True,0.23941525559972038,-0.3757322051904044,0.007976304182299998,0.35182493606589205,0.7276473317242765,1.0189123122280341,230.0,115.0,98.0,49.0,23.0,11.5,0.6552372408458511,0.15699690279593614,False,q95-q05=0.73% вне диапазона 4.00%–35.00% | std=0.239% < 0.600% | half-life=1.0 bars
ORCL,gate,swap,ORCL/USDT:USDT,bybit,swap,ORCL/USDT:USDT,ORCL|gate:swap:ORCL/USDT:USDT|bybit:swap:ORCL/USDT:USDT,True,,576,0.02706587766128253,0.994581373098561,3.161405693670911e-10,True,0.03245093034109272,-0.05332256154992887,0.0004076256227447672,0.051590241673493686,0.10491372156706813,0.8275606240576614,263.0,131.5,124.0,62.0,28.0,14.0,-1.386767035691873,-0.04499175614705031,False,q95-q05=0.10% вне диапазона 4.00%–35.00% | std=0.032% < 0.600% | half-life=0.8 bars
ORDER,gate,swap,ORDER/USDT:USDT,bybit,swap,ORDER/USDT:USDT,ORDER|gate:swap:ORDER/USDT:USDT|bybit:swap:ORDER/USDT:USDT,True,,576,-0.35398572763028113,0.8892662449130821,1.6619247666438689e-09,True,0.3905894430490998,-0.6390118220248597,-0.010137945839550078,0.6073943613534194,1.2466193996181874,3.09957540866945,103.0,51.5,59.0,29.5,11.0,5.5,-0.1284091972743091,-0.05014270118918196,False,q95-q05=1.25% вне диапазона 4.00%–35.00% | std=0.391% < 0.600%
ORDI,gate,swap,ORDI/USDT:USDT,bybit,swap,ORDI/USDT:USDT,ORDI|gate:swap:ORDI/USDT:USDT|bybit:swap:ORDI/USDT:USDT,True,,576,0.006152898035885742,0.9963635139757938,0.00030913621400579963,True,0.050524546435384204,-0.0846747832356276,0.0006462908363813469,0.0923803276752233,0.1770483358916719,0.992328348992204,228.0,114.0,115.0,57.5,25.0,12.5,-0.1650804162991096,-0.008340265339412678,False,q95-q05=0.18% вне диапазона 4.00%–35.00% | std=0.051% < 0.600% | half-life=1.0 bars
OUST,gate,swap,OUST/USDT:USDT,bybit,swap,OUST/USDT:USDT,OUST|gate:swap:OUST/USDT:USDT|bybit:swap:OUST/USDT:USDT,True,,576,0.6053179802354802,0.8371862605493281,0.0015396220191616903,True,0.5974914772900654,-1.003486104149398,-0.0545973933425814,0.9910307712983624,1.9947072311993108,5.614175663004971,60.0,30.0,30.0,15.0,12.0,6.0,2.743784479272469,1.6528995397614432,False,q95-q05=1.99% вне диапазона 4.00%–35.00% | std=0.597% < 0.600%
PANW,gate,swap,PANW/USDT:USDT,bybit,swap,PANW/USDT:USDT,PANW|gate:swap:PANW/USDT:USDT|bybit:swap:PANW/USDT:USDT,True,,576,0.2898780868106262,0.9515338274155414,1.1680199318879175e-07,True,0.2629476098790367,-0.38591042025690747,-0.0060379328603921145,0.42819543286423123,0.8139382606802581,2.300661614240978,106.0,53.0,59.0,29.5,11.0,5.5,2.5748588913047272,0.6793501764694065,False,q95-q05=0.81% вне диапазона 4.00%–35.00% | std=0.263% < 0.600%
PARTI,gate,swap,PARTI/USDT:USDT,bybit,swap,PARTI/USDT:USDT,PARTI|gate:swap:PARTI/USDT:USDT|bybit:swap:PARTI/USDT:USDT,True,,576,-0.04915613350938962,0.986037581752698,9.109626385200293e-16,True,0.24628647458691277,-0.39912579550337446,0.01140364543723571,0.44204154426248365,0.8409918385388404,1.2337982602774558,205.0,102.5,77.0,38.5,26.0,13.0,-1.1712425235957176,-0.2880455424845385,False,q95-q05=0.84% вне диапазона 4.00%–35.00% | std=0.246% < 0.600% | half-life=1.2 bars
PATH,gate,swap,PATH/USDT:USDT,bybit,swap,PATH/USDT:USDT,PATH|gate:swap:PATH/USDT:USDT|bybit:swap:PATH/USDT:USDT,True,,576,0.3907713489456623,0.8472038505858249,0.18140492073074843,False,1.0781818953865385,-1.572978948724868,-0.07489196625840577,1.6306419896498836,3.2029713519248215,20.704751186905156,15.0,7.5,16.0,8.0,4.0,2.0,2.8747314638248325,3.1480175435902424,False,ADF p-value=0.1814 > 0.05 | q95-q05=3.20% вне диапазона 4.00%–35.00%
PAXG,gate,swap,PAXG/USDT:USDT,bybit,swap,PAXG/USDT:USDT,PAXG|gate:swap:PAXG/USDT:USDT|bybit:swap:PAXG/USDT:USDT,True,,576,-0.0351051738194555,1.0043098132560684,0.028449263116532474,True,0.018750581823688647,-0.028498679191557574,7.900452003717362e-05,0.030658661358362593,0.05915670338798584,0.974069036344828,204.0,102.0,111.0,55.5,26.0,13.0,-0.025582436797975158,-0.00047968442361545627,False,q95-q05=0.06% вне диапазона 4.00%–35.00% | std=0.019% < 0.600% | half-life=1.0 bars
PDD,gate,swap,PDD/USDT:USDT,bybit,swap,PDD/USDT:USDT,PDD|gate:swap:PDD/USDT:USDT|bybit:swap:PDD/USDT:USDT,True,,576,0.040733132009852624,0.9906814003500751,3.4647141167336783e-06,True,0.17413258482153493,-0.32096210585692564,0.007289315144332065,0.2667021123582636,0.5878253873953909,3.5480513256678794,67.0,33.5,40.0,20.0,9.0,4.5,0.4330887224560671,0.0754433028529844,False,q95-q05=0.59% вне диапазона 4.00%–35.00% | std=0.174% < 0.600%
PENDLE,gate,swap,PENDLE/USDT:USDT,bybit,swap,PENDLE/USDT:USDT,PENDLE|gate:swap:PENDLE/USDT:USDT|bybit:swap:PENDLE/USDT:USDT,True,,576,0.0006469415693286639,0.9992378374446025,3.834325381096046e-27,True,0.10428711077767816,-0.1673969048989976,0.00234772103173686,0.16682928610576298,0.3342274507047466,0.7295139580546673,254.0,127.0,123.0,61.5,32.0,16.0,0.030054073380225185,0.0031343015981510902,False,q95-q05=0.33% вне диапазона 4.00%–35.00% | std=0.104% < 0.600% | half-life=0.7 bars
PENGU,gate,swap,PENGU/USDT:USDT,bybit,swap,PENGU/USDT:USDT,PENGU|gate:swap:PENGU/USDT:USDT|bybit:swap:PENGU/USDT:USDT,True,,576,-0.01587794194948422,0.9965167184301539,3.30169085879331e-10,True,0.029481871314052253,-0.047128836109577854,-0.0009952902412124764,0.04705594892475684,0.0941848263211087,1.166577394181697,220.0,110.0,111.0,55.5,20.0,10.0,-2.0156843530440782,-0.059408492868517904,False,q95-q05=0.09% вне диапазона 4.00%–35.00% | std=0.029% < 0.600% | half-life=1.2 bars
PEOPLE,gate,swap,PEOPLE/USDT:USDT,bybit,swap,PEOPLE/USDT:USDT,PEOPLE|gate:swap:PEOPLE/USDT:USDT|bybit:swap:PEOPLE/USDT:USDT,True,,576,-0.03844424789744887,0.9916986871766409,0.0056247522720405275,True,0.07168930676030312,-0.11647682100428547,7.290231816003967e-05,0.10949330213136932,0.22597810990940825,1.1514585402029025,208.0,104.0,116.0,58.0,27.0,13.5,1.1589748234196124,0.08312062770636786,False,q95-q05=0.23% вне диапазона 4.00%–35.00% | std=0.072% < 0.600% | half-life=1.2 bars
PEP,gate,swap,PEP/USDT:USDT,bybit,swap,PEP/USDT:USDT,PEP|gate:swap:PEP/USDT:USDT|bybit:swap:PEP/USDT:USDT,True,,576,0.6314539851303661,0.87030670320447,0.039362516989953876,True,0.2375909044478439,-0.4826703406517696,0.0583240874894253,0.3001974854403011,0.7835867483715342,6.422379696905844,29.0,14.5,33.0,16.5,6.0,3.0,-0.22159190335338003,-0.05263436399286503,False,q95-q05=0.78% вне диапазона 4.00%–35.00% | std=0.238% < 0.600%
PHA,gate,swap,PHA/USDT:USDT,bybit,swap,PHA/USDT:USDT,PHA|gate:swap:PHA/USDT:USDT|bybit:swap:PHA/USDT:USDT,True,,576,0.01067754520237145,1.004648746712757,1.1920249811625058e-08,True,0.07351809619356739,-0.12688038556206704,0.0028462305369902907,0.1176451057261163,0.24453690497363567,0.9637519417586125,234.0,117.0,127.0,63.5,23.0,11.5,0.022513724802525545,0.0016551798835306997,False,q95-q05=0.24% вне диапазона 4.00%–35.00% | std=0.074% < 0.600% | half-life=1.0 bars
PIEVERSE,gate,swap,PIEVERSE/USDT:USDT,bybit,swap,PIEVERSE/USDT:USDT,PIEVERSE|gate:swap:PIEVERSE/USDT:USDT|bybit:swap:PIEVERSE/USDT:USDT,True,,576,-0.004555258066674544,1.0135639292467191,2.4410434003426686e-30,True,0.05728570650380815,-0.09114779238427184,-0.0012294962729697545,0.09235635398607833,0.18350308898979067,0.9451525135550478,240.0,120.0,128.0,64.0,21.0,10.5,1.5132805732267154,0.08672693285023403,False,q95-q05=0.18% вне диапазона 4.00%–35.00% | std=0.057% < 0.600% | half-life=0.9 bars
PIPPIN,gate,swap,PIPPIN/USDT:USDT,bybit,swap,PIPPIN/USDT:USDT,PIPPIN|gate:swap:PIPPIN/USDT:USDT|bybit:swap:PIPPIN/USDT:USDT,True,,576,0.03579878886202929,1.0093428435270708,2.356363446621577e-09,True,0.08001582115345177,-0.133438926324414,0.00016044672819237604,0.1374515764734907,0.2708852336063772,0.9547885513051284,227.0,113.5,128.0,64.0,27.0,13.5,-0.43783846622838535,-0.03502786821724113,False,q95-q05=0.27% вне диапазона 4.00%–35.00% | std=0.080% < 0.600% | half-life=1.0 bars
PIXEL,gate,swap,PIXEL/USDT:USDT,bybit,swap,PIXEL/USDT:USDT,PIXEL|gate:swap:PIXEL/USDT:USDT|bybit:swap:PIXEL/USDT:USDT,True,,576,0.025350416617578895,1.0047497074761407,2.988233032631294e-07,True,0.3459516133982566,-0.5426649812458995,-0.023084540149287402,0.6512959757009273,1.1933269640667543,1.8224689184788716,173.0,86.5,72.0,36.0,21.0,10.5,-0.10277100234668768,-0.03554747445981832,False,q95-q05=1.19% вне диапазона 4.00%–35.00% | std=0.346% < 0.600% | half-life=1.8 bars
PLTR,gate,swap,PLTR/USDT:USDT,bybit,swap,PLTR/USDT:USDT,PLTR|gate:swap:PLTR/USDT:USDT|bybit:swap:PLTR/USDT:USDT,True,,576,0.02275230673615497,0.9957506763967509,2.357470636678987e-19,True,0.04077860466662543,-0.06374578583332458,-0.0013645106954118802,0.06666983394301162,0.130413731580159,0.8324611980585346,249.0,124.5,135.0,67.5,22.0,11.0,-0.08698909313928671,-0.0035472309238282485,False,q95-q05=0.13% вне диапазона 4.00%–35.00% | std=0.041% < 0.600% | half-life=0.8 bars
PLUME,gate,swap,PLUME/USDT:USDT,bybit,swap,PLUME/USDT:USDT,PLUME|gate:swap:PLUME/USDT:USDT|bybit:swap:PLUME/USDT:USDT,True,,576,-0.018111858837120416,0.9952228133982843,8.322835304201006e-14,True,0.14832524201307573,-0.2321079853709107,0.0006976792625179584,0.24178597086181863,0.473871912397128,0.8114328289525515,237.0,118.5,120.0,60.0,26.0,13.0,0.8180252394011321,0.12140743083211003,False,q95-q05=0.47% вне диапазона 4.00%–35.00% | std=0.148% < 0.600% | half-life=0.8 bars
PNUT,gate,swap,PNUT/USDT:USDT,bybit,swap,PNUT/USDT:USDT,PNUT|gate:swap:PNUT/USDT:USDT|bybit:swap:PNUT/USDT:USDT,True,,576,-0.07338864609163492,0.974415296377878,5.380838231179712e-10,True,0.0730204149943215,-0.11377472825903068,-0.0010264149088889951,0.12243162213123604,0.2361962365751369,0.8748414618437139,250.0,125.0,124.0,62.0,26.0,13.0,-0.062487612339561356,-0.004562767287641378,False,q95-q05=0.24% вне диапазона 4.00%–35.00% | std=0.073% < 0.600% | half-life=0.9 bars
POL,gate,swap,POL/USDT:USDT,bybit,swap,POL/USDT:USDT,POL|gate:swap:POL/USDT:USDT|bybit:swap:POL/USDT:USDT,True,,576,0.011794257684532896,1.0053385024359631,1.3642694406786791e-17,True,0.08190478789639975,-0.12107294805207003,-0.005789485005303074,0.1286389565389623,0.24970258808053591,0.7958282320993737,257.0,128.5,122.0,61.0,29.0,14.5,-0.6909187789066302,-0.05657354717070184,False,q95-q05=0.25% вне диапазона 4.00%–35.00% | std=0.082% < 0.600% | half-life=0.8 bars
POLYX,gate,swap,POLYX/USDT:USDT,bybit,swap,POLYX/USDT:USDT,POLYX|gate:swap:POLYX/USDT:USDT|bybit:swap:POLYX/USDT:USDT,True,,576,-0.08478612232037042,0.9736356942921324,3.717648567026501e-20,True,0.20098630196618483,-0.3648956624336841,0.018477486098622542,0.2963880735027402,0.661512740625636,1.4158140107681105,185.0,92.5,78.0,39.0,22.0,11.0,0.7772594201070894,0.156340581173664,False,q95-q05=0.66% вне диапазона 4.00%–35.00% | std=0.201% < 0.600% | half-life=1.4 bars
PONS,gate,swap,PONS/USDT:USDT,bybit,swap,PONS/USDT:USDT,PONS|gate:swap:PONS/USDT:USDT|bybit:swap:PONS/USDT:USDT,True,,576,-0.006776876100336707,0.9896451811105923,0.4092980945349113,False,0.0579478019978133,-0.09135388975395342,0.0029683941515257217,0.09167218821053424,0.18302583777270454,1.1485475050676086,197.0,98.5,113.0,56.5,22.0,11.0,-1.824077959697979,-0.10564546428187827,False,ADF p-value=0.4093 > 0.05 | q95-q05=0.18% вне диапазона 4.00%–35.00% | std=0.058% < 0.600% | half-life=1.1 bars
POPCAT,gate,swap,POPCAT/USDT:USDT,bybit,swap,POPCAT/USDT:USDT,POPCAT|gate:swap:POPCAT/USDT:USDT|bybit:swap:POPCAT/USDT:USDT,True,,576,-0.03161811371721885,0.9891922144194296,0.0,True,0.1098492770884484,-0.18827479169394312,0.003877070381141934,0.17402091567666478,0.36232192617257075,0.8329456136623725,256.0,128.0,126.0,63.0,24.0,12.0,1.1827756512769072,0.13001149200944084,False,q95-q05=0.36% вне диапазона 4.00%–35.00% | std=0.110% < 0.600% | half-life=0.8 bars
POPMART,gate,swap,POPMART/USDT:USDT,bybit,swap,POPMART/USDT:USDT,POPMART|gate:swap:POPMART/USDT:USDT|bybit:swap:POPMART/USDT:USDT,True,,576,-0.032346720477130136,1.0114463816106698,0.0004864315003071541,True,0.14737125358190672,-0.23930275426261582,0.03343772918915633,0.1612636138935697,0.4007232646732195,1.9720028511993974,73.0,36.5,47.0,23.5,11.0,5.5,0.826650616814176,0.12189877390709203,False,q95-q05=0.40% вне диапазона 4.00%–35.00% | std=0.147% < 0.600% | half-life=2.0 bars
POWER,gate,swap,POWER/USDT:USDT,bybit,swap,POWER/USDT:USDT,POWER|gate:swap:POWER/USDT:USDT|bybit:swap:POWER/USDT:USDT,True,,576,-0.03892707341731474,0.9849485491667751,6.965580737006316e-08,True,0.21306360215134754,-0.38101849244119856,0.007351768776442391,0.2952491040007388,0.6765603168512269,0.8584016697350584,237.0,118.5,111.0,55.5,36.0,18.0,0.9224073820631238,0.19672468908487062,False,q95-q05=0.68% вне диапазона 4.00%–35.00% | std=0.213% < 0.600% | half-life=0.9 bars
POWR,gate,swap,POWR/USDT:USDT,bybit,swap,POWR/USDT:USDT,POWR|gate:swap:POWR/USDT:USDT|bybit:swap:POWR/USDT:USDT,True,,576,-0.10548296991528149,0.9618371685798803,1.832946521857778e-25,True,0.1814446542517684,-0.30618971020746066,0.01366165795972929,0.245498293798585,0.5518568690003223,1.2315086576714378,189.0,94.5,87.0,43.5,18.0,9.0,-0.6579423201375909,-0.1193088870810044,False,q95-q05=0.55% вне диапазона 4.00%–35.00% | std=0.181% < 0.600% | half-life=1.2 bars
PRL,gate,swap,PRL/USDT:USDT,bybit,swap,PRL/USDT:USDT,PRL|gate:swap:PRL/USDT:USDT|bybit:swap:PRL/USDT:USDT,True,,576,-0.14594852538734274,0.9312894052949813,9.357179772975453e-08,True,0.28512903756386926,-0.48123036344326353,0.01816306643767085,0.40118192210489845,0.8827713383130598,1.8011639202627434,153.0,76.5,65.0,32.5,16.0,8.0,-1.3917296427188683,-0.3960362333778167,False,q95-q05=0.88% вне диапазона 4.00%–35.00% | std=0.285% < 0.600% | half-life=1.8 bars
PROMPT,gate,swap,PROMPT/USDT:USDT,bybit,swap,PROMPT/USDT:USDT,PROMPT|gate:swap:PROMPT/USDT:USDT|bybit:swap:PROMPT/USDT:USDT,True,,576,-0.005165253333974655,0.9986029470527376,5.481651028467089e-18,True,0.18958103357216372,-0.3206658219873426,0.019220195354829883,0.27986373313979573,0.6006539003127642,1.2645151063195492,189.0,94.5,107.0,53.5,21.0,10.5,-0.6629138711221326,-0.1255969577738436,False,q95-q05=0.60% вне диапазона 4.00%–35.00% | std=0.190% < 0.600% | half-life=1.3 bars
PROVE,gate,swap,PROVE/USDT:USDT,bybit,swap,PROVE/USDT:USDT,PROVE|gate:swap:PROVE/USDT:USDT|bybit:swap:PROVE/USDT:USDT,True,,576,-0.006797385526566307,0.9955562699255885,7.280727301649323e-17,True,0.17575379764956808,-0.2437780524370048,-0.000484369639497384,0.21691809120067962,0.46075883850340005,1.6518382034596606,198.0,99.0,79.0,39.5,9.0,4.5,-1.4016956010326838,-0.24605012425915618,False,q95-q05=0.46% вне диапазона 4.00%–35.00% | std=0.176% < 0.600% | half-life=1.7 bars
PTB,gate,swap,PTB/USDT:USDT,bybit,swap,PTB/USDT:USDT,PTB|gate:swap:PTB/USDT:USDT|bybit:swap:PTB/USDT:USDT,True,,576,0.05465448310809629,1.007760538268534,1.4929517818550717e-08,True,0.1605256749269749,-0.23502995009631045,-0.0016076304520384888,0.25515572309231516,0.49013733255445224,0.8259189719663923,237.0,118.5,137.0,68.5,26.0,13.0,-0.3967108423630517,-0.06366200286369583,False,q95-q05=0.49% вне диапазона 4.00%–35.00% | std=0.161% < 0.600% | half-life=0.8 bars
PUNDIX,gate,swap,PUNDIX/USDT:USDT,bybit,swap,PUNDIX/USDT:USDT,PUNDIX|gate:swap:PUNDIX/USDT:USDT|bybit:swap:PUNDIX/USDT:USDT,True,,576,-0.04185552728742571,0.9811197820718396,3.0686962474670767e-30,True,0.19846820357325468,-0.3246610996364474,0.00534068756776751,0.32557039346434724,0.6502308278277691,0.9697708891906531,222.0,111.0,101.0,50.5,24.0,12.0,-0.15518360319987798,-0.030794268542655434,False,q95-q05=0.65% вне диапазона 4.00%–35.00% | std=0.198% < 0.600% | half-life=1.0 bars
PURR,gate,swap,PURR/USDT:USDT,bybit,swap,PURR/USDT:USDT,PURR|gate:swap:PURR/USDT:USDT|bybit:swap:PURR/USDT:USDT,True,,576,0.11571359672123589,0.9542503551251248,0.0009336633518225187,True,0.5209958836619536,-0.9346668336884689,0.020161158775677812,0.8194413312003546,1.7551643940639794,3.6910928053849066,102.0,51.0,54.0,27.0,11.0,5.5,0.6816141361795242,0.3557494507863801,False,q95-q05=1.76% вне диапазона 4.00%–35.00% | std=0.521% < 0.600%
PYPL,gate,swap,PYPL/USDT:USDT,bybit,swap,PYPL/USDT:USDT,PYPL|gate:swap:PYPL/USDT:USDT|bybit:swap:PYPL/USDT:USDT,True,,576,1.2094298407346238,0.6958643704013252,0.0028472880986329706,True,0.32935436501480464,-0.4809103493329192,-0.016080849656507912,0.5552934327866188,1.035827806636247,7.743460927091278,29.0,14.5,16.0,8.0,5.0,2.5,3.266170597109182,1.0815342947048778,False,q95-q05=1.04% вне диапазона 4.00%–35.00% | std=0.329% < 0.600%
PYTH,gate,swap,PYTH/USDT:USDT,bybit,swap,PYTH/USDT:USDT,PYTH|gate:swap:PYTH/USDT:USDT|bybit:swap:PYTH/USDT:USDT,True,,576,0.002300285382031591,1.0012243071099083,0.0,True,0.12394650313002514,-0.17931202845791194,0.005879174133260889,0.1827169878132029,0.36202324829733845,0.8052214697849255,247.0,123.5,127.0,63.5,27.0,13.5,0.346856763629956,0.04300092568747527,False,q95-q05=0.36% вне диапазона 4.00%–35.00% | std=0.124% < 0.600% | half-life=0.8 bars
Q,gate,swap,Q/USDT:USDT,bybit,swap,Q/USDT:USDT,Q|gate:swap:Q/USDT:USDT|bybit:swap:Q/USDT:USDT,True,,576,-0.0031618540724101377,0.9994664903150368,5.051023952425992e-05,True,0.08837314800115884,-0.14460557219209136,0.004773193915674767,0.14066655055182675,0.28527793479404817,0.8734147951759331,240.0,120.0,140.0,70.0,23.0,11.5,2.3579158847975954,0.20859370406107747,False,q95-q05=0.29% вне диапазона 4.00%–35.00% | std=0.088% < 0.600% | half-life=0.9 bars
QCOM,gate,swap,QCOM/USDT:USDT,bybit,swap,QCOM/USDT:USDT,QCOM|gate:swap:QCOM/USDT:USDT|bybit:swap:QCOM/USDT:USDT,True,,576,-0.040088948304756795,1.0077553669574786,7.095350286655755e-27,True,0.106296276907358,-0.150996030995576,-0.007378977280825261,0.18622528807534788,0.3371622486496362,1.2850909428387687,185.0,92.5,86.0,43.0,25.0,12.5,-2.448847085766564,-0.25996483258838854,False,q95-q05=0.34% вне диапазона 4.00%–35.00% | std=0.106% < 0.600% | half-life=1.3 bars
QNT,gate,swap,QNT/USDT:USDT,bybit,swap,QNT/USDT:USDT,QNT|gate:swap:QNT/USDT:USDT|bybit:swap:QNT/USDT:USDT,True,,576,-0.007850305381630928,1.0013563877894764,1.939860751896969e-08,True,0.051349050159181814,-0.08391344906656384,-0.0011397849006500316,0.08571500811569432,0.16962696989035742,0.7420435738292912,270.0,135.0,126.0,63.0,27.0,13.5,0.25578251669641344,0.013135051852142254,False,q95-q05=0.17% вне диапазона 4.00%–35.00% | std=0.051% < 0.600% | half-life=0.7 bars
QNTX,gate,swap,QNTX/USDT:USDT,bybit,swap,QNTX/USDT:USDT,QNTX|gate:swap:QNTX/USDT:USDT|bybit:swap:QNTX/USDT:USDT,True,,576,0.3430219785962359,0.9120352940162979,2.314830916319448e-10,True,0.25391962167623666,-0.39938367354191984,0.007439898624750363,0.36975281701145946,0.7692542516792855,1.7769852526670484,113.0,56.5,71.0,35.5,17.0,8.5,-0.29628751995273583,-0.07520492188596295,False,q95-q05=0.77% вне диапазона 4.00%–35.00% | std=0.254% < 0.600% | half-life=1.8 bars
QQQ,gate,swap,QQQ/USDT:USDT,bybit,swap,QQQ/USDT:USDT,QQQ|gate:swap:QQQ/USDT:USDT|bybit:swap:QQQ/USDT:USDT,True,,576,0.1466543106569036,0.9778079597449095,0.05862992414710548,False,0.022059029682182773,-0.041610975406991546,0.002271335950765341,0.03191005888112386,0.07352460388039272,1.8725308708820643,168.0,84.0,83.0,41.5,17.0,8.5,-0.11407667038330713,-0.0025163889964763264,False,ADF p-value=0.0586 > 0.05 | q95-q05=0.07% вне диапазона 4.00%–35.00% | std=0.022% < 0.600% | half-life=1.9 bars
QTUM,gate,swap,QTUM/USDT:USDT,bybit,swap,QTUM/USDT:USDT,QTUM|gate:swap:QTUM/USDT:USDT|bybit:swap:QTUM/USDT:USDT,True,,576,0.0014630251596440948,0.9876865978582898,3.1065005522716533e-19,True,0.2403950870461608,-0.40377845994971073,0.019015590041693287,0.3424966949067576,0.7465073569552491,1.259361719749882,176.0,88.0,105.0,52.5,18.0,9.0,-1.6760872801008884,-0.4021125014083249,False,q95-q05=0.75% вне диапазона 4.00%–35.00% | std=0.240% < 0.600% | half-life=1.3 bars
RAM,gate,swap,RAM/USDT:USDT,bybit,swap,RAM/USDT:USDT,RAM|gate:swap:RAM/USDT:USDT|bybit:swap:RAM/USDT:USDT,True,,576,-0.015952962330140433,1.0057436162093951,8.893123331782544e-09,True,0.6583752869840509,-0.9211584921585803,0.02088602087226832,0.9456126634305839,1.8665971263098435,4.462446375279624,91.0,45.5,48.0,24.0,11.0,5.5,1.4989724974741634,0.9917722316656441,False,q95-q05=1.87% вне диапазона 4.00%–35.00%
RARE,gate,swap,RARE/USDT:USDT,bybit,swap,RARE/USDT:USDT,RARE|gate:swap:RARE/USDT:USDT|bybit:swap:RARE/USDT:USDT,True,,576,-0.011042582590656979,0.997241249491435,4.053115159237649e-25,True,0.13212378369058506,-0.193187144651219,-0.004470131318412562,0.22203263346325386,0.41516049696486146,0.8160494507116146,249.0,124.5,114.0,57.0,29.0,14.5,0.22480318613137149,0.029706258972961308,False,q95-q05=0.42% вне диапазона 4.00%–35.00% | std=0.132% < 0.600% | half-life=0.8 bars
RAVE,gate,swap,RAVE/USDT:USDT,bybit,swap,RAVE/USDT:USDT,RAVE|gate:swap:RAVE/USDT:USDT|bybit:swap:RAVE/USDT:USDT,True,,576,-0.012328735962520454,0.9913434454966104,2.3205184476134632e-20,True,0.14112905560848696,-0.21690178655865422,-0.007955058242992141,0.23931813060200646,0.4561695800151033,0.7864989139383469,239.0,119.5,125.0,62.5,32.0,16.0,1.348662615217245,0.19051673417511683,False,q95-q05=0.46% вне диапазона 4.00%–35.00% | std=0.141% < 0.600% | half-life=0.8 bars
RDDT,gate,swap,RDDT/USDT:USDT,bybit,swap,RDDT/USDT:USDT,RDDT|gate:swap:RDDT/USDT:USDT|bybit:swap:RDDT/USDT:USDT,True,,576,0.032257497158188604,0.9934940892759241,2.7486306534564508e-09,True,0.405624022817968,-0.6812168800397367,-0.01232032065898725,0.6809850622643276,1.3622245859946647,3.6932723421619094,64.0,32.0,36.0,18.0,8.0,4.0,1.838119103623492,0.7483716728788004,False,q95-q05=1.36% вне диапазона 4.00%–35.00% | std=0.406% < 0.600%
RDW,gate,swap,RDW/USDT:USDT,bybit,swap,RDW/USDT:USDT,RDW|gate:swap:RDW/USDT:USDT|bybit:swap:RDW/USDT:USDT,True,,576,-0.0676964209072221,1.0292777760976204,0.04145654645927816,True,0.5807466156861557,-1.3030990733519654,0.10417155631472497,0.7255236716100733,2.0345683060071895,4.766340369099085,90.0,45.0,47.0,23.5,7.0,3.5,0.049627336940535664,0.02882506159658238,False,q95-q05=2.03% вне диапазона 4.00%–35.00% | std=0.581% < 0.600%
RE,gate,swap,RE/USDT:USDT,bybit,swap,RE/USDT:USDT,RE|gate:swap:RE/USDT:USDT|bybit:swap:RE/USDT:USDT,True,,576,0.0018908448216756106,1.0023154198533923,3.4800504572894317e-06,True,0.06544165271969019,-0.1077350457132753,-0.0016086006055293645,0.11295792545975569,0.22068729762680095,1.0258766610087593,231.0,115.5,134.0,67.0,26.0,13.0,0.5003561116440769,0.032749492370109934,False,q95-q05=0.22% вне диапазона 4.00%–35.00% | std=0.065% < 0.600% | half-life=1.0 bars
RECALL,gate,swap,RECALL/USDT:USDT,bybit,swap,RECALL/USDT:USDT,RECALL|gate:swap:RECALL/USDT:USDT|bybit:swap:RECALL/USDT:USDT,True,,576,-0.19440442299579508,0.9351859000647423,6.2194683571101986e-09,True,0.18832934742191723,-0.321991711065317,-0.0034930531530474873,0.32317092495062205,0.6451610699153787,1.3048196472509614,176.0,88.0,98.0,49.0,20.0,10.0,0.2677637964630501,0.050440497994297395,False,q95-q05=0.65% вне диапазона 4.00%–35.00% | std=0.188% < 0.600% | half-life=1.3 bars
RED,gate,swap,RED/USDT:USDT,bybit,swap,RED/USDT:USDT,RED|gate:swap:RED/USDT:USDT|bybit:swap:RED/USDT:USDT,True,,576,-0.02937497113053712,0.9827283104228134,9.75462194617878e-11,True,0.20297782740521594,-0.25981555621487074,-0.014973528290118665,0.31045078444134067,0.5701235436421259,0.9744517334260904,238.0,119.0,86.0,43.0,22.0,11.0,-0.39983854640906746,-0.08112543497387215,False,q95-q05=0.57% вне диапазона 4.00%–35.00% | std=0.203% < 0.600% | half-life=1.0 bars
REGN,gate,swap,REGN/USDT:USDT,bybit,swap,REGN/USDT:USDT,REGN|gate:swap:REGN/USDT:USDT|bybit:swap:REGN/USDT:USDT,True,,576,0.644742137213949,0.902254004753473,0.04233008256312357,True,0.9185772848679559,-1.2334173436990725,-0.06260833222464512,1.5495663584715436,2.7787702473779152,7.27482937896549,38.0,19.0,18.0,9.0,4.0,2.0,2.194465384906001,2.0362402283798042,False,q95-q05=2.78% вне диапазона 4.00%–35.00%
RENDER,gate,swap,RENDER/USDT:USDT,bybit,swap,RENDER/USDT:USDT,RENDER|gate:swap:RENDER/USDT:USDT|bybit:swap:RENDER/USDT:USDT,True,,576,0.004745727754925639,0.993705699486521,5.478575460382904e-20,True,0.09491264290230539,-0.1561065162739239,0.0006556194782181279,0.16359237339020893,0.31968719627735454,0.7827630218920736,258.0,129.0,135.0,67.5,29.0,14.5,-0.2734246871378081,-0.02594809259093278,False,q95-q05=0.32% вне диапазона 4.00%–35.00% | std=0.095% < 0.600% | half-life=0.8 bars
RESOLV,gate,swap,RESOLV/USDT:USDT,bybit,swap,RESOLV/USDT:USDT,RESOLV|gate:swap:RESOLV/USDT:USDT|bybit:swap:RESOLV/USDT:USDT,True,,576,-0.0018682261323567605,0.9990792315074705,9.04029929407769e-27,True,0.12960225393318542,-0.18752754029439656,-0.018548904712412106,0.22255127212684744,0.4100075869155395,0.8033919601501357,247.0,123.5,118.0,59.0,28.0,14.0,0.20632421757161223,0.02674365911723431,False,q95-q05=0.41% вне диапазона 4.00%–35.00% | std=0.130% < 0.600% | half-life=0.8 bars
REZ,gate,swap,REZ/USDT:USDT,bybit,swap,REZ/USDT:USDT,REZ|gate:swap:REZ/USDT:USDT|bybit:swap:REZ/USDT:USDT,True,,576,0.052292341949397546,1.0095816130746345,1.1562912517011456e-21,True,0.13204929954666775,-0.21053949049950615,-0.003496965309512934,0.20788026706006768,0.4184259314749639,0.7609207838864795,256.0,128.0,116.0,58.0,25.0,12.5,0.7136858202878227,0.09428613412043596,False,q95-q05=0.42% вне диапазона 4.00%–35.00% | std=0.132% < 0.600% | half-life=0.8 bars
RIVER,gate,swap,RIVER/USDT:USDT,bybit,swap,RIVER/USDT:USDT,RIVER|gate:swap:RIVER/USDT:USDT|bybit:swap:RIVER/USDT:USDT,True,,576,0.00212296223035738,0.9912623926239323,6.463126359626113e-19,True,0.1752279766786577,-0.2954011511929977,0.030312418584754752,0.28198899293534474,0.5774304713789202,0.944485685687615,232.0,116.0,115.0,57.5,25.0,12.5,0.637837673395733,0.11182948755168454,False,q95-q05=0.58% вне диапазона 4.00%–35.00% | std=0.175% < 0.600% | half-life=0.9 bars
RIVN,gate,swap,RIVN/USDT:USDT,bybit,swap,RIVN/USDT:USDT,RIVN|gate:swap:RIVN/USDT:USDT|bybit:swap:RIVN/USDT:USDT,True,,576,0.16206898805617778,0.9396420758939906,1.5626395915989563e-06,True,0.3640059187596543,-0.6237227071898666,-0.0037154666974292816,0.5321415556787779,1.1564066690282648,2.676815994707036,73.0,36.5,29.0,14.5,13.0,6.5,0.4974802574762327,0.18124981746059365,False,q95-q05=1.16% вне диапазона 4.00%–35.00% | std=0.364% < 0.600%
RKLB,gate,swap,RKLB/USDT:USDT,bybit,swap,RKLB/USDT:USDT,RKLB|gate:swap:RKLB/USDT:USDT|bybit:swap:RKLB/USDT:USDT,True,,576,0.0239539526339352,0.9943854131417573,0.0,True,0.06626695559410449,-0.116270048134548,0.001825327822135847,0.10319733664754249,0.2194818189965808,0.7720558683889615,273.0,136.5,112.0,56.0,37.0,18.5,2.359792444950528,0.15649859259367904,False,q95-q05=0.22% вне диапазона 4.00%–35.00% | std=0.066% < 0.600% | half-life=0.8 bars
RLC,gate,swap,RLC/USDT:USDT,bybit,swap,RLC/USDT:USDT,RLC|gate:swap:RLC/USDT:USDT|bybit:swap:RLC/USDT:USDT,True,,576,-0.005304744311510432,0.9954042231971536,6.630792701984504e-21,True,0.27041123967977293,-0.44858942693565274,0.008726432879346824,0.39285011660348257,0.8416790840557464,1.1807101826631627,224.0,112.0,90.0,45.0,19.0,9.5,-1.1537251184674469,-0.311494086883235,False,q95-q05=0.84% вне диапазона 4.00%–35.00% | std=0.270% < 0.600% | half-life=1.2 bars
ROBO,gate,swap,ROBO/USDT:USDT,bybit,swap,ROBO/USDT:USDT,ROBO|gate:swap:ROBO/USDT:USDT|bybit:swap:ROBO/USDT:USDT,True,,576,0.02751612299473675,1.0056347472638567,0.0003293198011167012,True,0.17952350483408178,-0.3133434667700219,0.009223499431554316,0.2623554148190266,0.5758472790914126,0.8290244483526112,243.0,121.5,119.0,59.5,25.0,12.5,-0.5071838855817407,-0.09100998949965744,False,q95-q05=0.58% вне диапазона 4.00%–35.00% | std=0.180% < 0.600% | half-life=0.8 bars
ROSE,gate,swap,ROSE/USDT:USDT,bybit,swap,ROSE/USDT:USDT,ROSE|gate:swap:ROSE/USDT:USDT|bybit:swap:ROSE/USDT:USDT,True,,576,0.02871158192892421,1.0058906723345284,5.68042695003279e-19,True,0.2680346306143711,-0.4265632213444115,0.00483180747772316,0.4172131622576236,0.8438208391124746,1.3795203924631587,212.0,106.0,95.0,47.5,23.0,11.5,-0.6687802255116155,-0.1790956926290388,False,q95-q05=0.84% вне диапазона 4.00%–35.00% | std=0.268% < 0.600% | half-life=1.4 bars
RPL,gate,swap,RPL/USDT:USDT,bybit,swap,RPL/USDT:USDT,RPL|gate:swap:RPL/USDT:USDT|bybit:swap:RPL/USDT:USDT,True,,576,0.008889094769041615,0.9833454893282376,1.0120022042386976e-16,True,0.24886633563344548,-0.46976894689473303,0.038292124185912435,0.32777699758950174,0.7981168088632418,1.795449059380924,174.0,87.0,68.0,34.0,15.0,7.5,-1.225488943237319,-0.3045183421236719,False,q95-q05=0.80% вне диапазона 4.00%–35.00% | std=0.249% < 0.600% | half-life=1.8 bars
RSR,gate,swap,RSR/USDT:USDT,bybit,swap,RSR/USDT:USDT,RSR|gate:swap:RSR/USDT:USDT|bybit:swap:RSR/USDT:USDT,True,,576,-0.11620870296741317,0.9821948465416359,1.5841154415543872e-18,True,0.24020693044107863,-0.36890258039730117,0.006699621688266433,0.35936374272953486,0.7283042781071503,1.486766149151475,188.0,94.0,82.0,41.0,17.0,8.5,0.13384287455876015,0.032155154720903134,False,q95-q05=0.73% вне диапазона 4.00%–35.00% | std=0.240% < 0.600% | half-life=1.5 bars
RUM,gate,swap,RUM/USDT:USDT,bybit,swap,RUM/USDT:USDT,RUM|gate:swap:RUM/USDT:USDT|bybit:swap:RUM/USDT:USDT,True,,576,0.5937161969987754,0.7090681978685908,0.018225119779368724,True,0.8047939634148186,-0.9999734588563847,-0.09948796943534122,1.4457600186376096,2.440415336805124,10.118461153427615,34.0,17.0,29.0,14.5,4.0,2.0,1.5035900869086198,1.2174313176005702,False,q95-q05=2.44% вне диапазона 4.00%–35.00%
RUNE,gate,swap,RUNE/USDT:USDT,bybit,swap,RUNE/USDT:USDT,RUNE|gate:swap:RUNE/USDT:USDT|bybit:swap:RUNE/USDT:USDT,True,,576,-0.0008533950659643488,0.9927385071011416,0.0,True,0.10287150688039959,-0.1539186277686566,-0.008607273628191692,0.17314509578809645,0.32703257664620444,0.7935987069208285,266.0,133.0,119.0,59.5,26.0,13.0,-0.16305074311237022,-0.01677186900669314,False,q95-q05=0.33% вне диапазона 4.00%–35.00% | std=0.103% < 0.600% | half-life=0.8 bars
RVN,gate,swap,RVN/USDT:USDT,bybit,swap,RVN/USDT:USDT,RVN|gate:swap:RVN/USDT:USDT|bybit:swap:RVN/USDT:USDT,True,,576,0.5393875186907281,1.0904135684362815,1.942806327292989e-18,True,0.26020152013397363,-0.4420925543097698,0.013823857840167264,0.41855476695111804,0.8607539362308403,1.3956382229908524,186.0,93.0,95.0,47.5,21.0,10.5,0.008385344097712058,0.0021819030846748078,False,q95-q05=0.86% вне диапазона 4.00%–35.00% | std=0.260% < 0.600% | half-life=1.4 bars
S,gate,swap,S/USDT:USDT,bybit,swap,S/USDT:USDT,S|gate:swap:S/USDT:USDT|bybit:swap:S/USDT:USDT,True,,576,0.03547848265415084,1.0112922252547485,0.00029065223226657915,True,0.12099787185154555,-0.20309005476852882,-0.00247345999837556,0.20427824518423066,0.4073664431557322,0.7920716885573958,269.0,134.5,118.0,59.0,28.0,14.0,0.9828462837027989,0.11899304930194088,False,q95-q05=0.41% вне диапазона 4.00%–35.00% | std=0.121% < 0.600% | half-life=0.8 bars
SAFE,gate,swap,SAFE/USDT:USDT,bybit,swap,SAFE/USDT:USDT,SAFE|gate:swap:SAFE/USDT:USDT|bybit:swap:SAFE/USDT:USDT,True,,576,-0.010031205081595482,0.994017133881224,8.449930813531058e-22,True,0.2524046447911091,-0.40666946568928,-0.0050560079313144435,0.42439937990543797,0.8309999603298257,1.176947349256624,187.0,93.5,95.0,47.5,23.0,11.5,-2.071841835285765,-0.5215775385560284,False,q95-q05=0.83% вне диапазона 4.00%–35.00% | std=0.252% < 0.600% | half-life=1.2 bars
SAGA,gate,swap,SAGA/USDT:USDT,bybit,swap,SAGA/USDT:USDT,SAGA|gate:swap:SAGA/USDT:USDT|bybit:swap:SAGA/USDT:USDT,True,,576,0.009202000004385164,1.0025295829568102,4.510670342084206e-07,True,0.08104895728602046,-0.13446615594717715,0.003970431736832758,0.1230745944204914,0.25755556253392875,1.3350540625139935,168.0,84.0,120.0,60.0,22.0,11.0,0.13647634945557902,0.011061877597984271,False,q95-q05=0.26% вне диапазона 4.00%–35.00% | std=0.081% < 0.600% | half-life=1.3 bars
SAHARA,gate,swap,SAHARA/USDT:USDT,bybit,swap,SAHARA/USDT:USDT,SAHARA|gate:swap:SAHARA/USDT:USDT|bybit:swap:SAHARA/USDT:USDT,True,,576,-0.26471658762873973,0.9436036116992603,9.766716491000391e-07,True,0.34737734029205247,-0.809028245179888,0.06462060457363972,0.4482806165568842,1.2595974692628076,2.8733344204178883,139.0,69.5,49.0,24.5,12.0,6.0,-0.7241078837551905,-0.2512225773168564,False,q95-q05=1.26% вне диапазона 4.00%–35.00% | std=0.347% < 0.600%
SAMSUNG,gate,swap,SAMSUNG/USDT:USDT,bybit,swap,SAMSUNG/USDT:USDT,SAMSUNG|gate:swap:SAMSUNG/USDT:USDT|bybit:swap:SAMSUNG/USDT:USDT,True,,576,-0.06135908114834639,1.0115364497878048,0.0001234108893485194,True,0.037795615162637956,-0.05463243657001238,-0.003802810668951384,0.07190231526952306,0.12652384346241163,1.773192665244207,168.0,84.0,95.0,47.5,17.0,8.5,-0.23664827970445526,-0.0089438673209985,False,q95-q05=0.13% вне диапазона 4.00%–35.00% | std=0.038% < 0.600% | half-life=1.8 bars
SAMSUNGEM,gate,swap,SAMSUNGEM/USDT:USDT,bybit,swap,SAMSUNGEM/USDT:USDT,SAMSUNGEM|gate:swap:SAMSUNGEM/USDT:USDT|bybit:swap:SAMSUNGEM/USDT:USDT,True,,576,0.3798691734479188,0.9457129237550571,3.4530389936476698e-09,True,0.3667503567045295,-0.5978999850356548,0.01467260437417739,0.5921033802614772,1.190051900822997,4.6979345858071015,60.0,30.0,37.0,18.5,7.0,3.5,1.243518304992342,0.4571023218588044,False,q95-q05=1.19% вне диапазона 4.00%–35.00% | std=0.367% < 0.600%
SAND,gate,swap,SAND/USDT:USDT,bybit,swap,SAND/USDT:USDT,SAND|gate:swap:SAND/USDT:USDT|bybit:swap:SAND/USDT:USDT,True,,576,-0.04376637443836264,0.9858486908374593,0.00033298893156504596,True,0.2212488462185125,-0.3385579800489591,-0.006035095409662183,0.314396788429816,0.653035979584915,3.232665706700539,195.0,97.5,28.0,14.0,10.0,5.0,2.397217638802697,0.5317906500707403,False,q95-q05=0.65% вне диапазона 4.00%–35.00% | std=0.221% < 0.600%
SAPIEN,gate,swap,SAPIEN/USDT:USDT,bybit,swap,SAPIEN/USDT:USDT,SAPIEN|gate:swap:SAPIEN/USDT:USDT|bybit:swap:SAPIEN/USDT:USDT,True,,576,-0.08866994144136357,0.9652903705295731,5.77385346495896e-15,True,0.1627384454227554,-0.20393269081186993,-0.000457452057078811,0.23030240495383048,0.43417853209736235,1.5895121612139744,216.0,108.0,75.0,37.5,11.0,5.5,0.8646862254382752,0.14081674590711302,False,q95-q05=0.43% вне диапазона 4.00%–35.00% | std=0.163% < 0.600% | half-life=1.6 bars
SDGR,gate,swap,SDGR/USDT:USDT,bybit,swap,SDGR/USDT:USDT,SDGR|gate:swap:SDGR/USDT:USDT|bybit:swap:SDGR/USDT:USDT,True,,576,1.1313557533295053,0.6717858006423824,0.43087912786692484,False,1.0492245343721,-1.4879966624747887,-0.11353746782220009,1.9618712621663592,3.442053019600211,13.871900541276654,39.0,19.5,22.0,11.0,9.0,4.5,-2.5201859224378724,-2.609586967649513,False,ADF p-value=0.4309 > 0.05 | q95-q05=3.44% вне диапазона 4.00%–35.00%
SECZ,gate,swap,SECZ/USDT:USDT,bybit,swap,SECZ/USDT:USDT,SECZ|gate:swap:SECZ/USDT:USDT|bybit:swap:SECZ/USDT:USDT,True,,576,0.0888088611094064,0.9663121514305093,0.00011975576020512297,True,0.6337267721202111,-1.0896251993883777,-0.0005531071208153548,1.0250497095857236,2.1154367962576526,2.962101662682795,143.0,71.5,49.0,24.5,9.0,4.5,-1.8552689047747963,-1.1688488357250448,False,q95-q05=2.12% вне диапазона 4.00%–35.00%
SEI,gate,swap,SEI/USDT:USDT,bybit,swap,SEI/USDT:USDT,SEI|gate:swap:SEI/USDT:USDT|bybit:swap:SEI/USDT:USDT,True,,576,0.008264272471392024,1.0029220089639075,2.3720416282852157e-09,True,0.09876224252601232,-0.15870916414377767,0.00041706998874513346,0.1719241809464922,0.3306118010510284,0.6835883770241832,289.0,144.5,112.0,56.0,36.0,18.0,-0.3893842115276656,-0.038449064386647525,False,q95-q05=0.33% вне диапазона 4.00%–35.00% | std=0.099% < 0.600% | half-life=0.7 bars
SENT,gate,swap,SENT/USDT:USDT,bybit,swap,SENT/USDT:USDT,SENT|gate:swap:SENT/USDT:USDT|bybit:swap:SENT/USDT:USDT,True,,576,0.014524986296545325,1.003502834426125,3.4072005663323535e-17,True,0.27540007934875566,-0.37900856207543354,-0.02518219812549516,0.4752017205046588,0.8538048208658999,1.6039552705677205,214.0,107.0,65.0,32.5,16.0,8.0,-0.19240449964075296,-0.052974178193265775,False,q95-q05=0.85% вне диапазона 4.00%–35.00% | std=0.275% < 0.600% | half-life=1.6 bars
SHAZ,gate,swap,SHAZ/USDT:USDT,bybit,swap,SHAZ/USDT:USDT,SHAZ|gate:swap:SHAZ/USDT:USDT|bybit:swap:SHAZ/USDT:USDT,True,,576,-0.013146541417995275,1.0032534275678224,2.6377798223025563e-10,True,0.35723499311926876,-0.5555595649290868,-0.007397556254307158,0.5938387662139499,1.1491910300534092,1.9295994186484808,110.0,55.0,60.0,30.0,17.0,8.5,0.3629474068445546,0.12974160608156815,False,q95-q05=1.15% вне диапазона 4.00%–35.00% | std=0.357% < 0.600% | half-life=1.9 bars
SHEIN,gate,swap,SHEIN/USDT:USDT,bybit,swap,SHEIN/USDT:USDT,SHEIN|gate:swap:SHEIN/USDT:USDT|bybit:swap:SHEIN/USDT:USDT,True,,576,0.07004604499178543,0.9485651057627137,1.0028371547266156e-09,True,0.41623906123519255,-0.6558513531226495,0.037191903438427154,0.765340079670418,1.4204377186062045,3.1314072251016705,68.0,34.0,40.0,20.0,10.0,5.0,0.6023169106608348,0.25102236032774616,False,q95-q05=1.42% вне диапазона 4.00%–35.00% | std=0.416% < 0.600%
SHELL,gate,swap,SHELL/USDT:USDT,bybit,swap,SHELL/USDT:USDT,SHELL|gate:swap:SHELL/USDT:USDT|bybit:swap:SHELL/USDT:USDT,True,,576,0.031260707603876114,1.008024572349926,4.029856005606758e-15,True,0.20758462036492942,-0.33765351771408714,-0.003378256200747831,0.3299596607960531,0.6676413420698357,1.4488963049139385,183.0,91.5,90.0,45.0,17.0,8.5,-0.07146835883819341,-0.014834631697357992,False,q95-q05=0.67% вне диапазона 4.00%–35.00% | std=0.208% < 0.600% | half-life=1.4 bars
SHOP,gate,swap,SHOP/USDT:USDT,bybit,swap,SHOP/USDT:USDT,SHOP|gate:swap:SHOP/USDT:USDT|bybit:swap:SHOP/USDT:USDT,True,,576,0.5920315064096227,0.88151000605668,2.5269134711849834e-05,True,0.2824796567642295,-0.4755047420300307,0.032240888729528905,0.4160821832089656,0.8918578174115899,3.4491808363826624,70.0,35.0,35.0,17.5,8.0,4.0,1.4929405654118977,0.42261585119258704,False,q95-q05=0.89% вне диапазона 4.00%–35.00% | std=0.282% < 0.600%
SIGN,gate,swap,SIGN/USDT:USDT,bybit,swap,SIGN/USDT:USDT,SIGN|gate:swap:SIGN/USDT:USDT|bybit:swap:SIGN/USDT:USDT,True,,576,-0.07185365687498615,0.9833684532560053,5.3451752100001955e-08,True,0.28013223874524035,-0.4652986165409545,-0.0018608180637258442,0.4899756147914047,0.9551636412353126,1.7561292009239915,187.0,93.5,68.0,34.0,19.0,9.5,-0.8676734225755321,-0.24276813872082803,False,q95-q05=0.96% вне диапазона 4.00%–35.00% | std=0.280% < 0.600% | half-life=1.8 bars
SIREN,gate,swap,SIREN/USDT:USDT,bybit,swap,SIREN/USDT:USDT,SIREN|gate:swap:SIREN/USDT:USDT|bybit:swap:SIREN/USDT:USDT,True,,576,-0.4841041640897706,0.8738678473130687,0.136209039482525,False,0.23254817140450093,-0.412885246928385,0.012833085814745182,0.3749069378477854,0.7879458849307852,4.413000840651841,78.0,39.0,50.0,25.0,16.0,8.0,0.36591584164245483,0.08512927427737349,False,ADF p-value=0.1362 > 0.05 | q95-q05=0.79% вне диапазона 4.00%–35.00% | std=0.233% < 0.600%
SKDD,gate,swap,SKDD/USDT:USDT,bybit,swap,SKDD/USDT:USDT,SKDD|gate:swap:SKDD/USDT:USDT|bybit:swap:SKDD/USDT:USDT,True,,576,0.03201015714402842,0.9839085455695213,7.95180762864987e-13,True,0.4978420079608687,-0.863703695136897,0.04446707608221079,0.9010121709116969,1.7644325073103095,2.3338476430117834,150.0,75.0,55.0,27.5,18.0,9.0,-1.9197617730426684,-0.9511853951220561,False,q95-q05=1.76% вне диапазона 4.00%–35.00% | std=0.498% < 0.600%
SKHY,gate,swap,SKHY/USDT:USDT,bybit,swap,SKHY/USDT:USDT,SKHY|gate:swap:SKHY/USDT:USDT|bybit:swap:SKHY/USDT:USDT,True,,576,0.003360884584897034,0.9993085698167719,8.14174098263774e-06,True,0.023438961079288688,-0.03827389979739193,0.00014828400012323328,0.041161850493121044,0.07943460745125641,0.8900977851794716,220.0,110.0,121.0,60.5,29.0,14.5,0.960452215030001,0.02251453622781341,False,q95-q05=0.08% вне диапазона 4.00%–35.00% | std=0.023% < 0.600% | half-life=0.9 bars
SKHYNIX,gate,swap,SKHYNIX/USDT:USDT,bybit,swap,SKHYNIX/USDT:USDT,SKHYNIX|gate:swap:SKHYNIX/USDT:USDT|bybit:swap:SKHYNIX/USDT:USDT,True,,576,-0.016841776776579342,1.002322077957497,3.0446717078752232e-05,True,0.02063951272197664,-0.03257005790560097,-0.0003518626704446248,0.033067794139651774,0.06563769105052408,1.2932503541536455,196.0,98.0,101.0,50.5,21.0,10.5,0.9679050732716922,0.019979084627053112,False,q95-q05=0.07% вне диапазона 4.00%–35.00% | std=0.021% < 0.600% | half-life=1.3 bars
SKL,gate,swap,SKL/USDT:USDT,bybit,swap,SKL/USDT:USDT,SKL|gate:swap:SKL/USDT:USDT|bybit:swap:SKL/USDT:USDT,True,,576,-0.10244954547911585,0.9813991202121247,7.168746163835524e-08,True,0.21483359527424725,-0.3591407965950699,0.010554537773255213,0.32261659287804445,0.6818845575433663,1.3825648687786225,190.0,95.0,92.0,46.0,19.0,9.5,0.657384038121698,0.14132795033829915,False,q95-q05=0.68% вне диапазона 4.00%–35.00% | std=0.215% < 0.600% | half-life=1.4 bars
SKR,gate,swap,SKR/USDT:USDT,bybit,swap,SKR/USDT:USDT,SKR|gate:swap:SKR/USDT:USDT|bybit:swap:SKR/USDT:USDT,True,,576,-0.03939330691455936,0.9907229936001812,3.370334931277427e-11,True,0.15081545117656645,-0.2311941243794191,-0.00824870767375252,0.23391655937385902,0.46510519111027104,1.1492332301914687,224.0,112.0,82.0,41.0,18.0,9.0,0.6919554607635754,0.10441204647306801,False,q95-q05=0.47% вне диапазона 4.00%–35.00% | std=0.151% < 0.600% | half-life=1.1 bars
SKUU,gate,swap,SKUU/USDT:USDT,bybit,swap,SKUU/USDT:USDT,SKUU|gate:swap:SKUU/USDT:USDT|bybit:swap:SKUU/USDT:USDT,True,,576,0.03882296215208866,0.988773202629303,8.785761552064043e-15,True,0.35430508899011276,-0.5392320734509681,-0.0146472571163625,0.4893120434461107,1.0288099801939343,1.342782606339332,190.0,95.0,78.0,39.0,14.0,7.0,1.2520526758402335,0.4445940344048438,False,q95-q05=1.03% вне диапазона 4.00%–35.00% | std=0.354% < 0.600% | half-life=1.3 bars
SKY,gate,swap,SKY/USDT:USDT,bybit,swap,SKY/USDT:USDT,SKY|gate:swap:SKY/USDT:USDT|bybit:swap:SKY/USDT:USDT,True,,576,-0.01429726851687766,0.9946397159997287,1.1588619988825023e-27,True,0.14227523347325274,-0.22193950744481272,-0.006840298880639306,0.22785924830410753,0.4497862009742337,0.7863966840938277,259.0,129.5,105.0,52.5,29.0,14.5,1.8305281009544054,0.2607782494298272,False,q95-q05=0.45% вне диапазона 4.00%–35.00% | std=0.142% < 0.600% | half-life=0.8 bars
SLP,gate,swap,SLP/USDT:USDT,bybit,swap,SLP/USDT:USDT,SLP|gate:swap:SLP/USDT:USDT|bybit:swap:SLP/USDT:USDT,True,,576,-0.14003694434910158,0.9810708827077289,1.2527817485925222e-29,True,0.21537069064971812,-0.3032496929557871,-0.006379408549495036,0.3415423620771074,0.6446708573247584,1.0263392046108795,196.0,98.0,95.0,47.5,23.0,11.5,-4.283787451944259,-0.9183593458910289,False,q95-q05=0.64% вне диапазона 4.00%–35.00% | std=0.215% < 0.600% | half-life=1.0 bars
SLX,gate,swap,SLX/USDT:USDT,bybit,swap,SLX/USDT:USDT,SLX|gate:swap:SLX/USDT:USDT|bybit:swap:SLX/USDT:USDT,True,,576,0.09724625716419326,1.035258564554848,0.002762760538582473,True,0.10817966515254789,-0.1589538792726164,0.008209734767272714,0.1375492837477621,0.29653511636175134,2.164412377035252,190.0,95.0,75.0,37.5,9.0,4.5,-0.9756686245567163,-0.10549182331713869,False,q95-q05=0.30% вне диапазона 4.00%–35.00% | std=0.108% < 0.600%
SMCI,gate,swap,SMCI/USDT:USDT,bybit,swap,SMCI/USDT:USDT,SMCI|gate:swap:SMCI/USDT:USDT|bybit:swap:SMCI/USDT:USDT,True,,576,0.051177341168049825,0.9863712749237672,3.3242155805773474e-15,True,0.1116363612233327,-0.16819910215039036,-0.0008621862783275702,0.17759789919813418,0.3457810962589569,1.1481686983239001,225.0,112.5,100.0,50.0,17.0,8.5,-0.15010614884944112,-0.01675590029689422,False,q95-q05=0.35% вне диапазона 4.00%–35.00% | std=0.112% < 0.600% | half-life=1.1 bars
SMH,gate,swap,SMH/USDT:USDT,bybit,swap,SMH/USDT:USDT,SMH|gate:swap:SMH/USDT:USDT|bybit:swap:SMH/USDT:USDT,True,,576,0.1363747446969745,0.9786693720384565,8.02261856291896e-26,True,0.151381016172013,-0.2707671279596924,0.004834732979652756,0.2460463815207481,0.516878548211519,1.3903625487449351,158.0,79.0,82.0,41.0,18.0,9.0,1.9575532589279023,0.29677591189762875,False,q95-q05=0.52% вне диапазона 4.00%–35.00% | std=0.151% < 0.600% | half-life=1.4 bars
SMIC,gate,swap,SMIC/USDT:USDT,bybit,swap,SMIC/USDT:USDT,SMIC|gate:swap:SMIC/USDT:USDT|bybit:swap:SMIC/USDT:USDT,True,,576,2.5728626033239115,-0.25150496537701844,0.00847536307984402,True,0.6850457381681183,-1.1835907396238299,0.37383774418724425,0.735280783193315,1.9232417114467548,9.796186291849317,30.0,15.0,23.0,11.5,2.0,1.0,1.0037651334237119,0.6899945957969722,False,q95-q05=1.92% вне диапазона 4.00%–35.00%
SNDK,gate,swap,SNDK/USDT:USDT,bybit,swap,SNDK/USDT:USDT,SNDK|gate:swap:SNDK/USDT:USDT|bybit:swap:SNDK/USDT:USDT,True,,576,0.026152940110350378,0.9965000123931996,0.008021971516644378,True,0.01865740738581944,-0.03396570467624205,0.0013595992402137824,0.027920861210839476,0.061888438392010414,1.1827975012261038,212.0,106.0,114.0,57.0,17.0,8.5,1.828533217179143,0.03412150921406898,False,q95-q05=0.06% вне диапазона 4.00%–35.00% | std=0.019% < 0.600% | half-life=1.2 bars
SNOW,gate,swap,SNOW/USDT:USDT,bybit,swap,SNOW/USDT:USDT,SNOW|gate:swap:SNOW/USDT:USDT|bybit:swap:SNOW/USDT:USDT,True,,576,0.3901224100040282,0.933267879330177,9.031885108731312e-05,True,0.12817149122274457,-0.17625911275948036,0.00282757770726505,0.21867713806151823,0.3948530195113209,1.123063649244452,180.0,90.0,96.0,48.0,31.0,15.5,0.9709606678966458,0.12452694721838409,False,q95-q05=0.39% вне диапазона 4.00%–35.00% | std=0.128% < 0.600% | half-life=1.1 bars
SNX,gate,swap,SNX/USDT:USDT,bybit,swap,SNX/USDT:USDT,SNX|gate:swap:SNX/USDT:USDT|bybit:swap:SNX/USDT:USDT,True,,576,-0.015532728887490688,0.9902148984441739,1.257681317125367e-24,True,0.17935039334767158,-0.27325793207124693,0.004320489670295302,0.2978854275652143,0.5710745911577331,0.9529456174493571,247.0,123.5,111.0,55.5,23.0,11.5,0.7607476155091984,0.13653350631928074,False,q95-q05=0.57% вне диапазона 4.00%–35.00% | std=0.179% < 0.600% | half-life=1.0 bars
SNXX,gate,swap,SNXX/USDT:USDT,bybit,swap,SNXX/USDT:USDT,SNXX|gate:swap:SNXX/USDT:USDT|bybit:swap:SNXX/USDT:USDT,True,,576,-0.0031565273550699558,1.0012441776484333,0.018685402937928947,True,0.06530548818888461,-0.08724019096023605,-0.008294676368392206,0.1187082930441008,0.20591615782192818,1.3901037884159309,205.0,102.5,97.0,48.5,17.0,8.5,-0.879576230857061,-0.05742466088223264,False,q95-q05=0.21% вне диапазона 4.00%–35.00% | std=0.065% < 0.600% | half-life=1.4 bars
SOFI,gate,swap,SOFI/USDT:USDT,bybit,swap,SOFI/USDT:USDT,SOFI|gate:swap:SOFI/USDT:USDT|bybit:swap:SOFI/USDT:USDT,True,,576,0.09366227755393688,0.9653261488357544,6.961126009026305e-09,True,0.33309308623392236,-0.5051558829672786,-0.027646966845740195,0.5175381909510168,1.0226396734156262,3.6090835284710248,66.0,33.0,41.0,20.5,10.0,5.0,0.5376689198311578,0.1792542686066323,False,q95-q05=1.02% вне диапазона 4.00%–35.00% | std=0.333% < 0.600%
SOL,gate,swap,SOL/USDT:USDT,bybit,swap,SOL/USDT:USDT,SOL|gate:swap:SOL/USDT:USDT|bybit:swap:SOL/USDT:USDT,True,,576,0.03320867396930689,0.9930535171871929,5.846871902240188e-09,True,0.013538864731259292,-0.021519897363231344,-0.0002620521809881815,0.023509391141440794,0.04502884134252039,1.2375848111256351,204.0,102.0,115.0,57.5,23.0,11.5,1.0174026490257002,0.013775425566975308,False,q95-q05=0.05% вне диапазона 4.00%–35.00% | std=0.014% < 0.600% | half-life=1.2 bars
SOMI,gate,swap,SOMI/USDT:USDT,bybit,swap,SOMI/USDT:USDT,SOMI|gate:swap:SOMI/USDT:USDT|bybit:swap:SOMI/USDT:USDT,True,,576,-0.01906407479797881,0.9860250655238263,3.1208679938796333e-25,True,0.1978387758503718,-0.31613735132247633,0.0006566025489762595,0.31857373654311516,0.6347054867124169,0.9519145681615364,235.0,117.5,99.0,49.5,30.0,15.0,-1.2031509146857307,-0.23774683758732706,False,q95-q05=0.63% вне диапазона 4.00%–35.00% | std=0.198% < 0.600% | half-life=1.0 bars
SONIC,gate,swap,SONIC/USDT:USDT,bybit,swap,SONIC/USDT:USDT,SONIC|gate:swap:SONIC/USDT:USDT|bybit:swap:SONIC/USDT:USDT,True,,576,-0.09120823055078224,0.9749869302694785,2.2159961815378317e-14,True,0.34356294664083703,-0.5857295714674082,0.01315936938430795,0.5320094900300054,1.1180510139005784,2.01085056428102,145.0,72.5,66.0,33.0,20.0,10.0,-0.668848611841109,-0.2295277811600882,False,q95-q05=1.12% вне диапазона 4.00%–35.00% | std=0.344% < 0.600%
SONY,gate,swap,SONY/USDT:USDT,bybit,swap,SONY/USDT:USDT,SONY|gate:swap:SONY/USDT:USDT|bybit:swap:SONY/USDT:USDT,True,,576,-0.6540595729498883,1.2063340297853957,6.824113138757963e-06,True,0.4383238403965166,-0.6988488074069044,-0.034973194092802196,0.9192375593218616,1.6163404781231794,5.9389966469220825,62.0,31.0,26.0,13.0,9.0,4.5,1.9171357404308393,0.8438669524900577,False,q95-q05=1.62% вне диапазона 4.00%–35.00% | std=0.438% < 0.600%
SOON,gate,swap,SOON/USDT:USDT,bybit,swap,SOON/USDT:USDT,SOON|gate:swap:SOON/USDT:USDT|bybit:swap:SOON/USDT:USDT,True,,576,0.004135016341680421,1.006572415754934,0.08603360876374888,False,0.09348512260280475,-0.14318198949566652,-0.0035395281096972653,0.1562512162717189,0.299413863927131,1.672427675403399,146.0,73.0,94.0,47.0,16.0,8.0,0.06491078522556268,0.006068376833634481,False,ADF p-value=0.0860 > 0.05 | q95-q05=0.30% вне диапазона 4.00%–35.00% | std=0.093% < 0.600% | half-life=1.7 bars
SOPH,gate,swap,SOPH/USDT:USDT,bybit,swap,SOPH/USDT:USDT,SOPH|gate:swap:SOPH/USDT:USDT|bybit:swap:SOPH/USDT:USDT,True,,576,0.07398116784959644,1.0136724993801018,8.72174553122053e-23,True,0.17312331758514515,-0.25945149487299757,-0.007004923381093153,0.27524535947287543,0.5346559066536694,1.0635365609342209,217.0,108.5,113.0,56.5,29.0,14.5,-0.40642618503497513,-0.07033710136233884,False,q95-q05=0.53% вне диапазона 4.00%–35.00% | std=0.173% < 0.600% | half-life=1.1 bars
SOXL,gate,swap,SOXL/USDT:USDT,bybit,swap,SOXL/USDT:USDT,SOXL|gate:swap:SOXL/USDT:USDT|bybit:swap:SOXL/USDT:USDT,True,,576,0.014957603196511002,0.9969775110059117,0.0027103965248547876,True,0.021297248868935553,-0.03507056657721108,0.0014738824069659984,0.03383669796419575,0.06890769238319105,1.1365684236401108,214.0,107.0,115.0,57.5,25.0,12.5,0.665744845505541,0.014179538859404595,False,q95-q05=0.07% вне диапазона 4.00%–35.00% | std=0.021% < 0.600% | half-life=1.1 bars
SOXS,gate,swap,SOXS/USDT:USDT,bybit,swap,SOXS/USDT:USDT,SOXS|gate:swap:SOXS/USDT:USDT|bybit:swap:SOXS/USDT:USDT,True,,576,-0.0009140556018874809,1.0003639940741433,5.132977586237026e-16,True,0.04319971451300191,-0.06599939544401634,-0.002668238708936066,0.06402353165944064,0.1300242299726806,0.7991426948021558,262.0,131.0,118.0,59.0,34.0,17.0,0.06715683341975373,0.00290119811530154,False,q95-q05=0.13% вне диапазона 4.00%–35.00% | std=0.043% < 0.600% | half-life=0.8 bars
SOXX,gate,swap,SOXX/USDT:USDT,bybit,swap,SOXX/USDT:USDT,SOXX|gate:swap:SOXX/USDT:USDT|bybit:swap:SOXX/USDT:USDT,True,,576,-0.01856737086767021,1.0030848997883477,0.0007267169291470594,True,0.11782413908349963,-0.1890593761715409,0.0025806763410685107,0.18360239427481773,0.3726723700866019,1.296534738008052,199.0,99.5,111.0,55.5,18.0,9.0,1.245756009643146,0.14688790410017916,False,q95-q05=0.37% вне диапазона 4.00%–35.00% | std=0.118% < 0.600% | half-life=1.3 bars
SPACE,gate,swap,SPACE/USDT:USDT,bybit,swap,SPACE/USDT:USDT,SPACE|gate:swap:SPACE/USDT:USDT|bybit:swap:SPACE/USDT:USDT,True,,576,0.06497697770509638,1.0128495793556267,4.028133171151758e-12,True,0.24104077154771392,-0.3901751316300772,-0.0007749684336366691,0.3750050992907594,0.7652420086970535,1.5075862924049326,175.0,87.5,89.0,44.5,15.0,7.5,0.2694664472688756,0.0649734989951467,False,q95-q05=0.77% вне диапазона 4.00%–35.00% | std=0.241% < 0.600% | half-life=1.5 bars
SPCH,gate,swap,SPCH/USDT:USDT,bybit,swap,SPCH/USDT:USDT,SPCH|gate:swap:SPCH/USDT:USDT|bybit:swap:SPCH/USDT:USDT,True,,576,-0.07794234635567371,1.0325854543746409,9.355654366753055e-06,True,0.47626084477980174,-0.8416507517715721,0.016493339215428726,0.7332085862349125,1.575746310738213,3.4567361837283292,59.0,29.5,47.0,23.5,17.0,8.5,0.26880236937105834,0.12810202415367566,False,q95-q05=1.58% вне диапазона 4.00%–35.00% | std=0.476% < 0.600%
SPCX,gate,swap,SPCX/USDT:USDT,bybit,swap,SPCX/USDT:USDT,SPCX|gate:swap:SPCX/USDT:USDT|bybit:swap:SPCX/USDT:USDT,True,,576,-0.005901924225833349,1.0012012874537755,0.1357434897666691,False,0.019431777868903752,-0.03257875171446267,0.00027621993272664014,0.029177887252318513,0.06175769107730211,1.3841427821468926,181.0,90.5,115.0,57.5,25.0,12.5,1.7534466315052748,0.034078390813085946,False,ADF p-value=0.1357 > 0.05 | q95-q05=0.06% вне диапазона 4.00%–35.00% | std=0.019% < 0.600% | half-life=1.4 bars
SPK,gate,swap,SPK/USDT:USDT,bybit,swap,SPK/USDT:USDT,SPK|gate:swap:SPK/USDT:USDT|bybit:swap:SPK/USDT:USDT,True,,576,-0.060912479854249725,0.9833201737820003,1.0824034926607093e-24,True,0.26126867857320996,-0.37822658572644885,-0.02300513713356933,0.4400462074944489,0.8180245063776681,1.4862266534498065,213.0,106.5,80.0,40.0,17.0,8.5,0.009174741957842939,0.0023971014378565414,False,q95-q05=0.82% вне диапазона 4.00%–35.00% | std=0.261% < 0.600% | half-life=1.5 bars
SPOT,gate,swap,SPOT/USDT:USDT,bybit,swap,SPOT/USDT:USDT,SPOT|gate:swap:SPOT/USDT:USDT|bybit:swap:SPOT/USDT:USDT,True,,576,-0.4770021671280041,1.0774976129335083,0.04269093749158365,True,0.5122392108580214,-0.9190261850753556,0.12478693719908396,0.799341116863217,1.719438593188105,7.673724816638419,45.0,22.5,18.0,9.0,4.0,2.0,0.1201912592365358,0.06158563195024502,False,q95-q05=1.72% вне диапазона 4.00%–35.00% | std=0.512% < 0.600%
SPX,gate,swap,SPX/USDT:USDT,bybit,swap,SPX/USDT:USDT,SPX|gate:swap:SPX/USDT:USDT|bybit:swap:SPX/USDT:USDT,True,,576,0.0002059717535476506,0.9993003352387789,1.5693997781371644e-16,True,0.14264564824890363,-0.2161429715761054,0.012267044217173506,0.21259707999947697,0.4287483098270456,0.7247661226890885,271.0,135.5,121.0,60.5,26.0,13.0,-1.185444735346427,-0.1689556417214133,False,q95-q05=0.43% вне диапазона 4.00%–35.00% | std=0.143% < 0.600% | half-life=0.7 bars
SPY,gate,swap,SPY/USDT:USDT,bybit,swap,SPY/USDT:USDT,SPY|gate:swap:SPY/USDT:USDT|bybit:swap:SPY/USDT:USDT,True,,576,0.15780063681448703,0.9762562428478413,5.48680978007394e-05,True,0.021351365347803512,-0.03647580047244636,0.001559842938769762,0.03290392856838409,0.06938097092366036,1.1388659595013901,195.0,97.5,109.0,54.5,25.0,12.5,-0.19952477849804603,-0.004260035699643616,False,q95-q05=0.07% вне диапазона 4.00%–35.00% | std=0.021% < 0.600% | half-life=1.1 bars
SQD,gate,swap,SQD/USDT:USDT,bybit,swap,SQD/USDT:USDT,SQD|gate:swap:SQD/USDT:USDT|bybit:swap:SQD/USDT:USDT,True,,576,-0.12668499921026535,0.9640263627792621,4.191685063731407e-26,True,0.20341219880539896,-0.2598495107798193,0.008431185741208935,0.3112010231375528,0.5709055006477115,1.3583047003917434,207.0,103.5,82.0,41.0,16.0,8.0,-1.4176679301566615,-0.2879555612059215,False,q95-q05=0.57% вне диапазона 4.00%–35.00% | std=0.203% < 0.600% | half-life=1.4 bars
SQQQ,gate,swap,SQQQ/USDT:USDT,bybit,swap,SQQQ/USDT:USDT,SQQQ|gate:swap:SQQQ/USDT:USDT|bybit:swap:SQQQ/USDT:USDT,True,,576,-0.01292967111088936,1.0037216985231825,7.847383994370582e-05,True,0.0744113388409706,-0.10752909869604643,0.009261916638658718,0.10199073609842291,0.2095257135924733,0.8001225657746622,257.0,128.5,113.0,56.5,21.0,10.5,-1.3501866764114665,-0.1004187448763072,False,q95-q05=0.21% вне диапазона 4.00%–35.00% | std=0.074% < 0.600% | half-life=0.8 bars
SSPC,gate,swap,SSPC/USDT:USDT,bybit,swap,SSPC/USDT:USDT,SSPC|gate:swap:SSPC/USDT:USDT|bybit:swap:SSPC/USDT:USDT,True,,576,0.18831327913575668,0.9155802575424995,0.0006071435611339185,True,0.8578478707624724,-1.9917552510507197,0.2390240341726413,1.0797249634723505,3.0857956314431667,8.64913192119659,32.0,16.0,18.0,9.0,12.0,6.0,-2.860561372232433,-2.4240624853470227,False,q95-q05=3.09% вне диапазона 4.00%–35.00%
SSV,gate,swap,SSV/USDT:USDT,bybit,swap,SSV/USDT:USDT,SSV|gate:swap:SSV/USDT:USDT|bybit:swap:SSV/USDT:USDT,True,,576,0.016203846632701274,0.9863222944686432,8.988479933225447e-22,True,0.2521419896832768,-0.4516325461694448,0.026097928801260828,0.36172796819069486,0.8137307930813242,1.7679399186558369,177.0,88.5,73.0,36.5,20.0,10.0,-0.8998663724885164,-0.2266368875189939,False,q95-q05=0.81% вне диапазона 4.00%–35.00% | std=0.252% < 0.600% | half-life=1.8 bars
STABLE,gate,swap,STABLE/USDT:USDT,bybit,swap,STABLE/USDT:USDT,STABLE|gate:swap:STABLE/USDT:USDT|bybit:swap:STABLE/USDT:USDT,True,,576,0.06355704308313762,1.0180163142792453,7.531978611684063e-22,True,0.16591511069296716,-0.24238661231317238,-0.004387978939912607,0.25418413565234665,0.4965424783720418,1.2570423655612275,170.0,85.0,82.0,41.0,21.0,10.5,0.13404555772248553,0.022242656859416954,False,q95-q05=0.50% вне диапазона 4.00%–35.00% | std=0.166% < 0.600% | half-life=1.3 bars
STBL,gate,swap,STBL/USDT:USDT,bybit,swap,STBL/USDT:USDT,STBL|gate:swap:STBL/USDT:USDT|bybit:swap:STBL/USDT:USDT,True,,576,-0.11644033324628447,0.9671929941386852,6.652147717690486e-14,True,0.1463783856832111,-0.2106567624012845,-0.018752875459793206,0.280086401064672,0.49057384583773844,1.213065936681085,202.0,101.0,101.0,50.5,26.0,13.0,1.2339314671425445,0.1807841139984001,False,q95-q05=0.49% вне диапазона 4.00%–35.00% | std=0.146% < 0.600% | half-life=1.2 bars
STEEM,gate,swap,STEEM/USDT:USDT,bybit,swap,STEEM/USDT:USDT,STEEM|gate:swap:STEEM/USDT:USDT|bybit:swap:STEEM/USDT:USDT,True,,576,-0.023585937458492016,0.9918175187072689,2.7461498958780193e-09,True,0.17068497183071188,-0.32776529727179815,0.003065424571691011,0.27147236761899673,0.5994081712680899,1.549706057551197,205.0,102.5,63.0,31.5,20.0,10.0,-0.3840302709595363,-0.0655267178440222,False,q95-q05=0.60% вне диапазона 4.00%–35.00% | std=0.171% < 0.600% | half-life=1.5 bars
STO,gate,swap,STO/USDT:USDT,bybit,swap,STO/USDT:USDT,STO|gate:swap:STO/USDT:USDT|bybit:swap:STO/USDT:USDT,True,,576,-0.053480734946508596,0.9833962599046125,2.283462317055958e-10,True,0.17990565576821493,-0.2929310168930943,-0.005168071325278856,0.28327415664419764,0.5762345910109712,1.4238665987162784,207.0,103.5,79.0,39.5,26.0,13.0,-0.8587373506126182,-0.15437242919035254,False,q95-q05=0.58% вне диапазона 4.00%–35.00% | std=0.180% < 0.600% | half-life=1.4 bars
STONK,gate,swap,STONK/USDT:USDT,bybit,swap,STONK/USDT:USDT,STONK|gate:swap:STONK/USDT:USDT|bybit:swap:STONK/USDT:USDT,True,,576,-0.00811251536300153,0.9947302627461231,2.8619356703446882e-11,True,0.16307202750129007,-0.2716040930175856,-0.0006394489769245837,0.2645385698906155,0.5361628886413339,0.823400823553619,251.0,125.5,140.0,70.0,23.0,11.5,-0.15499643421329184,-0.025272388776287347,False,q95-q05=0.54% вне диапазона 4.00%–35.00% | std=0.163% < 0.600% | half-life=0.8 bars
STORJ,gate,swap,STORJ/USDT:USDT,bybit,swap,STORJ/USDT:USDT,STORJ|gate:swap:STORJ/USDT:USDT|bybit:swap:STORJ/USDT:USDT,True,,576,-0.46398792615890627,0.8666322615171014,9.34327966084206e-06,True,0.33958940782835795,-0.6019091811224508,-0.009869023141351185,0.5171360943475145,1.119531494116821,2.964988884226962,97.0,48.5,66.0,33.0,20.0,10.0,-0.5726350755184982,-0.1942718536711352,False,q95-q05=1.12% вне диапазона 4.00%–35.00% | std=0.340% < 0.600%
STRK,gate,swap,STRK/USDT:USDT,bybit,swap,STRK/USDT:USDT,STRK|gate:swap:STRK/USDT:USDT|bybit:swap:STRK/USDT:USDT,True,,576,-0.007631814886117354,0.9977686043867808,7.436392503016957e-18,True,0.10511341118810758,-0.1610624886935308,-0.004377148519640883,0.1762959534006736,0.33733306824745846,0.687485463012339,265.0,132.5,129.0,64.5,25.0,12.5,-1.9395856803567277,-0.20366878025008806,False,q95-q05=0.34% вне диапазона 4.00%–35.00% | std=0.105% < 0.600% | half-life=0.7 bars
STX,gate,swap,STX/USDT:USDT,bybit,swap,STX/USDT:USDT,STX|gate:swap:STX/USDT:USDT|bybit:swap:STX/USDT:USDT,True,,576,0.006704883038574386,1.0069304594617738,4.993394643304921e-18,True,0.08972952986105233,-0.14207378649623292,-0.007645550773516252,0.1468514701325141,0.2889185558025059,0.7330766364836981,270.0,135.0,127.0,63.5,28.0,14.0,-0.617326669343666,-0.055377093035713365,False,q95-q05=0.29% вне диапазона 4.00%–35.00% | std=0.090% < 0.600% | half-life=0.7 bars
SUI,gate,swap,SUI/USDT:USDT,bybit,swap,SUI/USDT:USDT,SUI|gate:swap:SUI/USDT:USDT|bybit:swap:SUI/USDT:USDT,True,,576,0.001059939008227351,0.9924368343153273,3.054080860459244e-06,True,0.0192268215023695,-0.02814781853526238,-0.0006077195046194639,0.03126096107182175,0.05940785662870776,0.8350356345271928,283.0,141.5,132.0,66.0,23.0,11.5,-2.8174160320396298,-0.05415528587463525,False,q95-q05=0.06% вне диапазона 4.00%–35.00% | std=0.019% < 0.600% | half-life=0.8 bars
SUN,gate,swap,SUN/USDT:USDT,bybit,swap,SUN/USDT:USDT,SUN|gate:swap:SUN/USDT:USDT|bybit:swap:SUN/USDT:USDT,True,,576,-0.18976505967771423,0.9534283633794749,2.7437474236777878e-08,True,0.08696340389178527,-0.1572244280763524,0.004808330327432664,0.12422760453061343,0.28149866127087364,2.169361363394266,126.0,63.0,69.0,34.5,13.0,6.5,3.1369481406363584,0.27317212508275457,False,q95-q05=0.28% вне диапазона 4.00%–35.00% | std=0.087% < 0.600%
SUPER,gate,swap,SUPER/USDT:USDT,bybit,swap,SUPER/USDT:USDT,SUPER|gate:swap:SUPER/USDT:USDT|bybit:swap:SUPER/USDT:USDT,True,,576,0.0016807431888096064,1.0027304735833995,7.25256035504665e-11,True,0.12193604354005273,-0.19899649554060428,0.0059537968966738575,0.20030997821867125,0.39930438192067874,0.8879201386838369,255.0,127.5,125.0,62.5,26.0,13.0,-0.9539004026182816,-0.116247221534993,False,q95-q05=0.40% вне диапазона 4.00%–35.00% | std=0.122% < 0.600% | half-life=0.9 bars
SUSHI,gate,swap,SUSHI/USDT:USDT,bybit,swap,SUSHI/USDT:USDT,SUSHI|gate:swap:SUSHI/USDT:USDT|bybit:swap:SUSHI/USDT:USDT,True,,576,0.00878339572576631,1.006263233278136,0.0,True,0.13918915476506785,-0.23374619823763876,-0.00025941338576140893,0.21801450663665456,0.45179701097723957,0.7771149898714926,282.0,141.0,120.0,60.0,28.0,14.0,0.569424048811128,0.07928906923360124,False,q95-q05=0.45% вне диапазона 4.00%–35.00% | std=0.139% < 0.600% | half-life=0.8 bars
SYRUP,gate,swap,SYRUP/USDT:USDT,bybit,swap,SYRUP/USDT:USDT,SYRUP|gate:swap:SYRUP/USDT:USDT|bybit:swap:SYRUP/USDT:USDT,True,,576,0.004661749415047151,1.0037399438735775,0.0,True,0.2362153246633357,-0.35816427983637045,-0.007002382634158089,0.331500880235458,0.6897598511245384,0.8801519542721865,271.0,135.5,105.0,52.5,22.0,11.0,-0.2054503502862786,-0.048518747042325394,False,q95-q05=0.69% вне диапазона 4.00%–35.00% | std=0.236% < 0.600% | half-life=0.9 bars
T,gate,swap,T/USDT:USDT,bybit,swap,T/USDT:USDT,T|gate:swap:T/USDT:USDT|bybit:swap:T/USDT:USDT,True,,576,-0.05544319384555044,0.9892133152587598,0.0,True,0.12179372419574248,-0.1920108194232606,-0.000892694069343225,0.18817950723237775,0.38019806791573796,0.8768598015224534,234.0,117.0,109.0,54.5,30.0,15.0,0.0394894399361309,0.004809681617379269,False,q95-q05=0.38% вне диапазона 4.00%–35.00% | std=0.122% < 0.600% | half-life=0.9 bars
TA,gate,swap,TA/USDT:USDT,bybit,swap,TA/USDT:USDT,TA|gate:swap:TA/USDT:USDT|bybit:swap:TA/USDT:USDT,True,,576,0.01612892542223458,1.0045942442280154,1.2467972623505845e-14,True,0.22159402205897558,-0.3402895897160807,-0.0003329248417616171,0.3674410975486708,0.7076375734333951,1.4604360064673736,214.0,107.0,86.0,43.0,12.0,6.0,0.331172163407091,0.07341270562883917,False,q95-q05=0.71% вне диапазона 4.00%–35.00% | std=0.222% < 0.600% | half-life=1.5 bars
TAC,gate,swap,TAC/USDT:USDT,bybit,swap,TAC/USDT:USDT,TAC|gate:swap:TAC/USDT:USDT|bybit:swap:TAC/USDT:USDT,True,,576,-0.004144785799511997,0.9994157190453429,1.0999568468434261e-05,True,0.13968942071862442,-0.22476365465738946,-0.02758051436881903,0.24733319966545597,0.47204446180757476,0.9604351694265907,222.0,111.0,122.0,61.0,43.0,21.5,-0.203143247934627,-0.028372936748033428,False,q95-q05=0.47% вне диапазона 4.00%–35.00% | std=0.140% < 0.600% | half-life=1.0 bars
TAIKO,gate,swap,TAIKO/USDT:USDT,bybit,swap,TAIKO/USDT:USDT,TAIKO|gate:swap:TAIKO/USDT:USDT|bybit:swap:TAIKO/USDT:USDT,True,,576,0.047425199598444906,1.0199668733749583,7.627885163288973e-24,True,0.13793492728595516,-0.2173593589853029,-0.0033298192453457,0.21473517228773886,0.43210087314692336,0.9397279060665981,232.0,116.0,102.0,51.0,23.0,11.5,0.26216610714725214,0.03616840211608796,False,q95-q05=0.43% вне диапазона 4.00%–35.00% | std=0.138% < 0.600% | half-life=0.9 bars
TAO,gate,swap,TAO/USDT:USDT,bybit,swap,TAO/USDT:USDT,TAO|gate:swap:TAO/USDT:USDT|bybit:swap:TAO/USDT:USDT,True,,576,0.07387730689178265,0.9870231012930898,3.126803746386504e-19,True,0.026723854573059168,-0.041020609920672246,0.0006750307523395449,0.040285720950206105,0.0813066341067703,0.8096420942728736,270.0,135.0,133.0,66.5,20.0,10.0,0.8197153431920675,0.02190835315165618,False,q95-q05=0.08% вне диапазона 4.00%–35.00% | std=0.027% < 0.600% | half-life=0.8 bars
TBT,gate,swap,TBT/USDT:USDT,bybit,swap,TBT/USDT:USDT,TBT|gate:swap:TBT/USDT:USDT|bybit:swap:TBT/USDT:USDT,True,,576,1.2829081648759901,0.65857613988857,0.03703835036356974,True,0.3787640498395777,-0.6711872415619213,0.022820771992226874,0.5935732822669681,1.265268409241005,5.195236301242404,52.0,26.0,26.0,13.0,7.0,3.5,-0.4045702873759874,-0.15311933303751024,False,q95-q05=1.27% вне диапазона 4.00%–35.00% | std=0.379% < 0.600%
TEAM,gate,swap,TEAM/USDT:USDT,bybit,swap,TEAM/USDT:USDT,TEAM|gate:swap:TEAM/USDT:USDT|bybit:swap:TEAM/USDT:USDT,True,,576,0.11417019327006103,0.9783942828041434,2.239643950405223e-11,True,0.335727204036008,-0.5182583100328708,-0.00532959411553291,0.6111114781317317,1.1288576912256154,2.703624853432358,79.0,39.5,42.0,21.0,18.0,9.0,2.343510714523571,0.7898835492626377,False,q95-q05=1.13% вне диапазона 4.00%–35.00% | std=0.336% < 0.600%
TEM,gate,swap,TEM/USDT:USDT,bybit,swap,TEM/USDT:USDT,TEM|gate:swap:TEM/USDT:USDT|bybit:swap:TEM/USDT:USDT,True,,576,-0.07351280328382105,1.0168688658420983,7.471810388698637e-05,True,0.42307380789756094,-0.509561904013478,-0.008602885682329475,0.5511538093041946,1.0605051124605636,2.409204898074973,69.0,34.5,42.0,21.0,12.0,6.0,0.24107025030506618,0.10204253677330577,False,q95-q05=1.06% вне диапазона 4.00%–35.00% | std=0.423% < 0.600%
TENCENT,gate,swap,TENCENT/USDT:USDT,bybit,swap,TENCENT/USDT:USDT,TENCENT|gate:swap:TENCENT/USDT:USDT|bybit:swap:TENCENT/USDT:USDT,True,,576,-0.033100860376176905,1.0082596958013628,4.272412055508689e-06,True,0.11194993464997216,-0.17510019095283713,0.0015446797240192822,0.16703672816551496,0.3421510475049683,2.161792513338028,103.0,51.5,67.0,33.5,10.0,5.0,-1.4924566215077526,-0.16694091961403368,False,q95-q05=0.34% вне диапазона 4.00%–35.00% | std=0.112% < 0.600%
TER,gate,swap,TER/USDT:USDT,bybit,swap,TER/USDT:USDT,TER|gate:swap:TER/USDT:USDT|bybit:swap:TER/USDT:USDT,True,,576,0.07837838379156022,0.9868582844049639,9.273384386307354e-21,True,0.13858179346594957,-0.23450255536551223,-0.0004923540888213118,0.21426791882721563,0.4488166357224266,0.8730021747485479,240.0,120.0,112.0,56.0,28.0,14.0,-0.40137565104554385,-0.055607890654074676,False,q95-q05=0.45% вне диапазона 4.00%–35.00% | std=0.139% < 0.600% | half-life=0.9 bars
THE,gate,swap,THE/USDT:USDT,bybit,swap,THE/USDT:USDT,THE|gate:swap:THE/USDT:USDT|bybit:swap:THE/USDT:USDT,True,,576,0.004599820927840549,1.0017310949562939,6.381214342793813e-11,True,0.34843881281754047,-0.5963613146518942,0.020975442306037095,0.5312903944361125,1.1280306764003045,2.28102332719903,154.0,77.0,51.0,25.5,13.0,6.5,0.17526945331502372,0.061089332173058786,False,q95-q05=1.13% вне диапазона 4.00%–35.00% | std=0.348% < 0.600%
THETA,gate,swap,THETA/USDT:USDT,bybit,swap,THETA/USDT:USDT,THETA|gate:swap:THETA/USDT:USDT|bybit:swap:THETA/USDT:USDT,True,,576,-0.03356398780126052,0.9766722368008678,2.9055475320650246e-06,True,0.14809470287193274,-0.2415101051950197,0.00113107925270306,0.24177959009761274,0.48328998477542573,0.8459199207599819,255.0,127.5,109.0,54.5,29.0,14.5,1.6784169633155113,0.24887383954823594,False,q95-q05=0.48% вне диапазона 4.00%–35.00% | std=0.148% < 0.600% | half-life=0.8 bars
TIA,gate,swap,TIA/USDT:USDT,bybit,swap,TIA/USDT:USDT,TIA|gate:swap:TIA/USDT:USDT|bybit:swap:TIA/USDT:USDT,True,,576,-0.0038239290483221416,0.9945245049140041,0.0046058537109229,True,0.04457285882659615,-0.07541341474638363,-0.0010500548857206304,0.07431211329336218,0.14972638048036946,1.1836690525956908,207.0,103.5,117.0,58.5,23.0,11.5,0.18845361992274867,0.008400269399100324,False,q95-q05=0.15% вне диапазона 4.00%–35.00% | std=0.045% < 0.600% | half-life=1.2 bars
TLM,gate,swap,TLM/USDT:USDT,bybit,swap,TLM/USDT:USDT,TLM|gate:swap:TLM/USDT:USDT|bybit:swap:TLM/USDT:USDT,True,,576,-0.04364034777329942,0.9934954196974405,2.099930467595707e-15,True,0.08866899701960065,-0.14197410397588373,-0.0008412196994656007,0.15301773206788383,0.2949757619260529,0.9664746843671114,244.0,122.0,129.0,64.5,26.0,13.0,0.03819713015454712,0.0033869585755352816,False,q95-q05=0.29% вне диапазона 4.00%–35.00% | std=0.089% < 0.600% | half-life=1.0 bars
TLT,gate,swap,TLT/USDT:USDT,bybit,swap,TLT/USDT:USDT,TLT|gate:swap:TLT/USDT:USDT|bybit:swap:TLT/USDT:USDT,True,,576,1.6172978881901925,0.6287411121989225,7.344857815424741e-06,True,0.2686211848092613,-0.5048499638593107,0.008475684816056095,0.4272323851828519,0.9324509754072174,4.987552806212166,54.0,27.0,28.0,14.0,11.0,5.5,0.002066788461831782,0.0005551847067186699,False,q95-q05=0.93% вне диапазона 4.00%–35.00% | std=0.269% < 0.600%
TMF,gate,swap,TMF/USDT:USDT,bybit,swap,TMF/USDT:USDT,TMF|gate:swap:TMF/USDT:USDT|bybit:swap:TMF/USDT:USDT,True,,576,0.048605325343826646,0.9844745228348295,2.158671444796496e-07,True,0.34161113777554314,-0.5651188319312994,-0.008157188181245889,0.5635032457565137,1.1286431754203852,3.2629397502532314,96.0,48.0,47.0,23.5,12.0,6.0,1.9085365272358177,0.6541073332992919,False,q95-q05=1.13% вне диапазона 4.00%–35.00% | std=0.342% < 0.600%
TNSR,gate,swap,TNSR/USDT:USDT,bybit,swap,TNSR/USDT:USDT,TNSR|gate:swap:TNSR/USDT:USDT|bybit:swap:TNSR/USDT:USDT,True,,576,-0.004636156220217433,0.9980406313992469,1.6226558380644655e-16,True,0.14903213126602008,-0.22383435564174992,0.00741434961910592,0.25024001573288324,0.47401267594321395,0.8366063711454301,254.0,127.0,127.0,63.5,28.0,14.0,0.5438904279515128,0.08109000983855807,False,q95-q05=0.47% вне диапазона 4.00%–35.00% | std=0.149% < 0.600% | half-life=0.8 bars
TOWNS,gate,swap,TOWNS/USDT:USDT,bybit,swap,TOWNS/USDT:USDT,TOWNS|gate:swap:TOWNS/USDT:USDT|bybit:swap:TOWNS/USDT:USDT,True,,576,-0.017767663919411834,0.9969162431368015,3.721573971704123e-10,True,0.3256691440015359,-0.4566254188966723,-0.02099184015664779,0.5497860468651083,1.0059513773222228,1.2217848622283078,211.0,105.5,88.0,44.0,27.0,13.5,-0.5974731174281636,-0.19438937736097062,False,q95-q05=1.01% вне диапазона 4.00%–35.00% | std=0.326% < 0.600% | half-life=1.2 bars
TRB,gate,swap,TRB/USDT:USDT,bybit,swap,TRB/USDT:USDT,TRB|gate:swap:TRB/USDT:USDT|bybit:swap:TRB/USDT:USDT,True,,576,0.04083568835796811,0.9860113639793223,0.0,True,0.09912989202743942,-0.14274549420706384,-0.0015144374250875003,0.16722687420447357,0.3099346783999257,0.7433635933742034,250.0,125.0,121.0,60.5,32.0,16.0,-0.03377513297231311,-0.0033480692356646635,False,q95-q05=0.31% вне диапазона 4.00%–35.00% | std=0.099% < 0.600% | half-life=0.7 bars
TREE,gate,swap,TREE/USDT:USDT,bybit,swap,TREE/USDT:USDT,TREE|gate:swap:TREE/USDT:USDT|bybit:swap:TREE/USDT:USDT,True,,576,-0.2300125248124848,0.9255223308379273,3.6805447394379934e-08,True,0.37829171252993443,-0.7687648052334906,0.033368385695875524,0.5314561893705383,1.3017839790607333,3.3852137461969165,130.0,65.0,46.0,23.0,9.0,4.5,0.17560072904697446,0.06645036899435297,False,q95-q05=1.30% вне диапазона 4.00%–35.00% | std=0.378% < 0.600%
TRIA,gate,swap,TRIA/USDT:USDT,bybit,swap,TRIA/USDT:USDT,TRIA|gate:swap:TRIA/USDT:USDT|bybit:swap:TRIA/USDT:USDT,True,,576,0.021766390486967952,1.003630102712402,3.95706055478599e-09,True,0.22051804925095841,-0.3253709408052474,-0.00714661703351549,0.35849737112236824,0.6837577240398351,1.0459585715140076,243.0,121.5,101.0,50.5,22.0,11.0,-0.30378272638146414,-0.06696714121167124,False,q95-q05=0.68% вне диапазона 4.00%–35.00% | std=0.221% < 0.600% | half-life=1.0 bars
TRUMP,gate,swap,TRUMP/USDT:USDT,bybit,swap,TRUMP/USDT:USDT,TRUMP|gate:swap:TRUMP/USDT:USDT|bybit:swap:TRUMP/USDT:USDT,True,,576,0.0002745560071653055,0.999877931084551,3.185513502936004e-08,True,0.04377602782527173,-0.06752216651970677,-0.018135549511177906,0.07827299770202245,0.1457873533682985,0.8601086408400576,247.0,123.5,108.0,54.0,11.0,5.5,-0.41373369595618564,-0.018109977731950444,False,q95-q05=0.15% вне диапазона 4.00%–35.00% | std=0.044% < 0.600% | half-life=0.9 bars
TRUST,gate,swap,TRUST/USDT:USDT,bybit,swap,TRUST/USDT:USDT,TRUST|gate:swap:TRUST/USDT:USDT|bybit:swap:TRUST/USDT:USDT,True,,576,0.20072598990121937,1.0692045671435972,6.133811981748411e-14,True,0.3623120252467665,-0.5750389120017352,-0.014611577055612113,0.631090803258072,1.2058063905416416,1.974985649039197,141.0,70.5,74.0,37.0,16.0,8.0,0.2450192882241636,0.08881284981669957,False,q95-q05=1.21% вне диапазона 4.00%–35.00% | std=0.362% < 0.600% | half-life=2.0 bars
TRUTH,gate,swap,TRUTH/USDT:USDT,bybit,swap,TRUTH/USDT:USDT,TRUTH|gate:swap:TRUTH/USDT:USDT|bybit:swap:TRUTH/USDT:USDT,True,,576,0.010697533259546413,1.0030480139701614,1.14894757215884e-08,True,0.12213594464601323,-0.2019811989129927,-0.00011718660662962677,0.19893798695942433,0.40092582341988425,1.194596950092551,154.0,77.0,88.0,44.0,32.0,16.0,-0.020784019123656766,-0.0025384435904385327,False,q95-q05=0.40% вне диапазона 4.00%–35.00% | std=0.122% < 0.600% | half-life=1.2 bars
TRX,gate,swap,TRX/USDT:USDT,bybit,swap,TRX/USDT:USDT,TRX|gate:swap:TRX/USDT:USDT|bybit:swap:TRX/USDT:USDT,True,,576,-0.013125968300563805,0.987828817757986,6.422977167368134e-08,True,0.022687953997621968,-0.03763467068702564,0.0008951002922419349,0.03703670414383353,0.07467160155608665,0.9566194993766187,235.0,117.5,144.0,72.0,17.0,8.5,-0.4354582424357038,-0.009879168550264161,False,q95-q05=0.07% вне диапазона 4.00%–35.00% | std=0.023% < 0.600% | half-life=1.0 bars
TSEM,gate,swap,TSEM/USDT:USDT,bybit,swap,TSEM/USDT:USDT,TSEM|gate:swap:TSEM/USDT:USDT|bybit:swap:TSEM/USDT:USDT,True,,576,0.058836386048499514,0.9894904968573247,2.69414792883249e-10,True,0.29971416104220433,-0.4545768294913821,0.030047003281841178,0.4303550901381348,0.8850448826801749,0.8259130884920707,252.0,126.0,140.0,70.0,8.0,4.0,1.5898079791001536,0.4776249737631133,False,q95-q05=0.89% вне диапазона 4.00%–35.00% | std=0.300% < 0.600% | half-life=0.8 bars
TSLA,gate,swap,TSLA/USDT:USDT,bybit,swap,TSLA/USDT:USDT,TSLA|gate:swap:TSLA/USDT:USDT|bybit:swap:TSLA/USDT:USDT,True,,576,0.024814127673315884,0.9958340737122782,1.5935440552408652e-07,True,0.022322130889398988,-0.036496680919084756,-1.0447854303929915e-05,0.03680222826709656,0.07329880048669857,1.1951174006227985,199.0,99.5,106.0,53.0,21.0,10.5,-0.15665691708047627,-0.0034968550660430253,False,q95-q05=0.07% вне диапазона 4.00%–35.00% | std=0.022% < 0.600% | half-life=1.2 bars
TSLL,gate,swap,TSLL/USDT:USDT,bybit,swap,TSLL/USDT:USDT,TSLL|gate:swap:TSLL/USDT:USDT|bybit:swap:TSLL/USDT:USDT,True,,576,0.07144392609743187,0.9671558401267643,3.5994549402573174e-05,True,0.41020296677910517,-0.6421544331625562,0.0501042335996571,0.5907062679757047,1.233193552935552,4.09411796230251,103.0,51.5,38.0,19.0,7.0,3.5,2.179558011400361,0.898069827086756,False,q95-q05=1.23% вне диапазона 4.00%–35.00% | std=0.410% < 0.600%
TSM,gate,swap,TSM/USDT:USDT,bybit,swap,TSM/USDT:USDT,TSM|gate:swap:TSM/USDT:USDT|bybit:swap:TSM/USDT:USDT,True,,576,0.02479387336065873,0.9960269649669816,0.0023725532376347998,True,0.04005249700004589,-0.07029681624060036,-0.0014534644355523874,0.06464818353033586,0.13494883163209792,1.1182846084948175,197.0,98.5,111.0,55.5,22.0,11.0,0.7280057057661699,0.029162697834417273,False,q95-q05=0.13% вне диапазона 4.00%–35.00% | std=0.040% < 0.600% | half-life=1.1 bars
TTWO,gate,swap,TTWO/USDT:USDT,bybit,swap,TTWO/USDT:USDT,TTWO|gate:swap:TTWO/USDT:USDT|bybit:swap:TTWO/USDT:USDT,True,,576,-0.022453334691138704,1.0040932619641691,1.9363438892415164e-09,True,0.20158520559130605,-0.2906796027745795,-0.030052322417983834,0.459954657282835,0.750002994691279,2.199963694349124,85.0,42.5,48.0,24.0,15.0,7.5,1.620765513544,0.3272566684852318,False,q95-q05=0.75% вне диапазона 4.00%–35.00% | std=0.202% < 0.600%
TURTLE,gate,swap,TURTLE/USDT:USDT,bybit,swap,TURTLE/USDT:USDT,TURTLE|gate:swap:TURTLE/USDT:USDT|bybit:swap:TURTLE/USDT:USDT,True,,576,-0.18404629628989147,0.9418694040441086,7.930728978276772e-15,True,0.3190394197355305,-0.5189007982068006,0.021398947376516375,0.41829408146358826,0.937673427645147,2.808460880854729,133.0,66.5,45.0,22.5,9.0,4.5,0.910402429827379,0.29087649002557114,False,q95-q05=0.94% вне диапазона 4.00%–35.00% | std=0.319% < 0.600%
TUT,gate,swap,TUT/USDT:USDT,bybit,swap,TUT/USDT:USDT,TUT|gate:swap:TUT/USDT:USDT|bybit:swap:TUT/USDT:USDT,True,,576,0.0007160314099332966,1.0004795691669914,0.0,True,0.12320236194097571,-0.21015573385113617,-0.0029609124338247916,0.1826028483712827,0.3928132029375808,0.8035365141142167,263.0,131.5,128.0,64.0,22.0,11.0,1.2228881180994644,0.15077625781230175,False,q95-q05=0.39% вне диапазона 4.00%–35.00% | std=0.123% < 0.600% | half-life=0.8 bars
TWST,gate,swap,TWST/USDT:USDT,bybit,swap,TWST/USDT:USDT,TWST|gate:swap:TWST/USDT:USDT|bybit:swap:TWST/USDT:USDT,True,,576,0.9020141239416212,0.8285379269179131,0.17222631233044272,False,0.6953630103235201,-1.192609916555476,0.11110222842425355,0.9044574765589397,2.1001703182840226,4.362582922560241,52.0,26.0,49.0,24.5,9.0,4.5,0.7454068283219811,0.5196739813256412,False,ADF p-value=0.1722 > 0.05 | q95-q05=2.10% вне диапазона 4.00%–35.00%
TWT,gate,swap,TWT/USDT:USDT,bybit,swap,TWT/USDT:USDT,TWT|gate:swap:TWT/USDT:USDT|bybit:swap:TWT/USDT:USDT,True,,576,0.015055219794128669,1.028127136101736,7.555490761517025e-19,True,0.14525318381406568,-0.23642593602103412,0.001728559082603276,0.23157998964205007,0.4680181198868899,0.9974614614333251,221.0,110.5,104.0,52.0,26.0,13.0,1.3233628751568296,0.19240753716662784,False,q95-q05=0.47% вне диапазона 4.00%–35.00% | std=0.145% < 0.600% | half-life=1.0 bars
TXN,gate,swap,TXN/USDT:USDT,bybit,swap,TXN/USDT:USDT,TXN|gate:swap:TXN/USDT:USDT|bybit:swap:TXN/USDT:USDT,True,,576,-0.04039219855701713,1.0071292010162503,3.3306069784919374e-15,True,0.14088461187185639,-0.20390675534006641,-0.008575330518079127,0.23760113562971696,0.4414342386546366,1.257943200455352,202.0,101.0,106.0,53.0,14.0,7.0,0.48968473318743094,0.06901284648865857,False,q95-q05=0.44% вне диапазона 4.00%–35.00% | std=0.141% < 0.600% | half-life=1.3 bars
TZA,gate,swap,TZA/USDT:USDT,bybit,swap,TZA/USDT:USDT,TZA|gate:swap:TZA/USDT:USDT|bybit:swap:TZA/USDT:USDT,True,,576,0.21142535010768423,0.9453575623288732,4.936891070936949e-10,True,0.42809179318981777,-0.753402792915292,0.005801838386609859,0.6548990821448886,1.4090191426446075,3.0817570172549553,77.0,38.5,51.0,25.5,10.0,5.0,-0.6675800417632246,-0.28537755904998185,False,q95-q05=1.41% вне диапазона 4.00%–35.00% | std=0.428% < 0.600%
UAI,gate,swap,UAI/USDT:USDT,bybit,swap,UAI/USDT:USDT,UAI|gate:swap:UAI/USDT:USDT|bybit:swap:UAI/USDT:USDT,True,,576,-0.0009989169683630842,1.0002954955272796,0.008946355949867403,True,0.09880706390643668,-0.1577113824962062,-0.005131825873971874,0.15267274568322442,0.31039219714245614,1.0205287529381162,219.0,109.5,121.0,60.5,18.0,9.0,-0.6065927402165563,-0.059917689826383125,False,q95-q05=0.31% вне диапазона 4.00%–35.00% | std=0.099% < 0.600% | half-life=1.0 bars
UB,gate,swap,UB/USDT:USDT,bybit,swap,UB/USDT:USDT,UB|gate:swap:UB/USDT:USDT|bybit:swap:UB/USDT:USDT,True,,576,-0.0044718952738675094,0.9982432548412984,2.2513729950571252e-08,True,0.10237156123097611,-0.16915050134655996,0.000733334537694752,0.16310662842042856,0.3322674763601541,0.9098961526305328,231.0,115.5,127.0,63.5,31.0,15.5,1.0584719888123282,0.1084161578872811,False,q95-q05=0.33% вне диапазона 4.00%–35.00% | std=0.102% < 0.600% | half-life=0.9 bars
UBER,gate,swap,UBER/USDT:USDT,bybit,swap,UBER/USDT:USDT,UBER|gate:swap:UBER/USDT:USDT|bybit:swap:UBER/USDT:USDT,True,,576,0.10144193735206204,0.9758174639495931,5.778786680658047e-15,True,0.11006628247579506,-0.18534698806549343,0.0007733809126442281,0.17678156419653757,0.36214445763798064,1.6754952190787724,154.0,77.0,76.0,38.0,22.0,11.0,-0.8118391099875346,-0.08931620211933833,False,q95-q05=0.36% вне диапазона 4.00%–35.00% | std=0.110% < 0.600% | half-life=1.7 bars
UMA,gate,swap,UMA/USDT:USDT,bybit,swap,UMA/USDT:USDT,UMA|gate:swap:UMA/USDT:USDT|bybit:swap:UMA/USDT:USDT,True,,576,-0.017249161834378458,0.9823009709394876,1.3518010645245743e-11,True,0.3001661459000681,-0.6009508078401171,0.033428526613987763,0.4410169767138594,1.042811130876159,2.6049820688817373,143.0,71.5,44.0,22.0,15.0,7.5,-1.1531354194992476,-0.3455338675784736,False,q95-q05=1.04% вне диапазона 4.00%–35.00% | std=0.300% < 0.600%
UNH,gate,swap,UNH/USDT:USDT,bybit,swap,UNH/USDT:USDT,UNH|gate:swap:UNH/USDT:USDT|bybit:swap:UNH/USDT:USDT,True,,576,2.0912195450301008,0.6459852218471894,3.944908665599665e-05,True,0.2631967047770548,-0.3957492700979337,-0.04144721651065941,0.47166112381586967,0.867086717717358,2.6250514764993063,88.0,44.0,40.0,20.0,12.0,6.0,-0.5196358001908077,-0.1366729476342865,False,q95-q05=0.87% вне диапазона 4.00%–35.00% | std=0.263% < 0.600%
UNI,gate,swap,UNI/USDT:USDT,bybit,swap,UNI/USDT:USDT,UNI|gate:swap:UNI/USDT:USDT|bybit:swap:UNI/USDT:USDT,True,,576,0.007039905868494352,0.9970022078045374,0.007828767149141063,True,0.02058531940038262,-0.03260106016591546,-0.00012278313891167514,0.03372552999825196,0.06632621968650776,0.9948001783673884,232.0,116.0,131.0,65.5,21.0,10.5,-3.310216251242139,-0.06811864752396257,False,q95-q05=0.07% вне диапазона 4.00%–35.00% | std=0.021% < 0.600% | half-life=1.0 bars
UNITREE,gate,swap,UNITREE/USDT:USDT,bybit,swap,UNITREE/USDT:USDT,UNITREE|gate:swap:UNITREE/USDT:USDT|bybit:swap:UNITREE/USDT:USDT,True,,576,0.44219319890397046,0.8948457606689424,0.05998183025426815,False,0.05342430136107694,-0.08052444033125328,-0.005799655682947602,0.08822286855885153,0.16874085373352887,3.0295224553366884,102.0,51.0,60.0,30.0,5.0,2.5,1.064603147513634,0.056891856664154083,False,ADF p-value=0.0600 > 0.05 | q95-q05=0.17% вне диапазона 4.00%–35.00% | std=0.053% < 0.600%
URNM,gate,swap,URNM/USDT:USDT,bybit,swap,URNM/USDT:USDT,URNM|gate:swap:URNM/USDT:USDT|bybit:swap:URNM/USDT:USDT,True,,576,0.5306467680415087,0.862288340342755,6.676548282157514e-05,True,0.3523076159216598,-0.5911906323575744,-0.0494532516074897,0.5502041430950566,1.1416411316570674,3.5622993932011684,60.0,30.0,31.0,15.5,11.0,5.5,1.5057713437324047,0.5319043269735868,False,q95-q05=1.14% вне диапазона 4.00%–35.00% | std=0.352% < 0.600%
US,gate,swap,US/USDT:USDT,bybit,swap,US/USDT:USDT,US|gate:swap:US/USDT:USDT|bybit:swap:US/USDT:USDT,True,,576,0.0005985629867219239,1.001029004896674,1.980389626173847e-09,True,0.11145106609229177,-0.18027874168874414,0.005816078670650704,0.16709104146679365,0.34739303907553865,1.069892933111513,206.0,103.0,113.0,56.5,26.0,13.0,1.4650466462709688,0.16341438662648144,False,q95-q05=0.35% вне диапазона 4.00%–35.00% | std=0.111% < 0.600% | half-life=1.1 bars
USAR,gate,swap,USAR/USDT:USDT,bybit,swap,USAR/USDT:USDT,USAR|gate:swap:USAR/USDT:USDT|bybit:swap:USAR/USDT:USDT,True,,576,0.00818359601929252,0.9968207551283534,0.0,True,0.12634805191401166,-0.19547490365156017,0.015972857949253516,0.23168211414470452,0.4270803501256193,0.7689550102738565,272.0,136.0,139.0,69.5,16.0,8.0,0.09982104888999781,0.01261299043806563,False,q95-q05=0.43% вне диапазона 4.00%–35.00% | std=0.126% < 0.600% | half-life=0.8 bars
USD1,gate,swap,USD1/USDT:USDT,bybit,swap,USD1/USDT:USDT,USD1|gate:swap:USD1/USDT:USDT|bybit:swap:USD1/USDT:USDT,True,,576,-0.0009597643670662267,0.35095603557703414,0.012014637889236245,True,0.04413341323360338,-0.059592469658587,0.027003239479994612,0.047555989361924844,0.10715491811330172,12.630123468267525,15.0,7.5,13.0,6.5,0.0,0.0,0.997705272175252,0.04404183463160294,False,q95-q05=0.11% вне диапазона 4.00%–35.00% | std=0.044% < 0.600%
USDC,gate,swap,USDC/USDT:USDT,bybit,swap,USDC/USDT:USDT,USDC|gate:swap:USDC/USDT:USDT|bybit:swap:USDC/USDT:USDT,True,,576,-0.0005608063474844578,0.5387532499504409,0.0030947693506821017,True,0.02570712110305426,-0.028568006241636024,-0.008555708775170867,0.04609075324013556,0.0746522223889922,9.392423364895464,28.0,14.0,27.0,13.5,6.0,3.0,1.0745105079323611,0.02762638713755816,False,q95-q05=0.07% вне диапазона 4.00%–35.00% | std=0.026% < 0.600%
USELESS,gate,swap,USELESS/USDT:USDT,bybit,swap,USELESS/USDT:USDT,USELESS|gate:swap:USELESS/USDT:USDT|bybit:swap:USELESS/USDT:USDT,True,,576,-0.007032359692166505,0.9959005841876195,1.847301611279298e-13,True,0.060169317066091244,-0.09461379261616054,9.00342014942268e-05,0.10012271608272894,0.1947312064394413,0.7824036484467234,264.0,132.0,123.0,61.5,26.0,13.0,1.8445796249739348,0.11104870977862724,False,q95-q05=0.19% вне диапазона 4.00%–35.00% | std=0.060% < 0.600% | half-life=0.8 bars
USTC,gate,swap,USTC/USDT:USDT,bybit,swap,USTC/USDT:USDT,USTC|gate:swap:USTC/USDT:USDT|bybit:swap:USTC/USDT:USDT,True,,576,-0.14564462606816586,0.9716337709292203,2.7209493488901104e-06,True,0.2905437294908391,-0.44603265796265834,-0.01227690926368652,0.570452225314666,1.015861659478956,2.020125854183416,159.0,79.5,73.0,36.5,16.0,8.0,-1.4526133017264213,-0.42115831657224545,False,q95-q05=1.02% вне диапазона 4.00%–35.00% | std=0.291% < 0.600%
USUAL,gate,swap,USUAL/USDT:USDT,bybit,swap,USUAL/USDT:USDT,USUAL|gate:swap:USUAL/USDT:USDT|bybit:swap:USUAL/USDT:USDT,True,,576,0.1192289628909363,1.027325742421088,6.758943272361785e-07,True,0.11094055802669876,-0.17743762615303194,-0.0034819775606598213,0.19639592247437943,0.3737985509923769,0.9383957847899712,244.0,122.0,124.0,62.0,25.0,12.5,0.23179480287960214,0.025718751483205793,False,q95-q05=0.37% вне диапазона 4.00%–35.00% | std=0.111% < 0.600% | half-life=0.9 bars
UVXY,gate,swap,UVXY/USDT:USDT,bybit,swap,UVXY/USDT:USDT,UVXY|gate:swap:UVXY/USDT:USDT|bybit:swap:UVXY/USDT:USDT,True,,576,-0.0005873787927105535,1.0003391683565939,1.657551743887197e-10,True,0.14605681587171307,-0.2662057373254756,0.01928582497299214,0.24663526887169773,0.5128923181380252,0.9072389527653917,243.0,121.5,133.0,66.5,17.0,8.5,0.5324228147901756,0.07779422504861078,False,q95-q05=0.51% вне диапазона 4.00%–35.00% | std=0.146% < 0.600% | half-life=0.9 bars
V,gate,swap,V/USDT:USDT,bybit,swap,V/USDT:USDT,V|gate:swap:V/USDT:USDT|bybit:swap:V/USDT:USDT,True,,576,1.3340410029907102,0.7734812502867124,2.7664632239036443e-11,True,0.22548785795114948,-0.34857658629582344,-0.015616146335817316,0.36469457497876334,0.7132167067229744,2.336666384179027,105.0,52.5,59.0,29.5,11.0,5.5,-0.960249508479931,-0.2162903593406873,False,q95-q05=0.71% вне диапазона 4.00%–35.00% | std=0.225% < 0.600%
VANA,gate,swap,VANA/USDT:USDT,bybit,swap,VANA/USDT:USDT,VANA|gate:swap:VANA/USDT:USDT|bybit:swap:VANA/USDT:USDT,True,,576,0.00027215403221855376,0.9959038659334385,3.939217621023491e-13,True,0.28156349031968203,-0.5143868795383533,0.022391957361667103,0.4669508269716349,0.9815783968119841,2.045636434560005,161.0,80.5,64.0,32.0,23.0,11.5,-1.4953667738257201,-0.4201555545343627,False,q95-q05=0.98% вне диапазона 4.00%–35.00% | std=0.282% < 0.600%
VELO,gate,swap,VELO/USDT:USDT,bybit,swap,VELO/USDT:USDT,VELO|gate:swap:VELO/USDT:USDT|bybit:swap:VELO/USDT:USDT,True,,576,0.05722983146723597,1.0113134994939195,2.5746618604462533e-14,True,0.4879258780315666,-0.9206992046098095,0.043979548659622836,0.7325207925708455,1.6548147256875367,1.45631425001952,198.0,99.0,86.0,43.0,20.0,10.0,-0.793238232582179,-0.38629342104390396,False,q95-q05=1.65% вне диапазона 4.00%–35.00% | std=0.488% < 0.600% | half-life=1.5 bars
VELODROME,gate,swap,VELODROME/USDT:USDT,bybit,swap,VELODROME/USDT:USDT,VELODROME|gate:swap:VELODROME/USDT:USDT|bybit:swap:VELODROME/USDT:USDT,True,,576,-0.03837509262771074,0.9881578133679574,3.5317421862071777e-23,True,0.3500197460493053,-0.5958626225426422,0.007462971029292831,0.6055617120917178,1.2013805233961894,1.631268576959687,193.0,96.5,68.0,34.0,22.0,11.0,-0.4858497972518534,-0.1699125076281338,False,q95-q05=1.20% вне диапазона 4.00%–35.00% | std=0.350% < 0.600% | half-life=1.6 bars
VELVET,gate,swap,VELVET/USDT:USDT,bybit,swap,VELVET/USDT:USDT,VELVET|gate:swap:VELVET/USDT:USDT|bybit:swap:VELVET/USDT:USDT,True,,576,0.04739020518873153,1.0176661655415926,0.012834894479796513,True,0.12632352272604347,-0.2101318617038217,0.003413596957235754,0.19805440604350188,0.4082114853508956,0.9717930657113926,231.0,115.5,132.0,66.0,22.0,11.0,-1.9610775374369134,-0.24742362478197277,False,q95-q05=0.41% вне диапазона 4.00%–35.00% | std=0.126% < 0.600% | half-life=1.0 bars
VET,gate,swap,VET/USDT:USDT,bybit,swap,VET/USDT:USDT,VET|gate:swap:VET/USDT:USDT|bybit:swap:VET/USDT:USDT,True,,576,-0.05890128645220263,0.9875940577812298,1.0216173438231713e-27,True,0.24819736434516987,-0.35224599285829106,0.002368689275944469,0.4231692714144586,0.7751442679647003,1.2133600637609778,215.0,107.5,89.0,44.5,26.0,13.0,-2.6691676773261674,-0.6602908190325607,False,q95-q05=0.78% вне диапазона 4.00%–35.00% | std=0.248% < 0.600% | half-life=1.2 bars
VIRTUAL,gate,swap,VIRTUAL/USDT:USDT,bybit,swap,VIRTUAL/USDT:USDT,VIRTUAL|gate:swap:VIRTUAL/USDT:USDT|bybit:swap:VIRTUAL/USDT:USDT,True,,576,-0.0003704669871254195,0.9973797952882193,2.1227313872616472e-07,True,0.029535196665985867,-0.04549228382555448,-0.0008456867043538097,0.04944927804986232,0.094939690627701,0.9467326664719465,240.0,120.0,127.0,63.5,28.0,14.0,-0.6667068851637488,-0.019689380358911546,False,q95-q05=0.09% вне диапазона 4.00%–35.00% | std=0.030% < 0.600% | half-life=0.9 bars
VRT,gate,swap,VRT/USDT:USDT,bybit,swap,VRT/USDT:USDT,VRT|gate:swap:VRT/USDT:USDT|bybit:swap:VRT/USDT:USDT,True,,576,-0.26084501349446093,1.0474224172111035,7.873947547321916e-07,True,0.32512165311774477,-0.5038230232007224,0.008962652112076697,0.5139213407064469,1.0177017626395113,3.046906999628291,109.0,54.5,51.0,25.5,13.0,6.5,2.003542095952062,0.6535211091504234,False,q95-q05=1.02% вне диапазона 4.00%–35.00% | std=0.325% < 0.600%
VST,gate,swap,VST/USDT:USDT,bybit,swap,VST/USDT:USDT,VST|gate:swap:VST/USDT:USDT|bybit:swap:VST/USDT:USDT,True,,576,0.10663079343420205,0.9783762809814562,1.1951131934480994e-07,True,0.19330407626959306,-0.3260191887260899,0.017100653361579177,0.288568962381186,0.6147051905969869,2.075616653867883,94.0,47.0,62.0,31.0,15.0,7.5,0.22509656956439322,0.04352155233171562,False,q95-q05=0.61% вне диапазона 4.00%–35.00% | std=0.193% < 0.600%
VVV,gate,swap,VVV/USDT:USDT,bybit,swap,VVV/USDT:USDT,VVV|gate:swap:VVV/USDT:USDT|bybit:swap:VVV/USDT:USDT,True,,576,0.011619652334714839,0.9963822269365898,1.0761763451339105e-05,True,0.0406944600355804,-0.06622162207631233,-0.0012978021033727138,0.06802917616619553,0.13424960508868766,0.7858302138732972,257.0,128.5,143.0,71.5,24.0,12.0,-1.422804610996163,-0.057883506411748886,False,q95-q05=0.13% вне диапазона 4.00%–35.00% | std=0.041% < 0.600% | half-life=0.8 bars
W,gate,swap,W/USDT:USDT,bybit,swap,W/USDT:USDT,W|gate:swap:W/USDT:USDT|bybit:swap:W/USDT:USDT,True,,576,0.02802675871357183,1.0062448406244715,0.0,True,0.13446937251132413,-0.20879389395119796,-0.004472404744026992,0.22194823317527312,0.4307144642146099,0.808508989164216,238.0,119.0,117.0,58.5,27.0,13.5,0.04934670161978973,0.006635840164492812,False,q95-q05=0.43% вне диапазона 4.00%–35.00% | std=0.134% < 0.600% | half-life=0.8 bars
WAL,gate,swap,WAL/USDT:USDT,bybit,swap,WAL/USDT:USDT,WAL|gate:swap:WAL/USDT:USDT|bybit:swap:WAL/USDT:USDT,True,,576,0.041440275125291665,1.012983326133712,5.578058564773778e-06,True,0.1269540477210979,-0.18769827450173526,-0.006503557934334214,0.20798813653453152,0.39564678910330997,0.7911825673248166,257.0,128.5,112.0,56.0,28.0,14.0,0.24792875758685207,0.03148051339627589,False,q95-q05=0.40% вне диапазона 4.00%–35.00% | std=0.127% < 0.600% | half-life=0.8 bars
WAXP,gate,swap,WAXP/USDT:USDT,bybit,swap,WAXP/USDT:USDT,WAXP|gate:swap:WAXP/USDT:USDT|bybit:swap:WAXP/USDT:USDT,True,,576,0.07693005552481906,1.0158958900237816,5.655717503930812e-17,True,0.20792555280342717,-0.3388662041260204,0.0022541457124658493,0.3519265156654239,0.6907503593991171,1.71530223798023,192.0,96.0,66.0,33.0,25.0,12.5,1.544346879573306,0.3216252864539637,False,q95-q05=0.69% вне диапазона 4.00%–35.00% | std=0.208% < 0.600% | half-life=1.7 bars
WCT,gate,swap,WCT/USDT:USDT,bybit,swap,WCT/USDT:USDT,WCT|gate:swap:WCT/USDT:USDT|bybit:swap:WCT/USDT:USDT,True,,576,0.024624170269178503,1.0074816654454901,9.221868165290071e-30,True,0.15051529986631484,-0.2207822273966875,-0.008412013630054727,0.26507596496871955,0.485751568939663,1.034637463669617,219.0,109.5,131.0,65.5,18.0,9.0,-1.3244719752267116,-0.19915471981017951,False,q95-q05=0.49% вне диапазона 4.00%–35.00% | std=0.151% < 0.600% | half-life=1.0 bars
WDC,gate,swap,WDC/USDT:USDT,bybit,swap,WDC/USDT:USDT,WDC|gate:swap:WDC/USDT:USDT|bybit:swap:WDC/USDT:USDT,True,,576,0.05166260156529316,0.9914097485292295,0.46776061280054065,False,0.07386435741925498,-0.1131311948318614,-0.00071843521844972,0.12479080163003697,0.2379082390998155,0.9817249339623718,183.0,91.5,114.0,57.0,31.0,15.5,-0.36438815478180514,-0.026911675063046037,False,ADF p-value=0.4678 > 0.05 | q95-q05=0.24% вне диапазона 4.00%–35.00% | std=0.074% < 0.600% | half-life=1.0 bars
WET,gate,swap,WET/USDT:USDT,bybit,swap,WET/USDT:USDT,WET|gate:swap:WET/USDT:USDT|bybit:swap:WET/USDT:USDT,True,,576,-0.03702802558626939,0.9857626260961287,1.947617433799617e-21,True,0.14812263741718062,-0.22367354341440437,-0.01363446040197891,0.2598362258911857,0.4834233015160283,1.1676427285157196,178.0,89.0,105.0,52.5,26.0,13.0,-0.7270391302403792,-0.10763298757935358,False,q95-q05=0.48% вне диапазона 4.00%–35.00% | std=0.148% < 0.600% | half-life=1.2 bars
WIF,gate,swap,WIF/USDT:USDT,bybit,swap,WIF/USDT:USDT,WIF|gate:swap:WIF/USDT:USDT|bybit:swap:WIF/USDT:USDT,True,,576,-0.006162889575669417,0.9954151262694764,0.003416106945098867,True,0.047911839403464364,-0.07964089722408696,-0.00282883043370985,0.0795802039487592,0.15922118312841627,0.9249652300165239,248.0,124.0,147.0,73.5,31.0,15.5,-0.24735641577007916,-0.011850598628837528,False,q95-q05=0.16% вне диапазона 4.00%–35.00% | std=0.048% < 0.600% | half-life=0.9 bars
WLD,gate,swap,WLD/USDT:USDT,bybit,swap,WLD/USDT:USDT,WLD|gate:swap:WLD/USDT:USDT|bybit:swap:WLD/USDT:USDT,True,,576,-0.004726040585115135,0.9928851646513475,0.08288434815053303,False,0.03311645163175284,-0.052482593724789695,-0.0002614793324751119,0.05285671145693893,0.10533911787623251,1.2465970211736432,166.0,83.0,114.0,57.0,17.0,8.5,-3.0235870696462315,-0.10008036111407437,False,ADF p-value=0.0829 > 0.05 | q95-q05=0.11% вне диапазона 4.00%–35.00% | std=0.033% < 0.600% | half-life=1.2 bars
WLFI,gate,swap,WLFI/USDT:USDT,bybit,swap,WLFI/USDT:USDT,WLFI|gate:swap:WLFI/USDT:USDT|bybit:swap:WLFI/USDT:USDT,True,,576,-0.02543439755172191,0.9912840369402941,1.143600624710536e-05,True,0.029320594812060872,-0.045574908043533036,-4.836033941080231e-05,0.04783189732204818,0.09340575807778029,0.9138648177989956,225.0,112.5,129.0,64.5,24.0,12.0,0.8781187063338243,0.025750277600211646,False,q95-q05=0.09% вне диапазона 4.00%–35.00% | std=0.029% < 0.600% | half-life=0.9 bars
WMT,gate,swap,WMT/USDT:USDT,bybit,swap,WMT/USDT:USDT,WMT|gate:swap:WMT/USDT:USDT|bybit:swap:WMT/USDT:USDT,True,,576,0.5124931329729722,0.889571193192589,3.1824897918114965e-09,True,0.193429081228472,-0.3121954549031303,-0.00883878236961344,0.3290340536156622,0.6411777226382531,4.6957356989080745,59.0,29.5,27.0,13.5,7.0,3.5,-1.4022105161725151,-0.2708608002230273,False,q95-q05=0.64% вне диапазона 4.00%–35.00% | std=0.193% < 0.600%
WOO,gate,swap,WOO/USDT:USDT,bybit,swap,WOO/USDT:USDT,WOO|gate:swap:WOO/USDT:USDT|bybit:swap:WOO/USDT:USDT,True,,576,-0.11159246785498045,0.9736456252526393,2.615447844382501e-12,True,0.1208404090883734,-0.2084470287670004,-0.0054852295580998245,0.2089014673364975,0.4173481535873602,0.8140599845583956,253.0,126.5,129.0,64.5,31.0,15.5,1.4435849119909487,0.17459563231454478,False,q95-q05=0.42% вне диапазона 4.00%–35.00% | std=0.121% < 0.600% | half-life=0.8 bars
XAG,gate,swap,XAG/USDT:USDT,bybit,swap,XAG/USDT:USDT,XAG|gate:swap:XAG/USDT:USDT|bybit:swap:XAG/USDT:USDT,True,,576,0.0174406510089805,0.9957996456177732,9.939526679828719e-08,True,0.015587167722640596,-0.022093434224046415,-0.00043125858724124555,0.028217497253058,0.05030939204881957,0.8620443203879989,239.0,119.5,159.0,79.5,29.0,14.5,0.7484883698124642,0.011667494358080788,False,q95-q05=0.05% вне диапазона 4.00%–35.00% | std=0.016% < 0.600% | half-life=0.9 bars
XAI,gate,swap,XAI/USDT:USDT,bybit,swap,XAI/USDT:USDT,XAI|gate:swap:XAI/USDT:USDT|bybit:swap:XAI/USDT:USDT,True,,576,-0.02119138709208859,0.9953101315481946,5.830885158293056e-13,True,0.07276405118156846,-0.12299012514283003,0.0007284470224799833,0.11929098389378279,0.24228570880251432,0.8043125155565638,270.0,135.0,144.0,72.0,26.0,13.0,0.2620264696699734,0.019067925148053,False,q95-q05=0.24% вне диапазона 4.00%–35.00% | std=0.073% < 0.600% | half-life=0.8 bars
XAN,gate,swap,XAN/USDT:USDT,bybit,swap,XAN/USDT:USDT,XAN|gate:swap:XAN/USDT:USDT|bybit:swap:XAN/USDT:USDT,True,,576,-0.13305422895658287,0.9695454614979552,1.5524611026202778e-14,True,0.34234395102672216,-0.6094883360377668,-0.008078979733616709,0.5708902146351891,1.180620109957653,2.2623442374219267,175.0,87.5,61.0,30.5,16.0,8.0,-1.303504350782445,-0.4452526278772795,False,q95-q05=1.18% вне диапазона 4.00%–35.00% | std=0.342% < 0.600%
XAU,gate,swap,XAU/USDT:USDT,bybit,swap,XAU/USDT:USDT,XAU|gate:swap:XAU/USDT:USDT|bybit:swap:XAU/USDT:USDT,True,,576,0.1857660474091033,0.9777383090020607,1.3342964869776495e-06,True,0.010952318979877567,-0.01704967349508424,-0.000632495992558546,0.01959415656116459,0.03664336427418036,1.9994545571712903,148.0,74.0,93.0,46.5,12.0,6.0,1.2397846538269737,0.013579438917576958,False,q95-q05=0.04% вне диапазона 4.00%–35.00% | std=0.011% < 0.600% | half-life=2.0 bars
XAUT,gate,swap,XAUT/USDT:USDT,bybit,swap,XAUT/USDT:USDT,XAUT|gate:swap:XAUT/USDT:USDT|bybit:swap:XAUT/USDT:USDT,True,,576,0.0938440386663156,0.9888423774674475,0.2908745024491728,False,0.014940465574062135,-0.023548086371261157,-0.0002776802706216941,0.026440571661279222,0.04998793612660535,2.0278333630831953,162.0,81.0,92.0,46.0,16.0,8.0,-2.630151860831598,-0.03928797358455638,False,ADF p-value=0.2909 > 0.05 | q95-q05=0.05% вне диапазона 4.00%–35.00% | std=0.015% < 0.600%
XBI,gate,swap,XBI/USDT:USDT,bybit,swap,XBI/USDT:USDT,XBI|gate:swap:XBI/USDT:USDT|bybit:swap:XBI/USDT:USDT,True,,576,0.17375528504171148,0.9657193740939588,3.7896303709014414e-10,True,0.27380312490273767,-0.42223421017952845,-0.02011857579755638,0.547971878330844,0.9696041107148945,4.273256320310702,80.0,40.0,34.0,17.0,10.0,5.0,0.17350473006101272,0.0475174232284159,False,q95-q05=0.97% вне диапазона 4.00%–35.00% | std=0.274% < 0.600%
XCN,gate,swap,XCN/USDT:USDT,bybit,swap,XCN/USDT:USDT,XCN|gate:swap:XCN/USDT:USDT|bybit:swap:XCN/USDT:USDT,True,,576,-0.043512389570906855,0.9922586875912169,0.003385380589437056,True,0.1465767539530274,-0.23084089833065313,0.0013945209833332584,0.23770530388826927,0.4685309784175251,0.8546007586918015,270.0,135.0,134.0,67.0,22.0,11.0,0.6610243123212484,0.09693775228125645,False,q95-q05=0.47% вне диапазона 4.00%–35.00% | std=0.147% < 0.600% | half-life=0.9 bars
XDC,gate,swap,XDC/USDT:USDT,bybit,swap,XDC/USDT:USDT,XDC|gate:swap:XDC/USDT:USDT|bybit:swap:XDC/USDT:USDT,True,,576,-0.023626149134002336,0.9938574862556911,5.85821552731861e-11,True,0.2958354904934059,-0.4567275596808362,-0.004477836808225444,0.45686239499573844,0.9135956931957123,1.5965436381513354,190.0,95.0,78.0,39.0,10.0,5.0,0.42893807658806116,0.1269756521848464,False,q95-q05=0.91% вне диапазона 4.00%–35.00% | std=0.296% < 0.600% | half-life=1.6 bars
XDP,gate,swap,XDP/USDT:USDT,bybit,swap,XDP/USDT:USDT,XDP|gate:swap:XDP/USDT:USDT|bybit:swap:XDP/USDT:USDT,True,,576,0.028963442214771568,1.0080328238213805,7.094266595520438e-08,True,0.20570380585502387,-0.2973104089913803,-0.0033745584522404393,0.35216281153036544,0.6492974246479655,0.8560654763459566,225.0,112.5,117.0,58.5,26.0,13.0,-0.49212570750110446,-0.10118090855627537,False,q95-q05=0.65% вне диапазона 4.00%–35.00% | std=0.206% < 0.600% | half-life=0.9 bars
XIAOMI,gate,swap,XIAOMI/USDT:USDT,bybit,swap,XIAOMI/USDT:USDT,XIAOMI|gate:swap:XIAOMI/USDT:USDT|bybit:swap:XIAOMI/USDT:USDT,True,,576,0.013150143149819346,0.9885635788219117,1.0283132948588872e-09,True,0.20190472061407824,-0.31338197636854304,-0.030595206718020407,0.33485317200496745,0.6481678331597407,1.1369630660794643,209.0,104.5,100.0,50.0,6.0,3.0,1.4932614892595126,0.3019515017349983,False,q95-q05=0.65% вне диапазона 4.00%–35.00% | std=0.202% < 0.600% | half-life=1.1 bars
XLE,gate,swap,XLE/USDT:USDT,bybit,swap,XLE/USDT:USDT,XLE|gate:swap:XLE/USDT:USDT|bybit:swap:XLE/USDT:USDT,True,,576,0.07167238371053773,0.982231873332684,0.0041968539192606185,True,0.28940919871104415,-0.48582015208912255,0.016637378146455717,0.6583409677191732,1.143187462268358,6.563896617332851,54.0,27.0,12.0,6.0,11.0,5.5,-2.2171606362651968,-0.639612398728373,False,q95-q05=1.14% вне диапазона 4.00%–35.00% | std=0.289% < 0.600%
XLF,gate,swap,XLF/USDT:USDT,bybit,swap,XLF/USDT:USDT,XLF|gate:swap:XLF/USDT:USDT|bybit:swap:XLF/USDT:USDT,True,,576,-0.5731905401636433,1.1432577700457736,0.03475070277795815,True,0.3908298615061671,-0.7043066294682765,0.010512709212306959,0.6297813077412284,1.3346050484893013,7.923812915910321,28.0,14.0,24.0,12.0,9.0,4.5,3.6420904047408658,1.4336168031835017,False,q95-q05=1.33% вне диапазона 4.00%–35.00% | std=0.391% < 0.600%
XLK,gate,swap,XLK/USDT:USDT,bybit,swap,XLK/USDT:USDT,XLK|gate:swap:XLK/USDT:USDT|bybit:swap:XLK/USDT:USDT,True,,576,0.32616663144368085,0.9382912559000616,5.70990880691898e-07,True,0.2532605504668769,-0.3885983980736918,-0.005614937498932271,0.44237399532427446,0.8307538011263382,4.284097296807696,70.0,35.0,34.0,17.0,13.0,6.5,2.5938204084722973,0.6590747863014501,False,q95-q05=0.83% вне диапазона 4.00%–35.00% | std=0.253% < 0.600%
XLM,gate,swap,XLM/USDT:USDT,bybit,swap,XLM/USDT:USDT,XLM|gate:swap:XLM/USDT:USDT|bybit:swap:XLM/USDT:USDT,True,,576,-0.007197465485028918,0.9950716926274618,3.647398832064241e-11,True,0.030086254305387427,-0.05073505224660879,-0.0010194828444443083,0.04834924705394705,0.09908548940061879,0.9010398595785236,232.0,116.0,139.0,69.5,25.0,12.5,0.41829610480032087,0.012585754923533088,False,q95-q05=0.10% вне диапазона 4.00%–35.00% | std=0.030% < 0.600% | half-life=0.9 bars
XLU,gate,swap,XLU/USDT:USDT,bybit,swap,XLU/USDT:USDT,XLU|gate:swap:XLU/USDT:USDT|bybit:swap:XLU/USDT:USDT,True,,576,2.9751528383527504,0.19189573020780681,0.010932418867583614,True,0.3341398290017028,-0.44473353805477567,0.0538816734861447,0.6804262826558771,1.1238472500844754,8.840043114438798,12.0,6.0,9.0,4.5,4.0,2.0,-0.14443357858294478,-0.04824936749685538,False,q95-q05=1.12% вне диапазона 4.00%–35.00% | std=0.334% < 0.600%
XLV,gate,swap,XLV/USDT:USDT,bybit,swap,XLV/USDT:USDT,XLV|gate:swap:XLV/USDT:USDT|bybit:swap:XLV/USDT:USDT,True,,576,2.7506840615723784,0.46341518649755226,0.1756232012295212,False,0.49088316270759186,-0.9547922046919122,0.1603130283065024,0.6335163287231271,1.590897617884135,26.339687349135115,7.0,3.5,5.0,2.5,4.0,2.0,-0.6017331249358112,-0.29494484002021704,False,ADF p-value=0.1756 > 0.05 | q95-q05=1.59% вне диапазона 4.00%–35.00% | std=0.491% < 0.600%
XMR,gate,swap,XMR/USDT:USDT,bybit,swap,XMR/USDT:USDT,XMR|gate:swap:XMR/USDT:USDT|bybit:swap:XMR/USDT:USDT,True,,576,-0.12770721038459065,1.020359863338719,3.024180654658806e-21,True,0.0835258080627084,-0.14444350314740673,0.007414687425844058,0.12301121596822728,0.2674835425002797,0.8125881782386782,264.0,132.0,122.0,61.0,29.0,14.5,1.0363110537282119,0.08659619103583704,False,q95-q05=0.27% вне диапазона 4.00%–35.00% | std=0.084% < 0.600% | half-life=0.8 bars
XNY,gate,swap,XNY/USDT:USDT,bybit,swap,XNY/USDT:USDT,XNY|gate:swap:XNY/USDT:USDT|bybit:swap:XNY/USDT:USDT,True,,576,-0.17620361442898827,0.9641831791623552,1.2469473546811217e-21,True,0.29407964838516526,-0.4789944905441823,-0.019024389410537967,0.49904356246077697,0.9779478130783392,1.789071733789961,148.0,74.0,73.0,36.5,15.0,7.5,-0.48089711390987383,-0.14132210030577408,False,q95-q05=0.98% вне диапазона 4.00%–35.00% | std=0.294% < 0.600% | half-life=1.8 bars
XOM,gate,swap,XOM/USDT:USDT,bybit,swap,XOM/USDT:USDT,XOM|gate:swap:XOM/USDT:USDT|bybit:swap:XOM/USDT:USDT,True,,576,0.3220926589134264,0.9366731585235208,2.906289447403726e-07,True,0.24987555638630804,-0.36878120776665524,-0.01182896075049289,0.3793185496965723,0.7480638330734202,4.469915820444946,73.0,36.5,31.0,15.5,9.0,4.5,1.0891249191601293,0.272516347708196,False,q95-q05=0.75% вне диапазона 4.00%–35.00% | std=0.250% < 0.600%
XPIN,gate,swap,XPIN/USDT:USDT,bybit,swap,XPIN/USDT:USDT,XPIN|gate:swap:XPIN/USDT:USDT|bybit:swap:XPIN/USDT:USDT,True,,576,-0.04045141469726008,0.9945505262062515,3.512678421892033e-13,True,0.2185511249262492,-0.38075556031330615,0.012953118131764363,0.34810475340583125,0.7289825507897252,1.1943255379113595,224.0,112.0,97.0,48.5,20.0,10.0,0.8477372785083802,0.18544567406280077,False,q95-q05=0.73% вне диапазона 4.00%–35.00% | std=0.219% < 0.600% | half-life=1.2 bars
XPL,gate,swap,XPL/USDT:USDT,bybit,swap,XPL/USDT:USDT,XPL|gate:swap:XPL/USDT:USDT|bybit:swap:XPL/USDT:USDT,True,,576,-0.013873334284298586,0.9939823687862223,1.2185784476238763e-27,True,0.06641511211840212,-0.10657941220822975,0.0016794702287770136,0.11390301597640207,0.22047444415915773,0.6939401594534185,287.0,143.5,130.0,65.0,29.0,14.5,1.3209102086226343,0.08776689221998701,False,q95-q05=0.22% вне диапазона 4.00%–35.00% | std=0.066% < 0.600% | half-life=0.7 bars
XRP,gate,swap,XRP/USDT:USDT,bybit,swap,XRP/USDT:USDT,XRP|gate:swap:XRP/USDT:USDT|bybit:swap:XRP/USDT:USDT,True,,576,0.0015487933032440567,0.9960896293295504,0.0037745817892873854,True,0.012767589518249169,-0.02176969397167383,0.00034558611992085986,0.021272271801020537,0.043042073487595256,1.1674684929722172,199.0,99.5,126.0,63.0,22.0,11.0,0.5033187299690317,0.006426373423584764,False,q95-q05=0.04% вне диапазона 4.00%–35.00% | std=0.013% < 0.600% | half-life=1.2 bars
XTZ,gate,swap,XTZ/USDT:USDT,bybit,swap,XTZ/USDT:USDT,XTZ|gate:swap:XTZ/USDT:USDT|bybit:swap:XTZ/USDT:USDT,True,,576,-0.015762570942533482,0.9866113694983798,1.5107171461516034e-05,True,0.1388361092480247,-0.2258781649008279,-0.002208744869736101,0.21591411169594732,0.4418150065883031,0.9210210417784098,210.0,105.0,113.0,56.5,26.0,13.0,-0.18217737971411907,-0.025289600233868725,False,q95-q05=0.44% вне диапазона 4.00%–35.00% | std=0.139% < 0.600% | half-life=0.9 bars
XVS,gate,swap,XVS/USDT:USDT,bybit,swap,XVS/USDT:USDT,XVS|gate:swap:XVS/USDT:USDT|bybit:swap:XVS/USDT:USDT,True,,576,-0.03514266621666062,1.0257240134546473,0.0008680748571739055,True,0.26405337357107145,-0.41488713457177306,0.010792669734382976,0.41478307163929085,0.8296753971714754,1.4852177630374892,181.0,90.5,84.0,42.0,18.0,9.0,-0.20095108824630042,-0.05304773748401326,False,q95-q05=0.83% вне диапазона 4.00%–35.00% | std=0.264% < 0.600% | half-life=1.5 bars
YB,gate,swap,YB/USDT:USDT,bybit,swap,YB/USDT:USDT,YB|gate:swap:YB/USDT:USDT|bybit:swap:YB/USDT:USDT,True,,576,-0.034132692159306345,0.9861129355341052,5.422491231984295e-14,True,0.2829987889572647,-0.4912168793174021,-0.007327966680259479,0.5145283686290414,1.0056365094666564,2.305245752743208,156.0,78.0,64.0,32.0,16.0,8.0,-0.6697921417279092,-0.18937083171094438,False,q95-q05=1.01% вне диапазона 4.00%–35.00% | std=0.283% < 0.600%
YFI,gate,swap,YFI/USDT:USDT,bybit,swap,YFI/USDT:USDT,YFI|gate:swap:YFI/USDT:USDT|bybit:swap:YFI/USDT:USDT,True,,576,0.011286770810752522,0.9986250713986932,1.6568422746312577e-25,True,0.18947944775165665,-0.3108292103586874,0.0021919311829821098,0.2858704424713032,0.5967758976969328,1.4155744924462788,204.0,102.0,85.0,42.5,18.0,9.0,0.8314018494295929,0.15765771259108607,False,q95-q05=0.60% вне диапазона 4.00%–35.00% | std=0.189% < 0.600% | half-life=1.4 bars
YGG,gate,swap,YGG/USDT:USDT,bybit,swap,YGG/USDT:USDT,YGG|gate:swap:YGG/USDT:USDT|bybit:swap:YGG/USDT:USDT,True,,576,-0.013347158146469454,0.9964592283161293,3.2676986152447e-17,True,0.0855872153066384,-0.1341225788243694,0.0028959696548813696,0.1275262658549936,0.26165762383816293,0.8301112579341652,253.0,126.5,128.0,64.0,24.0,12.0,1.23442990000525,0.10570724840313073,False,q95-q05=0.26% вне диапазона 4.00%–35.00% | std=0.086% < 0.600% | half-life=0.8 bars
YOFC,gate,swap,YOFC/USDT:USDT,bybit,swap,YOFC/USDT:USDT,YOFC|gate:swap:YOFC/USDT:USDT|bybit:swap:YOFC/USDT:USDT,True,,576,0.17924861624019814,0.9419224450860028,0.0001510765803856763,True,0.6988175486294317,-0.9823241635740998,0.06255618368742333,1.208622886192945,2.1885581608989124,5.429723265165803,24.0,12.0,23.0,11.5,5.0,2.5,0.7400782054421432,0.5185193197337457,False,q95-q05=2.19% вне диапазона 4.00%–35.00%
ZAMA,gate,swap,ZAMA/USDT:USDT,bybit,swap,ZAMA/USDT:USDT,ZAMA|gate:swap:ZAMA/USDT:USDT|bybit:swap:ZAMA/USDT:USDT,True,,576,0.0033307703364111813,1.0013705566987317,2.2623102521108023e-10,True,0.05186193882948358,-0.0863234879789454,0.0024923533537890563,0.0796636132882611,0.16599266683181568,0.9478088345870219,232.0,116.0,138.0,69.0,22.0,11.0,-0.17794797862586054,-0.009228301348307433,False,q95-q05=0.17% вне диапазона 4.00%–35.00% | std=0.052% < 0.600% | half-life=0.9 bars
ZBCN,gate,swap,ZBCN/USDT:USDT,bybit,swap,ZBCN/USDT:USDT,ZBCN|gate:swap:ZBCN/USDT:USDT|bybit:swap:ZBCN/USDT:USDT,True,,576,-0.3134421818710679,0.9476829870936274,1.9542087345405693e-20,True,0.4309336263696251,-0.7378315240274991,-0.005150606583326223,0.6223744293004208,1.3610126426316205,1.209000187424261,182.0,91.0,113.0,56.5,23.0,11.5,0.3711076126569677,0.16005069391911153,False,q95-q05=1.36% вне диапазона 4.00%–35.00% | std=0.431% < 0.600% | half-life=1.2 bars
ZBT,gate,swap,ZBT/USDT:USDT,bybit,swap,ZBT/USDT:USDT,ZBT|gate:swap:ZBT/USDT:USDT|bybit:swap:ZBT/USDT:USDT,True,,576,-0.035395558245422815,0.9851096611495779,1.1917889829122371e-05,True,0.08396838734017491,-0.1331699367378314,0.0005279308855632436,0.1502671966858493,0.28341309520780733,0.992831684426416,227.0,113.5,123.0,61.5,22.0,11.0,-0.14757610318134692,-0.012390959651376043,False,q95-q05=0.28% вне диапазона 4.00%–35.00% | std=0.084% < 0.600% | half-life=1.0 bars
ZEC,gate,swap,ZEC/USDT:USDT,bybit,swap,ZEC/USDT:USDT,ZEC|gate:swap:ZEC/USDT:USDT|bybit:swap:ZEC/USDT:USDT,True,,576,0.009127094161701613,0.9987465174366066,5.3991285208299295e-06,True,0.020975625676702154,-0.02928110705016085,-0.001533066501957503,0.035665086192882,0.06494412251614179,1.9112166033805478,142.0,71.0,101.0,50.5,18.0,9.0,0.32286452594294934,0.006772514764774584,False,q95-q05=0.06% вне диапазона 4.00%–35.00% | std=0.021% < 0.600% | half-life=1.9 bars
ZEREBRO,gate,swap,ZEREBRO/USDT:USDT,bybit,swap,ZEREBRO/USDT:USDT,ZEREBRO|gate:swap:ZEREBRO/USDT:USDT|bybit:swap:ZEREBRO/USDT:USDT,True,,576,-0.16553648331485293,0.9521351043108566,1.821178149939912e-15,True,0.29028283449729947,-0.44825705458455545,0.003451980924040754,0.45262974195316996,0.900873193136642,1.5950513721595845,141.0,70.5,95.0,47.5,15.0,7.5,-1.31680547094722,-0.38151639442857155,False,q95-q05=0.90% вне диапазона 4.00%–35.00% | std=0.290% < 0.600% | half-life=1.6 bars
ZEST,gate,swap,ZEST/USDT:USDT,bybit,swap,ZEST/USDT:USDT,ZEST|gate:swap:ZEST/USDT:USDT|bybit:swap:ZEST/USDT:USDT,True,,576,-0.006695920057001194,0.996205831923166,5.03497854339235e-15,True,0.20955171411391865,-0.343475702907714,-0.0031521338566875556,0.34424504115033727,0.6877208091425113,1.1236047802336,213.0,106.5,98.0,49.0,27.0,13.5,0.6224699642028376,0.1305247574935331,False,q95-q05=0.69% вне диапазона 4.00%–35.00% | std=0.210% < 0.600% | half-life=1.1 bars
ZETA,gate,swap,ZETA/USDT:USDT,bybit,swap,ZETA/USDT:USDT,ZETA|gate:swap:ZETA/USDT:USDT|bybit:swap:ZETA/USDT:USDT,True,,576,-0.018477807955979954,0.9935357354871782,1.6746974139193884e-11,True,0.15742864163931863,-0.24953661878052147,0.0019601032142491093,0.2418820164709512,0.4914384331079602,0.7956916174846732,263.0,131.5,116.0,58.0,31.0,15.5,-0.9020647892526709,-0.1419100467727641,False,q95-q05=0.49% вне диапазона 4.00%–35.00% | std=0.157% < 0.600% | half-life=0.8 bars
ZHIPU,gate,swap,ZHIPU/USDT:USDT,bybit,swap,ZHIPU/USDT:USDT,ZHIPU|gate:swap:ZHIPU/USDT:USDT|bybit:swap:ZHIPU/USDT:USDT,True,,576,0.0008362201626431307,0.9998972461275889,2.9802926229180506e-13,True,0.0478129526070592,-0.075012582468581,-0.0016837296568095184,0.08384696803642733,0.1588525670865648,1.0057538267307493,223.0,111.5,124.0,62.0,23.0,11.5,-1.863695064535029,-0.08906907372565609,False,q95-q05=0.16% вне диапазона 4.00%–35.00% | std=0.048% < 0.600% | half-life=1.0 bars
ZHONGJI,gate,swap,ZHONGJI/USDT:USDT,bybit,swap,ZHONGJI/USDT:USDT,ZHONGJI|gate:swap:ZHONGJI/USDT:USDT|bybit:swap:ZHONGJI/USDT:USDT,True,,576,-0.039295692110126394,1.0079185570082532,4.971010751660563e-23,True,0.19124379670846212,-0.32345748337387903,0.0019921880295425964,0.3080612485145018,0.631569450012992,1.643581892729024,156.0,78.0,55.0,27.5,15.0,7.5,0.3531381401563353,0.0675582890248494,False,q95-q05=0.63% вне диапазона 4.00%–35.00% | std=0.191% < 0.600% | half-life=1.6 bars
ZIL,gate,swap,ZIL/USDT:USDT,bybit,swap,ZIL/USDT:USDT,ZIL|gate:swap:ZIL/USDT:USDT|bybit:swap:ZIL/USDT:USDT,True,,576,-0.18278311356089144,0.967637688715673,9.260827756235796e-05,True,0.12679892112945218,-0.17987657145094316,0.0005130230394723156,0.19215404518357904,0.3720082090739929,0.9778264668317486,225.0,112.5,107.0,53.5,20.0,10.0,0.32778842641407085,0.04157185753128623,False,q95-q05=0.37% вне диапазона 4.00%–35.00% | std=0.127% < 0.600% | half-life=1.0 bars
ZK,gate,swap,ZK/USDT:USDT,bybit,swap,ZK/USDT:USDT,ZK|gate:swap:ZK/USDT:USDT|bybit:swap:ZK/USDT:USDT,True,,576,-0.01196345066664522,0.9973734348860092,0.0711238671702162,False,0.13967963826782884,-0.22589108038755246,-0.008976030146490288,0.22801578425089009,0.45390282190460596,0.9968059760383318,210.0,105.0,117.0,58.5,28.0,14.0,-0.4501700990198762,-0.06285983151516072,False,ADF p-value=0.0711 > 0.05 | q95-q05=0.45% вне диапазона 4.00%–35.00% | std=0.140% < 0.600% | half-life=1.0 bars
ZKC,gate,swap,ZKC/USDT:USDT,bybit,swap,ZKC/USDT:USDT,ZKC|gate:swap:ZKC/USDT:USDT|bybit:swap:ZKC/USDT:USDT,True,,576,-0.043506045033588396,0.9863579261927269,2.262959042341564e-24,True,0.11927084124666099,-0.1940411347346349,-0.0009179253677382704,0.20515738231956515,0.39917686038630773,0.9972103492244444,233.0,116.5,120.0,60.0,20.0,10.0,0.14058325212058717,0.0167688885665207,False,q95-q05=0.40% вне диапазона 4.00%–35.00% | std=0.119% < 0.600% | half-life=1.0 bars
ZKP,gate,swap,ZKP/USDT:USDT,bybit,swap,ZKP/USDT:USDT,ZKP|gate:swap:ZKP/USDT:USDT|bybit:swap:ZKP/USDT:USDT,True,,576,-0.08283712113121353,0.9717836924145227,1.217959104417394e-14,True,0.42650071150036456,-0.6669015984476778,0.001467211183769912,0.6386864236397782,1.3057907888160636,2.9020327678055065,137.0,68.5,69.0,34.5,11.0,5.5,-0.3823697156224773,-0.16294805103560517,False,q95-q05=1.31% вне диапазона 4.00%–35.00% | std=0.427% < 0.600%
ZM,gate,swap,ZM/USDT:USDT,bybit,swap,ZM/USDT:USDT,ZM|gate:swap:ZM/USDT:USDT|bybit:swap:ZM/USDT:USDT,True,,576,0.11049904515168865,0.975300195725969,3.2601589062729783e-06,True,0.13449245070490773,-0.19274396850538222,-0.022559093167096034,0.2367056612563756,0.4293559134272984,1.0680758277123192,159.0,79.5,69.0,34.5,28.0,14.0,3.0340588626369853,0.4088917023192806,False,q95-q05=0.43% вне диапазона 4.00%–35.00% | std=0.134% < 0.600% | half-life=1.1 bars
ZORA,gate,swap,ZORA/USDT:USDT,bybit,swap,ZORA/USDT:USDT,ZORA|gate:swap:ZORA/USDT:USDT|bybit:swap:ZORA/USDT:USDT,True,,576,-0.1743389772164314,0.9637414728607223,6.37484237655121e-14,True,0.31050419117513567,-0.4819591936126799,0.004392330869262828,0.5041374765926587,0.9859953206940109,1.4496582740111268,176.0,88.0,86.0,43.0,19.0,9.5,0.0651736900886537,0.020238751686219025,False,q95-q05=0.99% вне диапазона 4.00%–35.00% | std=0.311% < 0.600% | half-life=1.4 bars
ZRO,gate,swap,ZRO/USDT:USDT,bybit,swap,ZRO/USDT:USDT,ZRO|gate:swap:ZRO/USDT:USDT|bybit:swap:ZRO/USDT:USDT,True,,576,0.0007598852122485774,0.998920780867557,0.0,True,0.08897924855567632,-0.14680606426935583,-0.0005531352936238854,0.14086560397286174,0.28768041141011835,0.8750543390889326,237.0,118.5,118.0,59.0,24.0,12.0,0.4849266596936442,0.043157720049524784,False,q95-q05=0.29% вне диапазона 4.00%–35.00% | std=0.089% < 0.600% | half-life=0.9 bars
ZRX,gate,swap,ZRX/USDT:USDT,bybit,swap,ZRX/USDT:USDT,ZRX|gate:swap:ZRX/USDT:USDT|bybit:swap:ZRX/USDT:USDT,True,,576,-0.02087562661476704,0.9908710992159394,0.0064242615562503545,True,0.20527881223299985,-0.3442562780997749,-0.006370764627339209,0.31771492102028454,0.662061477158582,1.5041786310571164,173.0,86.5,71.0,35.5,20.0,10.0,-1.866304771875472,-0.38237988594067573,False,q95-q05=0.66% вне диапазона 4.00%–35.00% | std=0.205% < 0.600% | half-life=1.5 bars
ZS,gate,swap,ZS/USDT:USDT,bybit,swap,ZS/USDT:USDT,ZS|gate:swap:ZS/USDT:USDT|bybit:swap:ZS/USDT:USDT,True,,576,2.0946525496321695,0.6049338692251316,2.104421821122407e-05,True,0.27604092633506316,-0.5538574786204342,0.03435167590590815,0.3928198275256145,0.947447261133294,2.6056309901137187,99.0,49.5,52.0,26.0,17.0,8.5,-0.21013566353279164,-0.05798922296600395,False,q95-q05=0.95% вне диапазона 4.00%–35.00% | std=0.276% < 0.600%
