pair_id,base,exchange_a,market_a,symbol_a,exchange_b,market_b,symbol_b,fast_analysis_ok,fast_reason,fast_bars,fast_alpha,fast_beta,fast_adf_pvalue,fast_spread_std_pct,fast_spread_q05_pct,fast_spread_q50_pct,fast_spread_q95_pct,fast_q95_q05_range_pct,fast_half_life_bars,fast_zero_crossings,fast_zero_crossings_day,fast_one_sigma_entries,fast_one_sigma_entries_day,fast_two_sigma_entries,fast_two_sigma_entries_day,fast_latest_zscore,fast_latest_spread_pct,fast_historical_ok,fast_historical_rejection_reason
0G|mexc:spot:0G/USDT|gate:swap:0G/USDT:USDT,0G,mexc,spot,0G/USDT,gate,swap,0G/USDT:USDT,True,,500,-0.0013252605037633082,0.9986389574153569,1.0994990290493621e-11,0.11221722250295552,-0.165183583768147,0.0012840412259684797,0.1694981374888771,0.3346748137844213,0.7744898739826517,238.0,137.088,102.0,58.751999999999995,22.0,12.671999999999999,0.30903668951448815,0.034685252891986096,False,range=0.33% вне 2.00%–35.00% | std=0.112% < 0.600% | half-life=0.8 bars
1INCH|mexc:spot:1INCH/USDT|gate:swap:1INCH/USDT:USDT,1INCH,mexc,spot,1INCH/USDT,gate,swap,1INCH/USDT:USDT,True,,500,-0.10240517316314346,0.9541136396730264,1.2232950485431574e-15,0.20559555055633794,-0.3163434134251242,0.001906428885312117,0.3449718838624216,0.6612230577418545,1.5415724545417875,151.0,86.976,64.0,36.864,19.0,10.943999999999999,0.3320661857606639,0.06829464045980949,False,range=0.66% вне 2.00%–35.00% | std=0.206% < 0.600% | half-life=1.5 bars
2Z|mexc:spot:2Z/USDT|gate:swap:2Z/USDT:USDT,2Z,mexc,spot,2Z/USDT,gate,swap,2Z/USDT:USDT,True,,500,-0.003456321285786469,0.9982526452203456,3.751882826084842e-05,0.12396589422524694,-0.18548276326153523,-0.011289821442495018,0.19726807401647672,0.3827287516068645,0.7514883911962826,219.0,126.14399999999999,92.0,52.992,25.0,14.4,-1.2031085545658402,-0.1490332627875124,False,range=0.38% вне 2.00%–35.00% | std=0.124% < 0.600% | half-life=0.8 bars
4|mexc:spot:4/USDT|gate:swap:4/USDT:USDT,4,mexc,spot,4/USDT,gate,swap,4/USDT:USDT,True,,500,0.0031710964492590622,1.0012693288985155,0.0,0.1938018607709236,-0.32844689409025074,0.009438099832648206,0.3174650520121114,0.6459496605814704,0.800874980523072,231.0,133.05599999999998,106.0,61.056,23.0,13.248,0.5094392557523966,0.09877903009509748,False,range=0.65% вне 2.00%–35.00% | std=0.194% < 0.600% | half-life=0.8 bars
4STOCK|mexc:spot:4STOCK/USDT|gate:swap:4STOCK/USDT:USDT,4STOCK,mexc,spot,4STOCK/USDT,gate,swap,4STOCK/USDT:USDT,True,,500,0.09260269030134888,1.0217650209113927,1.41387406179005e-16,0.2913236402473045,-0.4873054185349446,-0.004923144188828665,0.48963125228687066,0.9769330797784945,0.8749384166799713,212.0,122.112,119.0,68.544,21.0,12.096,-0.9765290657586805,-0.2840817242788729,False,range=0.98% вне 2.00%–35.00% | std=0.291% < 0.600% | half-life=0.9 bars
A|mexc:spot:A/USDT|gate:swap:A/USDT:USDT,A,mexc,spot,A/USDT,gate,swap,A/USDT:USDT,True,,500,-0.038633231641848675,0.9825618601981556,5.9250566033186796e-12,0.16182618941589463,-0.25233438345830805,0.008932578400400182,0.25282734348428537,0.5051615560807886,1.0277481342342707,180.0,103.67999999999999,97.0,55.872,21.0,12.096,0.0992710632218235,0.01606594831553565,False,range=0.51% вне 2.00%–35.00% | std=0.162% < 0.600% | half-life=1.0 bars
AAVE|mexc:spot:AAVE/USDT|gate:swap:AAVE/USDT:USDT,AAVE,mexc,spot,AAVE/USDT,gate,swap,AAVE/USDT:USDT,True,,500,0.0061502466511900436,0.9989373754980155,0.0,0.0862659436612169,-0.15048822191399136,0.0021289903367804897,0.13370262312650816,0.28421488992935284,0.6559065718399998,234.0,134.784,106.0,61.056,26.0,14.975999999999999,-1.1580501495370492,-0.09985040523091682,False,range=0.28% вне 2.00%–35.00% | std=0.086% < 0.600% | half-life=0.7 bars
ACE|mexc:spot:ACE/USDT|gate:swap:ACE/USDT:USDT,ACE,mexc,spot,ACE/USDT,gate,swap,ACE/USDT:USDT,True,,500,-0.009334218488400749,0.994315020425002,0.019362773910498326,0.08922472204198456,-0.12324536423929944,0.006305042039045361,0.13202855974661087,0.2552628524800814,0.7892030455524385,203.0,116.928,91.0,52.416,13.0,7.4879999999999995,-1.7502177888303905,-0.1560408252306411,False,range=0.26% вне 2.00%–35.00% | std=0.089% < 0.600% | half-life=0.8 bars
ACH|mexc:spot:ACH/USDT|gate:swap:ACH/USDT:USDT,ACH,mexc,spot,ACH/USDT,gate,swap,ACH/USDT:USDT,True,,500,-0.023756556244906284,0.9949602500870774,7.353048693007394e-13,0.1968478266303313,-0.29187434784657684,-0.007013535321032105,0.2976622832103315,0.589521277874078,1.2149232449000724,177.0,101.952,84.0,48.384,12.0,6.912,-0.23399057886370342,-0.046049930664582295,False,range=0.59% вне 2.00%–35.00% | std=0.197% < 0.600% | half-life=1.2 bars
ACN|mexc:spot:ACN/USDT|gate:swap:ACN/USDT:USDT,ACN,mexc,spot,ACN/USDT,gate,swap,ACN/USDT:USDT,True,,500,-3.968714017700341,-0.28583657243028393,0.016763414472333343,0.8046092188927845,-0.9366681451118408,-0.10031797690379651,1.6750220835906937,2.6022307681446,16.86629810753321,29.0,16.704,22.0,12.671999999999999,4.0,2.304,0.10694427631986674,0.08608538284933243,True,
ACT|mexc:spot:ACT/USDT|gate:swap:ACT/USDT:USDT,ACT,mexc,spot,ACT/USDT,gate,swap,ACT/USDT:USDT,True,,500,-0.061468027434371166,0.9863770516612392,3.90754485754694e-28,0.2237517827321391,-0.3319814008244659,-0.004948647691849217,0.35726786847836145,0.6891648645562752,1.0797033103514406,185.0,106.56,100.0,57.6,15.0,8.64,0.13291033759275042,0.02974334743688356,False,range=0.69% вне 2.00%–35.00% | std=0.224% < 0.600% | half-life=1.1 bars
ACU|mexc:spot:ACU/USDT|gate:swap:ACU/USDT:USDT,ACU,mexc,spot,ACU/USDT,gate,swap,ACU/USDT:USDT,True,,500,-0.012862892454374381,0.9941032672783461,8.525825572895372e-11,0.22233626666372736,-0.34956695783736613,0.03017603576740413,0.2782770680438196,0.6280699649628639,1.823464751873121,133.0,76.608,63.0,36.288,6.0,3.456,-2.4372468763652013,-0.540422804833407,False,range=0.63% вне 2.00%–35.00% | std=0.222% < 0.600% | half-life=1.8 bars
ADA|mexc:spot:ADA/USDT|gate:swap:ADA/USDT:USDT,ADA,mexc,spot,ADA/USDT,gate,swap,ADA/USDT:USDT,True,,500,-0.01953118735122682,0.9854758543678067,0.00024887604511573686,0.040402682632575994,-0.0685174984611292,0.0011654693464979715,0.06259372547301467,0.13111512619832988,0.7686520887795157,237.0,136.512,122.0,70.27199999999999,19.0,10.943999999999999,-0.6553182556611986,-0.026473110760261154,False,range=0.13% вне 2.00%–35.00% | std=0.040% < 0.600% | half-life=0.8 bars
ADI|mexc:spot:ADI/USDT|gate:swap:ADI/USDT:USDT,ADI,mexc,spot,ADI/USDT,gate,swap,ADI/USDT:USDT,True,,500,1.524585001913588,0.09668411614566885,0.5900397513940179,0.16483861529384816,-0.305890948681653,0.001691438922368782,0.23986928100079297,0.5459418051670695,13.617224570342419,19.0,10.943999999999999,16.0,9.216,12.0,6.912,-2.34857920551393,-0.3863881367236144,False,ADF=0.5900 > 0.05 | range=0.55% вне 2.00%–35.00% | std=0.165% < 0.600%
AEON|mexc:spot:AEON/USDT|gate:swap:AEON/USDT:USDT,AEON,mexc,spot,AEON/USDT,gate,swap,AEON/USDT:USDT,True,,500,0.11918504686441232,1.0415639483485322,3.568538478696499e-09,0.19824395514334592,-0.31630444769445987,-0.001009071577928733,0.32352694144610616,0.6398104666680555,1.1671389754547155,175.0,100.8,91.0,52.416,21.0,12.096,-0.5461773941848298,-0.10821776912596226,False,range=0.64% вне 2.00%–35.00% | std=0.198% < 0.600% | half-life=1.2 bars
AERO|mexc:spot:AERO/USDT|gate:swap:AERO/USDT:USDT,AERO,mexc,spot,AERO/USDT,gate,swap,AERO/USDT:USDT,True,,500,-0.00047701984716883435,0.9937045599146394,1.854410396598285e-11,0.1307998134267218,-0.1878553944832273,-0.010046571878674637,0.21454471860180568,0.4023469640902998,0.8304074338882135,204.0,117.50399999999999,99.0,57.024,15.0,8.64,0.37946999491999367,0.049646924544655135,False,range=0.40% вне 2.00%–35.00% | std=0.131% < 0.600% | half-life=0.8 bars
AEVO|mexc:spot:AEVO/USDT|gate:swap:AEVO/USDT:USDT,AEVO,mexc,spot,AEVO/USDT,gate,swap,AEVO/USDT:USDT,True,,500,-0.09730034881180438,0.9730286423856034,5.483474798106011e-13,0.20086559767304754,-0.3218163094979132,-0.0022585651284212638,0.32203481631354336,0.6438526465961008,1.145453363195154,176.0,101.37599999999999,78.0,44.928,20.0,11.52,-0.44123580036272764,-0.08858982877494315,False,range=0.64% вне 2.00%–35.00% | std=0.201% < 0.600% | half-life=1.1 bars
AGLD|mexc:spot:AGLD/USDT|gate:swap:AGLD/USDT:USDT,AGLD,mexc,spot,AGLD/USDT,gate,swap,AGLD/USDT:USDT,True,,500,-0.13613280316892587,0.9131769357780092,7.357975272020638e-17,0.3508458979096464,-0.6285058520006603,0.010485007126503909,0.5224714909755512,1.1516006091859603,2.1626058907142287,152.0,87.55199999999999,53.0,30.528,15.0,8.64,0.37410709736447384,0.13134011617250696,False,range=1.15% вне 2.00%–35.00% | std=0.351% < 0.600%
AGT|mexc:spot:AGT/USDT|gate:swap:AGT/USDT:USDT,AGT,mexc,spot,AGT/USDT,gate,swap,AGT/USDT:USDT,True,,500,0.03796790549963363,1.0110144743655762,2.1726163850846002e-16,0.5019496353369475,-0.7639468069518429,0.0013981231074655653,0.7266002502968272,1.4908530562348568,0.8814737090779671,186.0,107.136,87.0,50.112,17.0,9.792,-0.9158137504920302,-0.4586374098388468,False,range=1.49% вне 2.00%–35.00% | std=0.502% < 0.600% | half-life=0.9 bars
AIA|mexc:spot:AIA/USDT|gate:swap:AIA/USDT:USDT,AIA,mexc,spot,AIA/USDT,gate,swap,AIA/USDT:USDT,True,,500,-0.041919472453305476,0.9852862437107491,6.704707805472984e-17,0.34236569566609626,-0.5322781844861457,-0.008284723100648872,0.6219872378747215,1.1537607127282998,1.302974056300248,175.0,100.8,87.0,50.112,18.0,10.368,-0.6132684741694518,-0.20974182158300936,False,range=1.15% вне 2.00%–35.00% | std=0.342% < 0.600% | half-life=1.3 bars
AIN|mexc:spot:AIN/USDT|gate:swap:AIN/USDT:USDT,AIN,mexc,spot,AIN/USDT,gate,swap,AIN/USDT:USDT,True,,500,-0.15583086360382303,0.9602023158992603,0.005922051252468985,0.23085184376995918,-0.4123432677839767,0.006070866252239071,0.3363125003419176,0.7489439814994807,1.5441831398204315,158.0,91.008,73.0,42.048,17.0,9.792,0.30365260231516605,0.07012333803486648,False,range=0.75% вне 2.00%–35.00% | std=0.231% < 0.600% | half-life=1.5 bars
AIO|mexc:spot:AIO/USDT|gate:swap:AIO/USDT:USDT,AIO,mexc,spot,AIO/USDT,gate,swap,AIO/USDT:USDT,True,,500,-0.17193833856709137,0.9473442109927398,1.4836680581351323e-17,0.3268248057833792,-0.5551703723030488,-0.005286279190575005,0.4757984515618263,1.0313872789880225,1.2483866912715136,180.0,103.67999999999999,88.0,50.687999999999995,23.0,13.248,-0.09900850956390674,-0.03235320213175186,False,range=1.03% вне 2.00%–35.00% | std=0.327% < 0.600% | half-life=1.2 bars
AIOT|mexc:spot:AIOT/USDT|gate:swap:AIOT/USDT:USDT,AIOT,mexc,spot,AIOT/USDT,gate,swap,AIOT/USDT:USDT,True,,500,-0.14506786034063485,0.9493677245306658,6.971093216355338e-14,0.24700986057369753,-0.37634845791608695,-0.012881967423428176,0.3779516176906528,0.7542976057242011,2.6666777170640845,118.0,67.968,48.0,27.648,11.0,6.335999999999999,1.0817267001858728,0.26755445115904664,False,range=0.75% вне 2.00%–35.00% | std=0.247% < 0.600%
AIXBT|mexc:spot:AIXBT/USDT|gate:swap:AIXBT/USDT:USDT,AIXBT,mexc,spot,AIXBT/USDT,gate,swap,AIXBT/USDT:USDT,True,,500,-0.25658602303681083,0.9316442917084291,3.55068203890838e-18,0.29057083139526657,-0.4495507032274748,-0.011039345711894022,0.5157968497795151,0.9650353954618794,1.975268117821692,142.0,81.792,68.0,39.168,16.0,9.216,0.015614161199105928,0.004537122725478682,False,range=0.97% вне 2.00%–35.00% | std=0.291% < 0.600% | half-life=2.0 bars
AKE|mexc:spot:AKE/USDT|gate:swap:AKE/USDT:USDT,AKE,mexc,spot,AKE/USDT,gate,swap,AKE/USDT:USDT,True,,500,-0.010215836033291946,0.9973118081371428,0.0,0.12599937814383613,-0.22361503765486734,0.005223303116186351,0.18825313459136517,0.41194158987498675,0.7200725917472147,249.0,143.424,121.0,69.696,27.0,15.552,-0.9213891098117487,-0.11602709132335631,False,range=0.41% вне 2.00%–35.00% | std=0.126% < 0.600% | half-life=0.7 bars
ALCH|mexc:spot:ALCH/USDT|gate:swap:ALCH/USDT:USDT,ALCH,mexc,spot,ALCH/USDT,gate,swap,ALCH/USDT:USDT,True,,500,-0.3142083620458842,0.8939274423550607,1.0577678094028165e-08,0.326463301990434,-0.552878650114319,0.01125331837761312,0.5112349935763039,1.064345305330385,1.401488417064946,187.0,107.712,89.0,51.263999999999996,17.0,9.792,-0.2931397797497687,-0.09565360318880556,False,range=1.06% вне 2.00%–35.00% | std=0.326% < 0.600% | half-life=1.4 bars
ALGO|mexc:spot:ALGO/USDT|gate:swap:ALGO/USDT:USDT,ALGO,mexc,spot,ALGO/USDT,gate,swap,ALGO/USDT:USDT,True,,500,-0.015330315870468137,0.9922280170552329,0.0,0.10025079042791277,-0.17819224358137653,0.002919177922144911,0.15197949140035583,0.3302153142646502,0.7347943863548758,240.0,138.24,109.0,62.784,23.0,13.248,0.3452801886087514,0.03462060337513506,False,range=0.33% вне 2.00%–35.00% | std=0.100% < 0.600% | half-life=0.7 bars
ALICE|mexc:spot:ALICE/USDT|gate:swap:ALICE/USDT:USDT,ALICE,mexc,spot,ALICE/USDT,gate,swap,ALICE/USDT:USDT,True,,500,0.012887527507895373,1.008019468316859,4.0610976538300403e-14,0.22978763700223528,-0.3458735355241882,-0.01751246912328197,0.35171057362066716,0.697566579227586,0.8857268410902188,199.0,114.624,99.0,57.024,23.0,13.248,0.8682855030818589,0.19972045013449957,False,range=0.70% вне 2.00%–35.00% | std=0.230% < 0.600% | half-life=0.9 bars
ALLINU|mexc:spot:ALLINU/USDT|gate:swap:ALLINU/USDT:USDT,ALLINU,mexc,spot,ALLINU/USDT,gate,swap,ALLINU/USDT:USDT,True,,500,0.11415893689787021,1.0221469012142073,1.4311290436221876e-09,1.532656008986487,-2.138342319811082,-0.03545235010292691,2.5906943814843375,4.719240556665668,0.9999118052786431,188.0,108.288,83.0,47.808,18.0,10.368,-0.6972275656279648,-1.062920664936584,False,half-life=1.0 bars
ALLO|mexc:spot:ALLO/USDT|gate:swap:ALLO/USDT:USDT,ALLO,mexc,spot,ALLO/USDT,gate,swap,ALLO/USDT:USDT,True,,500,0.01316424981995554,1.0092047191300977,5.185815694687818e-19,0.07079855810353995,-0.11118803174647862,6.468990032537647e-06,0.11683335877419321,0.22801505321486168,0.7756109391439648,220.0,126.72,117.0,67.392,27.0,15.552,0.03063505154866195,0.002168940998248381,False,range=0.23% вне 2.00%–35.00% | std=0.071% < 0.600% | half-life=0.8 bars
ALPINE|mexc:spot:ALPINE/USDT|gate:swap:ALPINE/USDT:USDT,ALPINE,mexc,spot,ALPINE/USDT,gate,swap,ALPINE/USDT:USDT,True,,500,-0.09979530421812002,0.9046798935856855,3.958784259601075e-14,0.2299268080031211,-0.4001729034740942,0.018614373633707437,0.3306932229059978,0.7311233731209139,1.9000688264540766,128.0,73.728,65.0,37.44,20.0,11.52,0.5048231977663296,0.11613977653408547,False,range=0.73% вне 2.00%–35.00% | std=0.230% < 0.600% | half-life=1.9 bars
ANIME|mexc:spot:ANIME/USDT|gate:swap:ANIME/USDT:USDT,ANIME,mexc,spot,ANIME/USDT,gate,swap,ANIME/USDT:USDT,True,,500,-0.055239180787138395,0.990233840058879,2.4265488724351875e-18,0.19836227269663936,-0.33979747110117753,0.015464827782518675,0.2837433215469476,0.6237176238860707,1.238976500341382,166.0,95.616,77.0,44.352,18.0,10.368,0.31303095170713957,0.06211281302892502,False,range=0.62% вне 2.00%–35.00% | std=0.198% < 0.600% | half-life=1.2 bars
ANKR|mexc:spot:ANKR/USDT|gate:swap:ANKR/USDT:USDT,ANKR,mexc,spot,ANKR/USDT,gate,swap,ANKR/USDT:USDT,True,,500,-0.20003696214704944,0.9620023762260308,1.3509446143227323e-08,0.23221173235942766,-0.36408102719086566,-0.0033540481130689415,0.38246572452944605,0.7464815992075291,1.5489563449911221,154.0,88.704,79.0,45.504,14.0,8.064,0.8667367991821723,0.20146913051535265,False,range=0.75% вне 2.00%–35.00% | std=0.232% < 0.600% | half-life=1.5 bars
ANSEM|mexc:spot:ANSEM/USDT|gate:swap:ANSEM/USDT:USDT,ANSEM,mexc,spot,ANSEM/USDT,gate,swap,ANSEM/USDT:USDT,True,,500,-0.3447599403638072,0.8218549806765129,6.908583967239366e-07,1.1246681029013146,-2.235719022061733,0.07257313038684376,1.821403161022106,4.066104402354401,4.068425795288718,82.0,47.232,45.0,25.919999999999998,6.0,3.456,1.3753316667445339,1.5588163978740077,True,
APE|mexc:spot:APE/USDT|gate:swap:APE/USDT:USDT,APE,mexc,spot,APE/USDT,gate,swap,APE/USDT:USDT,True,,500,-0.010731694760050165,0.9937848553798283,0.0,0.10583484910823147,-0.1660641702360688,0.0029592760908192517,0.16528681011764856,0.33135257142605523,0.802776292756543,240.0,138.24,98.0,56.448,25.0,14.4,1.292985295445174,0.13693657626718814,False,range=0.33% вне 2.00%–35.00% | std=0.106% < 0.600% | half-life=0.8 bars
API3|mexc:spot:API3/USDT|gate:swap:API3/USDT:USDT,API3,mexc,spot,API3/USDT,gate,swap,API3/USDT:USDT,True,,500,-0.032080776865626916,0.9745777659611864,0.002854162388969379,0.19809110997706564,-0.32396674545085435,-0.007014358847445834,0.34395824663091545,0.6678607170540739,1.217468040326043,162.0,93.312,85.0,48.96,27.0,15.552,2.2825746277023136,0.45318151716868815,False,range=0.67% вне 2.00%–35.00% | std=0.198% < 0.600% | half-life=1.2 bars
APR|mexc:spot:APR/USDT|gate:swap:APR/USDT:USDT,APR,mexc,spot,APR/USDT,gate,swap,APR/USDT:USDT,True,,500,-0.05632285780493571,0.9718075967318881,8.330180790370208e-29,0.33097064934942966,-0.5423483908897686,0.00642386875013834,0.5258963305529774,1.068342764019822,1.0297260845581764,183.0,105.408,101.0,58.175999999999995,20.0,11.52,0.09970936831971099,0.03300632026641548,False,range=1.07% вне 2.00%–35.00% | std=0.331% < 0.600% | half-life=1.0 bars
APT|mexc:spot:APT/USDT|gate:swap:APT/USDT:USDT,APT,mexc,spot,APT/USDT,gate,swap,APT/USDT:USDT,True,,500,0.0008671681898996033,1.0002469430714234,0.0,0.06981576116021768,-0.1191429896759133,-0.001748206297214061,0.10733268483451575,0.22648914585302482,0.7532310147099285,234.0,134.784,115.0,66.24,27.0,15.552,-0.31196492329798015,-0.02177769689059028,False,range=0.23% вне 2.00%–35.00% | std=0.070% < 0.600% | half-life=0.8 bars
AR|mexc:spot:AR/USDT|gate:swap:AR/USDT:USDT,AR,mexc,spot,AR/USDT,gate,swap,AR/USDT:USDT,True,,500,-0.009282531636738636,1.0071700167933209,1.3011584285261922e-08,0.1110120076680785,-0.18499153063481488,-0.0012664817570451348,0.1757399603818932,0.3607485696821921,0.794168127035971,206.0,118.65599999999999,101.0,58.175999999999995,23.0,13.248,0.2801608366943265,0.03110605388141341,False,range=0.36% вне 2.00%–35.00% | std=0.111% < 0.600% | half-life=0.8 bars
ARB|mexc:spot:ARB/USDT|gate:swap:ARB/USDT:USDT,ARB,mexc,spot,ARB/USDT,gate,swap,ARB/USDT:USDT,True,,500,0.0016260882741654732,1.0006683627076547,0.0,0.07577334605843532,-0.1205559041709714,0.004666773977568539,0.13087656020642768,0.2514196227460286,0.709565614545071,230.0,132.48,116.0,66.816,29.0,16.704,-0.3034937240359256,-0.022994090931527378,False,range=0.25% вне 2.00%–35.00% | std=0.076% < 0.600% | half-life=0.7 bars
ARGUS|mexc:spot:ARGUS/USDT|gate:swap:ARGUS/USDT:USDT,ARGUS,mexc,spot,ARGUS/USDT,gate,swap,ARGUS/USDT:USDT,True,,500,-0.016349373134743463,0.9967489228955434,2.5434143465098294e-12,0.5705425427425229,-1.095494249896456,0.10054445889171593,0.7916054921603521,1.8900277084731119,1.420668038012252,155.0,89.28,80.0,46.08,15.0,8.64,-0.13325307300225464,-0.07599765424219918,False,range=1.89% вне 2.00%–35.00% | std=0.571% < 0.600% | half-life=1.4 bars
ARIA|mexc:spot:ARIA/USDT|gate:swap:ARIA/USDT:USDT,ARIA,mexc,spot,ARIA/USDT,gate,swap,ARIA/USDT:USDT,True,,500,0.013833907834533957,1.006367993336356,1.247220936228717e-13,0.25829634642045507,-0.4116464418900678,0.007934557121114238,0.4041679934063014,0.8158494668535098,1.0084474674210313,200.0,115.2,102.0,58.751999999999995,24.0,13.824,0.35732173950930496,0.09233750466108859,False,range=0.82% вне 2.00%–35.00% | std=0.258% < 0.600% | half-life=1.0 bars
ARK|mexc:spot:ARK/USDT|gate:swap:ARK/USDT:USDT,ARK,mexc,spot,ARK/USDT,gate,swap,ARK/USDT:USDT,True,,500,-0.06480931794916876,0.9272430774056726,0.006351696397535733,1.7817510259454956,-2.173670139533568,-0.35521580002377817,3.6085545203992986,5.742613672284599,6.08638352977768,52.0,29.951999999999998,27.0,15.552,7.0,4.032,-0.9542262967773528,-1.6858219548056774,True,
ARKM|mexc:spot:ARKM/USDT|gate:swap:ARKM/USDT:USDT,ARKM,mexc,spot,ARKM/USDT,gate,swap,ARKM/USDT:USDT,True,,500,-0.09445833896209117,0.9528278779689053,2.134849481360746e-23,0.2550109106753934,-0.4123794860536045,-0.007013913233222535,0.43492525841566376,0.847214307056094,1.4385125329156254,182.0,104.832,62.0,35.711999999999996,19.0,10.943999999999999,0.3833941615974521,0.09781750444213255,False,range=0.85% вне 2.00%–35.00% | std=0.255% < 0.600% | half-life=1.4 bars
ARPA|mexc:spot:ARPA/USDT|gate:swap:ARPA/USDT:USDT,ARPA,mexc,spot,ARPA/USDT,gate,swap,ARPA/USDT:USDT,True,,500,-0.05385222270800493,0.98805572743965,3.284174444678145e-19,0.18955256139275484,-0.27190059015149703,-0.019052824276921676,0.3484593577085304,0.6201245560182786,1.3088675597069788,167.0,96.192,76.0,43.775999999999996,21.0,12.096,-0.7247613332472616,-0.13728604348828277,False,range=0.62% вне 2.00%–35.00% | std=0.190% < 0.600% | half-life=1.3 bars
ARX|mexc:spot:ARX/USDT|gate:swap:ARX/USDT:USDT,ARX,mexc,spot,ARX/USDT,gate,swap,ARX/USDT:USDT,True,,500,-0.003911738910962833,0.9988261303408814,6.19886991471138e-08,0.19074543417588824,-0.2978471626539414,0.0022611525113624964,0.31264351978901317,0.6104474162597051,0.9279905000492853,192.0,110.592,107.0,61.632,24.0,13.824,0.500156913964417,0.09544817051165833,False,range=0.61% вне 2.00%–35.00% | std=0.191% < 0.600% | half-life=0.9 bars
ASR|mexc:spot:ASR/USDT|gate:swap:ASR/USDT:USDT,ASR,mexc,spot,ASR/USDT,gate,swap,ASR/USDT:USDT,True,,500,-0.030200537434368655,0.793543659200063,9.951506158843617e-09,0.2338783467900712,-0.4227159093392885,0.01287112461203499,0.36087059816316547,0.7838329013706652,3.4871776902495166,89.0,51.263999999999996,43.0,24.768,13.0,7.4879999999999995,-0.2578501055305483,-0.06028737625521918,False,range=0.78% вне 2.00%–35.00% | std=0.234% < 0.600%
ASTER|mexc:spot:ASTER/USDT|gate:swap:ASTER/USDT:USDT,ASTER,mexc,spot,ASTER/USDT,gate,swap,ASTER/USDT:USDT,True,,500,-0.00021075047357919116,0.9971330025941502,6.574034231235996e-08,0.0508781915760341,-0.08004698967329915,0.0019226068118882722,0.08366819805676329,0.16371226011439308,0.7214675366145594,227.0,130.752,108.0,62.208,22.0,12.671999999999999,-0.6434227536733307,-0.0327308284209904,False,range=0.16% вне 2.00%–35.00% | std=0.051% < 0.600% | half-life=0.7 bars
ASTR|mexc:spot:ASTR/USDT|gate:swap:ASTR/USDT:USDT,ASTR,mexc,spot,ASTR/USDT,gate,swap,ASTR/USDT:USDT,True,,500,-0.020344103537143342,0.9953354632410815,2.100159100379044e-17,0.21702963514565773,-0.38226852466750616,0.01715287408448063,0.326382760072752,0.708852325818503,1.308289676401819,194.0,111.744,66.0,38.016,21.0,12.096,1.0030817229338913,0.21793559549661,False,range=0.71% вне 2.00%–35.00% | std=0.217% < 0.600% | half-life=1.3 bars
AT|mexc:spot:AT/USDT|gate:swap:AT/USDT:USDT,AT,mexc,spot,AT/USDT,gate,swap,AT/USDT:USDT,True,,500,-0.011627575183695575,0.9938723397155638,4.206056742264255e-05,0.41071498294080994,-0.6379281973693307,0.05525586745374067,0.6402012741790974,1.2781323448760535,3.269092298569338,60.0,34.56,64.0,36.864,10.0,5.76,-0.7454801000524633,-0.30571159410367477,False,range=1.28% вне 2.00%–35.00% | std=0.411% < 0.600%
ATH|mexc:spot:ATH/USDT|gate:swap:ATH/USDT:USDT,ATH,mexc,spot,ATH/USDT,gate,swap,ATH/USDT:USDT,True,,500,-0.029008578970639236,0.9940328280417492,2.48512318595416e-30,0.1285089827983591,-0.22370959671937918,0.01372287956351581,0.1819478585177503,0.40574273436487956,0.8687009273467193,215.0,123.84,98.0,56.448,21.0,12.096,0.9826834433286169,0.12636342109164644,False,range=0.41% вне 2.00%–35.00% | std=0.129% < 0.600% | half-life=0.9 bars
ATOM|mexc:spot:ATOM/USDT|gate:swap:ATOM/USDT:USDT,ATOM,mexc,spot,ATOM/USDT,gate,swap,ATOM/USDT:USDT,True,,500,0.01128344447660495,0.9817983794193895,1.1535727081228412e-11,0.09430094600110053,-0.14859173773297263,0.0005635664055425593,0.15227587636457152,0.3008622989551841,0.7450313501198178,232.0,133.632,113.0,65.088,26.0,14.975999999999999,-0.056280025583846864,-0.005307118821007428,False,range=0.30% вне 2.00%–35.00% | std=0.094% < 0.600% | half-life=0.7 bars
AUCTION|mexc:spot:AUCTION/USDT|gate:swap:AUCTION/USDT:USDT,AUCTION,mexc,spot,AUCTION/USDT,gate,swap,AUCTION/USDT:USDT,True,,500,0.047086943626307526,0.9638492557227812,1.1343551656088076e-18,0.18635264618876599,-0.28185087683132437,-0.009719273028985231,0.3197010555734181,0.6014399226888332,1.3472746806956915,186.0,107.136,77.0,44.352,17.0,9.792,0.5892867712268715,0.10987546809479998,False,range=0.60% вне 2.00%–35.00% | std=0.186% < 0.600% | half-life=1.3 bars
AVA|mexc:spot:AVA/USDT|gate:swap:AVA/USDT:USDT,AVA,mexc,spot,AVA/USDT,gate,swap,AVA/USDT:USDT,True,,500,-0.032370634099469706,0.9740009691185739,1.3586599015377791e-08,0.22354121371452304,-0.34931133274456183,-0.009362342521224143,0.3654947700123756,0.7147513101943047,1.000472282721224,187.0,107.712,91.0,52.416,25.0,14.4,-0.5274698284962943,-0.11784175766461624,False,range=0.71% вне 2.00%–35.00% | std=0.224% < 0.600% | half-life=1.0 bars
AVAAI|mexc:spot:AVAAI/USDT|gate:swap:AVAAI/USDT:USDT,AVAAI,mexc,spot,AVAAI/USDT,gate,swap,AVAAI/USDT:USDT,True,,500,-0.04848553334341049,0.9897408929138345,3.8948435859085596e-11,0.21591722698913862,-0.3378068963102776,-0.010397103305270772,0.3270571246396736,0.6649022081246156,1.0264034533519069,207.0,119.232,87.0,50.112,14.0,8.064,-0.06888154326892541,-0.014871605880173444,False,range=0.66% вне 2.00%–35.00% | std=0.216% < 0.600% | half-life=1.0 bars
AVAX|mexc:spot:AVAX/USDT|gate:swap:AVAX/USDT:USDT,AVAX,mexc,spot,AVAX/USDT,gate,swap,AVAX/USDT:USDT,True,,500,0.026001803216790645,0.9894091815824342,0.0,0.0628377055722746,-0.09519754774665046,0.0006475378893977535,0.1060858591938052,0.20127251730215112,0.7211346002742969,221.0,127.29599999999999,94.0,54.144,31.0,17.855999999999998,0.32315017730007867,0.020308077507835698,False,range=0.20% вне 2.00%–35.00% | std=0.063% < 0.600% | half-life=0.7 bars
AVNT|mexc:spot:AVNT/USDT|gate:swap:AVNT/USDT:USDT,AVNT,mexc,spot,AVNT/USDT,gate,swap,AVNT/USDT:USDT,True,,500,-0.0013854256302047567,0.998669312032421,4.6497960814374846e-23,0.254490007530184,-0.4113304168389842,-0.010288144249070985,0.45492523421295505,0.8660722844138123,1.4720856221909258,176.0,101.37599999999999,68.0,39.168,16.0,9.216,0.23992591726225088,0.06107739313920835,False,range=0.87% вне 2.00%–35.00% | std=0.254% < 0.600% | half-life=1.5 bars
AWE|mexc:spot:AWE/USDT|gate:swap:AWE/USDT:USDT,AWE,mexc,spot,AWE/USDT,gate,swap,AWE/USDT:USDT,True,,500,-0.012660608467981404,0.9961903963553235,7.917983006926985e-16,0.4194098826502456,-0.6410992949148375,-0.005238983535171826,0.6711422630310215,1.3120632918225688,2.3179986523337446,126.0,72.576,67.0,38.592,13.0,7.4879999999999995,-0.5306922323613236,-0.22233004670713097,False,range=1.31% вне 2.00%–35.00% | std=0.419% < 0.600%
AXS|mexc:spot:AXS/USDT|gate:swap:AXS/USDT:USDT,AXS,mexc,spot,AXS/USDT,gate,swap,AXS/USDT:USDT,True,,500,-0.0015335008924136492,1.009955299726898,1.1239761492100984e-11,0.1420508279593241,-0.22668426882612724,0.005126340528316398,0.2049210769441867,0.4316529866586885,0.9093160697983411,186.0,107.136,91.0,52.416,21.0,12.096,-0.25679971770469784,-0.03647195988277785,False,range=0.43% вне 2.00%–35.00% | std=0.142% < 0.600% | half-life=0.9 bars
AZTEC|mexc:spot:AZTEC/USDT|gate:swap:AZTEC/USDT:USDT,AZTEC,mexc,spot,AZTEC/USDT,gate,swap,AZTEC/USDT:USDT,True,,500,-0.03084758688188307,0.9922407916210352,5.858174269684631e-07,0.17593661786236434,-0.2849978400301545,0.0032658530496609828,0.27435944284373015,0.5593884964544802,0.8938878737952556,192.0,110.592,106.0,61.056,16.0,9.216,0.09719820431872107,0.01710218558723664,False,range=0.56% вне 2.00%–35.00% | std=0.176% < 0.600% | half-life=0.9 bars
B|mexc:spot:B/USDT|gate:swap:B/USDT:USDT,B,mexc,spot,B/USDT,gate,swap,B/USDT:USDT,True,,500,-0.02429684856798616,0.9861863342237553,1.2261536864035389e-12,0.0864585268564699,-0.13863685070802934,0.004812877143112182,0.1297567903915109,0.26840571952371545,0.7317844857962496,245.0,141.12,128.0,73.728,21.0,12.096,0.1169808515187215,0.010114503574176759,False,range=0.27% вне 2.00%–35.00% | std=0.086% < 0.600% | half-life=0.7 bars
B2|mexc:spot:B2/USDT|gate:swap:B2/USDT:USDT,B2,mexc,spot,B2/USDT,gate,swap,B2/USDT:USDT,True,,500,-0.02725530130336507,0.96582796924332,5.3672638661593065e-09,0.3262602532222114,-0.4911865238852675,-0.0283836417784733,0.5142400797578439,1.005319190644556,1.940613430310511,95.0,54.72,81.0,46.656,11.0,6.335999999999999,0.7299499065855773,0.2384374524039723,False,range=1.01% вне 2.00%–35.00% | std=0.326% < 0.600% | half-life=1.9 bars
BABY|mexc:spot:BABY/USDT|gate:swap:BABY/USDT:USDT,BABY,mexc,spot,BABY/USDT,gate,swap,BABY/USDT:USDT,True,,500,-0.11221366099256422,0.973614853468025,3.2170553576406014e-30,0.14633108386438115,-0.24573955724309648,0.004933097297854516,0.2189182495382802,0.4647209651518346,0.8903815545212789,209.0,120.384,101.0,58.175999999999995,24.0,13.824,0.03836788860323814,0.005614572336076762,False,range=0.46% вне 2.00%–35.00% | std=0.146% < 0.600% | half-life=0.9 bars
BAN|mexc:spot:BAN/USDT|gate:swap:BAN/USDT:USDT,BAN,mexc,spot,BAN/USDT,gate,swap,BAN/USDT:USDT,True,,500,-0.10010359370683727,0.9635247466323609,2.861594893349399e-20,0.34442389655040534,-0.568671611708238,-0.0038498685284382717,0.5693449435094644,1.1380250059014039,1.0616306181756774,196.0,112.896,88.0,50.687999999999995,22.0,12.671999999999999,1.125226943727708,0.3883070141532219,False,range=1.14% вне 2.00%–35.00% | std=0.344% < 0.600% | half-life=1.1 bars
BANANA|mexc:spot:BANANA/USDT|gate:swap:BANANA/USDT:USDT,BANANA,mexc,spot,BANANA/USDT,gate,swap,BANANA/USDT:USDT,True,,500,0.047026031169105365,0.9668870249826671,5.438519888556388e-21,0.18306573825115843,-0.29700408039378123,0.011158890712370528,0.2983790121255714,0.5953807582317793,1.6669753539771504,143.0,82.368,61.0,35.135999999999996,16.0,9.216,-0.41078692642321274,-0.0751727430752136,False,range=0.60% вне 2.00%–35.00% | std=0.183% < 0.600% | half-life=1.7 bars
BANANAS31|mexc:spot:BANANAS31/USDT|gate:swap:BANANAS31/USDT:USDT,BANANAS31,mexc,spot,BANANAS31/USDT,gate,swap,BANANAS31/USDT:USDT,True,,500,-0.19800273625031403,0.9588605626722791,1.0175564168522243e-15,0.2330378772491366,-0.3752683326185169,0.01231077059946628,0.34030283088186675,0.7156993418792764,2.3208685732397503,123.0,70.848,53.0,30.528,12.0,6.912,-1.6127389989479946,-0.3751239185794786,False,range=0.72% вне 2.00%–35.00% | std=0.233% < 0.600%
BANK|mexc:spot:BANK/USDT|gate:swap:BANK/USDT:USDT,BANK,mexc,spot,BANK/USDT,gate,swap,BANK/USDT:USDT,True,,500,-0.02713963123309137,0.9923420180460322,2.2321597614745715e-16,0.113981988375148,-0.1910184790418712,-0.0004029272397065853,0.18514519696841703,0.3761751665084634,0.9067928960720012,216.0,124.416,114.0,65.664,18.0,10.368,-0.9734889297704585,-0.11089866580513696,False,range=0.38% вне 2.00%–35.00% | std=0.114% < 0.600% | half-life=0.9 bars
BARD|mexc:spot:BARD/USDT|gate:swap:BARD/USDT:USDT,BARD,mexc,spot,BARD/USDT,gate,swap,BARD/USDT:USDT,True,,500,-0.026994850902726585,0.9862244645719205,2.3372764135730174e-21,0.26246351020471786,-0.45428365544705196,0.020309461007816942,0.42306760653327835,0.877493851065384,1.638951092343451,140.0,80.64,64.0,36.864,20.0,11.52,0.2415387216538168,0.06341519967665299,False,range=0.88% вне 2.00%–35.00% | std=0.262% < 0.600% | half-life=1.6 bars
BAS|mexc:spot:BAS/USDT|gate:swap:BAS/USDT:USDT,BAS,mexc,spot,BAS/USDT,gate,swap,BAS/USDT:USDT,True,,500,-0.4768008937448314,0.8722989148664752,0.0847577180751295,0.823206765396399,-1.0014596963864864,-0.163204835199382,2.1092829981502526,3.0938536067539153,10.263774701079905,65.0,37.44,22.0,12.671999999999999,6.0,3.456,0.20533783981135925,0.16917844445567543,False,ADF=0.0848 > 0.05
BASECAT|mexc:spot:BASECAT/USDT|gate:swap:BASECAT/USDT:USDT,BASECAT,mexc,spot,BASECAT/USDT,gate,swap,BASECAT/USDT:USDT,True,,500,-0.02081777625438473,0.9961067955890919,1.4243356329385396e-29,0.46586499425772027,-0.7467705156808613,0.008287153837982508,0.8134300712212772,1.5597123673091093,0.9681214144606297,201.0,115.776,98.0,56.448,21.0,12.096,0.418707281186126,0.19525143299861103,False,range=1.56% вне 2.00%–35.00% | std=0.466% < 0.600% | half-life=1.0 bars
BASED|mexc:spot:BASED/USDT|gate:swap:BASED/USDT:USDT,BASED,mexc,spot,BASED/USDT,gate,swap,BASED/USDT:USDT,True,,500,-0.013909346162571487,0.9953151410748046,0.0037719530918797735,0.10166341325927193,-0.1651915842635132,0.0042788305547381,0.15039709709501192,0.3156122899361885,0.9331432558794045,200.0,115.2,119.0,68.544,18.0,10.368,-1.2706586232149264,-0.12909609193288984,False,range=0.32% вне 2.00%–35.00% | std=0.102% < 0.600% | half-life=0.9 bars
BAT|mexc:spot:BAT/USDT|gate:swap:BAT/USDT:USDT,BAT,mexc,spot,BAT/USDT,gate,swap,BAT/USDT:USDT,True,,500,-0.03726167035913876,0.9839199051237122,5.605256861815162e-08,0.21597997431070282,-0.2976373235811236,-0.014819559630296908,0.3518906197722549,0.6493540776930645,1.2710890393344605,180.0,103.67999999999999,72.0,41.472,21.0,12.096,1.690884845213693,0.36586492315358043,False,range=0.65% вне 2.00%–35.00% | std=0.216% < 0.600% | half-life=1.3 bars
BB|mexc:spot:BB/USDT|gate:swap:BB/USDT:USDT,BB,mexc,spot,BB/USDT,gate,swap,BB/USDT:USDT,True,,500,-0.07118215995241878,0.9844507316275793,8.97392073762951e-29,0.2045327688839586,-0.288208982370175,-0.01770806603881292,0.3695160578732759,0.6574601286415046,1.0448891571693508,197.0,113.472,87.0,50.112,19.0,10.943999999999999,-0.5291347565512591,-0.10816685430906636,False,range=0.66% вне 2.00%–35.00% | std=0.205% < 0.600% | half-life=1.0 bars
BCH|mexc:spot:BCH/USDT|gate:swap:BCH/USDT:USDT,BCH,mexc,spot,BCH/USDT,gate,swap,BCH/USDT:USDT,True,,500,-0.0460994013501342,1.0081330420284436,0.006766503450791545,0.03467269941376567,-0.05996889900388158,0.0010586102107579265,0.05533319194370723,0.11530477631810145,1.040131355996434,187.0,107.712,101.0,58.175999999999995,23.0,13.248,1.000417811009682,0.03469320274902543,False,range=0.12% вне 2.00%–35.00% | std=0.035% < 0.600% | half-life=1.0 bars
BEAMX|mexc:spot:BEAMX/USDT|gate:swap:BEAMX/USDT:USDT,BEAMX,mexc,spot,BEAMX/USDT,gate,swap,BEAMX/USDT:USDT,True,,500,-0.11676307528261314,0.9810927358815893,9.188591422008196e-19,0.3292427866784558,-0.5249143632374276,-0.01096193294303216,0.5955555464224549,1.1200860030770785,1.8991457700597767,155.0,89.28,60.0,34.56,19.0,10.943999999999999,0.5624303604707769,0.18534769608451462,False,range=1.12% вне 2.00%–35.00% | std=0.329% < 0.600% | half-life=1.9 bars
BEAT|mexc:spot:BEAT/USDT|gate:swap:BEAT/USDT:USDT,BEAT,mexc,spot,BEAT/USDT,gate,swap,BEAT/USDT:USDT,True,,500,-0.028401044356890365,0.9883521062303585,1.6961011789139714e-23,0.09974237480060606,-0.171648903203514,-0.001385118257657414,0.1594291680208748,0.33109860336776537,0.8800758359666522,203.0,116.928,126.0,72.576,20.0,11.52,0.06018538957986288,0.006003213870608981,False,range=0.33% вне 2.00%–35.00% | std=0.100% < 0.600% | half-life=0.9 bars
BEL|mexc:spot:BEL/USDT|gate:swap:BEL/USDT:USDT,BEL,mexc,spot,BEL/USDT,gate,swap,BEL/USDT:USDT,True,,500,-0.041806811911000906,0.9800228229205445,6.884050333706914e-30,0.14917465922965883,-0.2305571304367482,0.01358711768617571,0.22314267673850807,0.45371740582853753,0.9333174791439464,205.0,118.08,95.0,54.72,20.0,11.52,-0.15492871961014243,-0.02310876846542964,False,range=0.45% вне 2.00%–35.00% | std=0.149% < 0.600% | half-life=0.9 bars
BEN|mexc:spot:BEN/USDT|gate:swap:BEN/USDT:USDT,BEN,mexc,spot,BEN/USDT,gate,swap,BEN/USDT:USDT,True,,500,-0.11142753397408844,0.9899807698794645,1.4927712862994625e-07,0.875394306914282,-1.4817824943637925,0.042887209122532965,1.3492135732642074,2.833063298115408,1.560461450610046,151.0,86.976,76.0,43.775999999999996,17.0,9.792,-1.8037684285894422,-1.5666076290393516,False,half-life=1.6 bars
BERA|mexc:spot:BERA/USDT|gate:swap:BERA/USDT:USDT,BERA,mexc,spot,BERA/USDT,gate,swap,BERA/USDT:USDT,True,,500,-7.694729487172576e-05,0.9992311311227269,2.2497219201775806e-18,0.13997655617867058,-0.2198132552974963,0.019689190193061812,0.2349419417723153,0.4547215839557716,0.7976686049948672,217.0,124.99199999999999,100.0,57.6,31.0,17.855999999999998,-0.13338598418707467,-0.018669167802931597,False,range=0.45% вне 2.00%–35.00% | std=0.140% < 0.600% | half-life=0.8 bars
BICO|mexc:spot:BICO/USDT|gate:swap:BICO/USDT:USDT,BICO,mexc,spot,BICO/USDT,gate,swap,BICO/USDT:USDT,True,,500,-0.04031067440163013,0.9898934246487595,8.900103589523027e-23,0.1183790811019646,-0.19428467200527377,-0.0012814398208660371,0.19119073731745928,0.3854818499359802,0.8812531009218323,212.0,122.112,103.0,59.327999999999996,23.0,13.248,1.1154521619760522,0.13213342133078232,False,range=0.39% вне 2.00%–35.00% | std=0.118% < 0.600% | half-life=0.9 bars
BIGTIME|mexc:spot:BIGTIME/USDT|gate:swap:BIGTIME/USDT:USDT,BIGTIME,mexc,spot,BIGTIME/USDT,gate,swap,BIGTIME/USDT:USDT,True,,500,-0.0564082377473389,0.9883237837120373,1.5021049625130566e-10,0.23017219837804134,-0.3623777945929274,0.0024951770195569267,0.3844088875120111,0.7467078980450734,1.3113052305442334,162.0,93.312,77.0,44.352,20.0,11.52,1.4462168846395995,0.33343357681943075,False,range=0.75% вне 2.00%–35.00% | std=0.230% < 0.600% | half-life=1.3 bars
BILL|mexc:spot:BILL/USDT|gate:swap:BILL/USDT:USDT,BILL,mexc,spot,BILL/USDT,gate,swap,BILL/USDT:USDT,True,,500,-0.06232836341699517,0.9865072036494492,1.34855145941016e-25,0.15783335563038708,-0.26715183484746774,-0.02572028761225198,0.24583346273876483,0.5130411087875936,0.8162482859547056,236.0,135.936,102.0,58.751999999999995,21.0,12.096,0.4207730892762234,0.0664340863095525,False,range=0.51% вне 2.00%–35.00% | std=0.158% < 0.600% | half-life=0.8 bars
BIO|mexc:spot:BIO/USDT|gate:swap:BIO/USDT:USDT,BIO,mexc,spot,BIO/USDT,gate,swap,BIO/USDT:USDT,True,,500,-0.11661839518731548,0.9666148632763272,0.08499697000275724,0.12304931250342833,-0.22244254141817743,0.01228739858467609,0.17310044725735718,0.39564111343985947,0.9921621076131827,182.0,104.832,101.0,58.175999999999995,23.0,13.248,0.6560983339376547,0.08076504633891535,False,ADF=0.0850 > 0.05 | range=0.40% вне 2.00%–35.00% | std=0.123% < 0.600% | half-life=1.0 bars
BIRB|mexc:spot:BIRB/USDT|gate:swap:BIRB/USDT:USDT,BIRB,mexc,spot,BIRB/USDT,gate,swap,BIRB/USDT:USDT,True,,500,-0.08633820078098475,0.9691755458253408,5.098939916288832e-07,0.347315589143675,-0.5284246743262444,-0.014602506544403315,0.5912173747558258,1.1193023183963753,1.4779515336382454,169.0,97.344,98.0,56.448,13.0,7.4879999999999995,-1.5834492656721828,-0.5484471216496756,False,range=1.12% вне 2.00%–35.00% | std=0.347% < 0.600% | half-life=1.5 bars
BLEND|mexc:spot:BLEND/USDT|gate:swap:BLEND/USDT:USDT,BLEND,mexc,spot,BLEND/USDT,gate,swap,BLEND/USDT:USDT,True,,500,-0.35992267408143114,0.8667462046560329,2.1339227088291063e-09,0.32463649445449627,-0.47734376074598517,-0.03683544588222176,0.5449904301711328,1.0219974156808351,2.816476741135918,88.0,50.687999999999995,48.0,27.648,14.0,8.064,1.6933527491441127,0.5512378558450104,False,range=1.02% вне 2.00%–35.00% | std=0.325% < 0.600%
BLESS|mexc:spot:BLESS/USDT|gate:swap:BLESS/USDT:USDT,BLESS,mexc,spot,BLESS/USDT,gate,swap,BLESS/USDT:USDT,True,,500,-0.10029315553622906,0.9787094160711007,4.978765357767262e-07,0.11896981022653576,-0.19746658189290223,0.005293971629516392,0.1892530975059037,0.3867360436479569,0.8965236639604859,195.0,112.32,118.0,67.968,19.0,10.943999999999999,0.5609482827154988,0.06675818410517564,False,range=0.39% вне 2.00%–35.00% | std=0.119% < 0.600% | half-life=0.9 bars
BLUAI|mexc:spot:BLUAI/USDT|gate:swap:BLUAI/USDT:USDT,BLUAI,mexc,spot,BLUAI/USDT,gate,swap,BLUAI/USDT:USDT,True,,500,-0.015432996165749871,0.9976373555693214,0.008482660201085427,0.2041520446978228,-0.3011026022301855,-0.021232052521014122,0.3441075621014589,0.64507369486245,1.1903171832870212,160.0,92.16,83.0,47.808,24.0,13.824,-0.3544687734376645,-0.07233934734749425,False,range=0.65% вне 2.00%–35.00% | std=0.204% < 0.600% | half-life=1.2 bars
BLUR|mexc:spot:BLUR/USDT|gate:swap:BLUR/USDT:USDT,BLUR,mexc,spot,BLUR/USDT,gate,swap,BLUR/USDT:USDT,True,,500,0.05662106635993232,1.0148832311550293,9.289180104607585e-11,0.15384322507543605,-0.18904130841683742,0.00033044897300715803,0.19186520903977655,0.380901599850298,0.9607750630147017,190.0,109.44,75.0,43.199999999999996,14.0,8.064,-0.28403328405218237,-0.04368705087518521,False,range=0.38% вне 2.00%–35.00% | std=0.154% < 0.600% | half-life=1.0 bars
BMT|mexc:spot:BMT/USDT|gate:swap:BMT/USDT:USDT,BMT,mexc,spot,BMT/USDT,gate,swap,BMT/USDT:USDT,True,,500,-0.13240080002733878,0.9666383516844813,3.254365006581056e-21,0.19430576976113978,-0.2687252676143226,-0.009301407471862255,0.3483207398999655,0.6168024903542687,1.637522212600096,154.0,88.704,64.0,36.864,17.0,9.792,0.702953753247114,0.1366812939841422,False,range=0.62% вне 2.00%–35.00% | std=0.194% < 0.600% | half-life=1.6 bars
BNB|mexc:spot:BNB/USDT|gate:swap:BNB/USDT:USDT,BNB,mexc,spot,BNB/USDT,gate,swap,BNB/USDT:USDT,True,,500,0.025390732211966943,0.9962577461018168,0.003179322014938993,0.016765693252687872,-0.028501787226020703,-0.0001418068016345586,0.0276986788382505,0.05620069321977005,1.412259763239049,173.0,99.648,92.0,52.992,21.0,12.096,0.007187997136793951,0.00012051182731731558,False,range=0.06% вне 2.00%–35.00% | std=0.017% < 0.600% | half-life=1.4 bars
BNT|mexc:spot:BNT/USDT|gate:swap:BNT/USDT:USDT,BNT,mexc,spot,BNT/USDT,gate,swap,BNT/USDT:USDT,True,,500,-0.1661022847176851,0.8411135437215346,6.976513058129812e-12,0.30525703745352734,-0.47932676507632666,0.002155558640937194,0.4996881856672575,0.9789231075778226,3.166836772860285,87.0,50.112,38.0,21.887999999999998,14.0,8.064,0.2944817306479385,0.08993303620727922,False,range=0.98% вне 2.00%–35.00% | std=0.305% < 0.600%
BOME|mexc:spot:BOME/USDT|gate:swap:BOME/USDT:USDT,BOME,mexc,spot,BOME/USDT,gate,swap,BOME/USDT:USDT,True,,500,-0.07039999854685597,0.9897906210389507,1.6976369278416631e-12,0.07326215749862815,-0.10923419091726227,-0.0017888870452731354,0.10897949063470858,0.21821404603755024,0.7279368564225112,222.0,127.872,101.0,58.175999999999995,24.0,13.824,1.5710398521024436,0.1151640319837055,False,range=0.22% вне 2.00%–35.00% | std=0.073% < 0.600% | half-life=0.7 bars
BONK|mexc:spot:BONK/USDT|gate:swap:BONK/USDT:USDT,BONK,mexc,spot,BONK/USDT,gate,swap,BONK/USDT:USDT,True,,500,-0.1830432960511254,0.985272793565055,1.4567616576222697e-18,0.0973942362699113,-0.1594267137620453,-2.4446946900180677e-05,0.16080955006345654,0.32023432333584617,0.7728787463431648,216.0,124.416,124.0,71.42399999999999,23.0,13.248,-0.7940715988807668,-0.0773080987961583,False,range=0.32% вне 2.00%–35.00% | std=0.097% < 0.600% | half-life=0.8 bars
BP|mexc:spot:BP/USDT|gate:swap:BP/USDT:USDT,BP,mexc,spot,BP/USDT,gate,swap,BP/USDT:USDT,True,,500,-0.1394532825578418,1.095716113257592,0.0001507841257528994,1.4076317565569487,-2.2050170766069965,-0.09403080922433249,2.5397761033556288,4.73775064746593,3.197658452419967,78.0,44.928,61.0,35.135999999999996,11.0,6.335999999999999,-1.1889276952797305,-1.6596459553957499,True,
BR|mexc:spot:BR/USDT|gate:swap:BR/USDT:USDT,BR,mexc,spot,BR/USDT,gate,swap,BR/USDT:USDT,True,,500,0.0018267746697003956,1.0029161816721284,3.786581698753107e-20,0.17559790847015896,-0.28572038801057964,-0.004784539332558513,0.27173633537855846,0.5574971475628286,0.6745207723819482,250.0,144.0,111.0,63.936,23.0,13.248,0.9095091196604583,0.1598355001327434,False,range=0.56% вне 2.00%–35.00% | std=0.176% < 0.600% | half-life=0.7 bars
BREV|mexc:spot:BREV/USDT|gate:swap:BREV/USDT:USDT,BREV,mexc,spot,BREV/USDT,gate,swap,BREV/USDT:USDT,True,,500,-0.06890687538060122,0.9714891712383781,1.830206871406951e-17,0.2922431017740789,-0.41345494556439544,-0.033927298664271355,0.5663122529803166,0.9790267673911619,2.0196839595563087,124.0,71.42399999999999,46.0,26.496,12.0,6.912,3.014418761876794,0.8848348122086236,False,range=0.98% вне 2.00%–35.00% | std=0.292% < 0.600%
BREW|mexc:spot:BREW/USDT|gate:swap:BREW/USDT:USDT,BREW,mexc,spot,BREW/USDT,gate,swap,BREW/USDT:USDT,True,,500,0.25339275920312265,1.0560672750352373,1.923265154005089e-07,0.8598119853726429,-1.369172367283833,0.0009333809060318998,1.439278584510495,2.807651269937095,1.2468230948260057,166.0,95.616,95.0,54.72,14.0,8.064,-0.06587773010999551,-0.056626423103844914,False,half-life=1.2 bars
BROCCOLI|mexc:spot:BROCCOLI/USDT|gate:swap:BROCCOLI/USDT:USDT,BROCCOLI,mexc,spot,BROCCOLI/USDT,gate,swap,BROCCOLI/USDT:USDT,True,,500,0.01609992841630488,1.004251966814891,0.0032481846591087406,0.1414006084861125,-0.2213115180968117,0.004476787244245273,0.22333358650694635,0.4446413417022165,0.7915390522391922,217.0,124.99199999999999,117.0,67.392,27.0,15.552,-1.027704038835122,-0.14521244099049424,False,range=0.44% вне 2.00%–35.00% | std=0.141% < 0.600% | half-life=0.8 bars
BROCCOLIF3B|mexc:spot:BROCCOLIF3B/USDT|gate:swap:BROCCOLIF3B/USDT:USDT,BROCCOLIF3B,mexc,spot,BROCCOLIF3B/USDT,gate,swap,BROCCOLIF3B/USDT:USDT,True,,500,-0.039202822360531034,0.9924557758360996,0.005601317873634687,0.32136261349850076,-0.5097284358377308,0.0048357853123848216,0.49542336582384383,1.0052321653761795,1.3575784600803917,150.0,86.39999999999999,97.0,55.872,16.0,9.216,-0.18502020924650608,-0.05944090488366749,False,range=1.01% вне 2.00%–35.00% | std=0.321% < 0.600% | half-life=1.4 bars
BSB|mexc:spot:BSB/USDT|gate:swap:BSB/USDT:USDT,BSB,mexc,spot,BSB/USDT,gate,swap,BSB/USDT:USDT,True,,500,-0.1544475712659326,0.9326637534457572,6.156261060749098e-17,0.2149984004886981,-0.31815287955130334,-5.3717390691154776e-05,0.3783258073204454,0.6962720169838033,1.4684875298914228,151.0,86.976,75.0,43.199999999999996,19.0,10.943999999999999,-1.0264607310637814,-0.22044407970333024,False,range=0.70% вне 2.00%–35.00% | std=0.215% < 0.600% | half-life=1.5 bars
BSV|mexc:spot:BSV/USDT|gate:swap:BSV/USDT:USDT,BSV,mexc,spot,BSV/USDT,gate,swap,BSV/USDT:USDT,True,,500,-0.02293180709291677,1.0074511960792731,0.002901353254213622,0.13005286889591067,-0.1819621585324782,0.012033763651952967,0.17177937907786323,0.3537599178177752,0.8585199516484041,175.0,100.8,82.0,47.232,16.0,9.216,0.0418993576967514,0.005449280141323065,False,range=0.35% вне 2.00%–35.00% | std=0.130% < 0.600% | half-life=0.9 bars
BTC|mexc:spot:BTC/USDT|gate:swap:BTC/USDT:USDT,BTC,mexc,spot,BTC/USDT,gate,swap,BTC/USDT:USDT,True,,500,0.058217722589679353,0.9949056147316733,9.422047887925319e-06,0.011528020007536773,-0.019779246975615283,0.0003832726740871095,0.019419756865923787,0.039199074801867795,1.2524534346593295,161.0,92.736,94.0,54.144,21.0,12.096,-0.6089762862591641,-0.007020044395489311,False,range=0.04% вне 2.00%–35.00% | std=0.012% < 0.600% | half-life=1.3 bars
BTR|mexc:spot:BTR/USDT|gate:swap:BTR/USDT:USDT,BTR,mexc,spot,BTR/USDT,gate,swap,BTR/USDT:USDT,True,,500,-0.25340268291349444,0.9161794460881663,0.009592724685474341,0.3237344949540961,-0.45461882687506394,-0.0006018417868625114,0.4540709937279841,0.9086985624640807,0.8934703375146262,205.0,118.08,88.0,50.687999999999995,10.0,5.76,-0.5976098459058848,-0.19327989502599952,False,range=0.91% вне 2.00%–35.00% | std=0.324% < 0.600% | half-life=0.9 bars
BTW|mexc:spot:BTW/USDT|gate:swap:BTW/USDT:USDT,BTW,mexc,spot,BTW/USDT,gate,swap,BTW/USDT:USDT,True,,500,0.004050022717001415,0.987913099933577,0.004738758495986476,0.1441663936651994,-0.23467922646558392,-0.004838513996630045,0.25429417150297784,0.4889264207156902,0.9776289378936532,191.0,110.01599999999999,106.0,61.056,19.0,10.943999999999999,0.8699428332199978,0.1254952003677534,False,range=0.49% вне 2.00%–35.00% | std=0.144% < 0.600% | half-life=1.0 bars
BULLA|mexc:spot:BULLA/USDT|gate:swap:BULLA/USDT:USDT,BULLA,mexc,spot,BULLA/USDT,gate,swap,BULLA/USDT:USDT,True,,500,0.013490375245113626,1.006246792488924,4.2798254932623844e-19,0.19764942698560017,-0.33134966582759606,-0.003510914821003297,0.3233122803349531,0.654690594506446,1.1703775101541585,164.0,94.464,94.0,54.144,21.0,12.096,0.3204256506349786,0.06335200515068529,False,range=0.65% вне 2.00%–35.00% | std=0.198% < 0.600% | half-life=1.2 bars
C|mexc:spot:C/USDT|gate:swap:C/USDT:USDT,C,mexc,spot,C/USDT,gate,swap,C/USDT:USDT,True,,500,-0.03183547057517595,0.9866061166584131,1.0268826705165657e-08,0.14894815546364817,-0.2394887276069957,-0.008430181097462963,0.25118967510244783,0.49065068169458426,1.0142504418987082,179.0,103.104,104.0,59.903999999999996,17.0,9.792,-1.9664898517284397,-0.29247648786717706,False,range=0.49% вне 2.00%–35.00% | std=0.149% < 0.600% | half-life=1.0 bars
C98|mexc:spot:C98/USDT|gate:swap:C98/USDT:USDT,C98,mexc,spot,C98/USDT,gate,swap,C98/USDT:USDT,True,,500,-0.03276030758357398,0.9920772462229704,3.8996708623049726e-27,0.18258822923963292,-0.27954873949168624,0.006987975394467938,0.3173470941968848,0.5967848178140217,1.1544058870509746,194.0,111.744,77.0,44.352,23.0,13.248,1.4751684730252559,0.2697114680207058,False,range=0.60% вне 2.00%–35.00% | std=0.183% < 0.600% | half-life=1.2 bars
CAKE|mexc:spot:CAKE/USDT|gate:swap:CAKE/USDT:USDT,CAKE,mexc,spot,CAKE/USDT,gate,swap,CAKE/USDT:USDT,True,,500,0.026524756071852347,0.9742567906276273,0.001010309901702484,0.07630648147495268,-0.11450471404900187,-0.0038370369325857467,0.1303573080813747,0.24484273749261193,0.8067033045105791,208.0,119.80799999999999,107.0,61.632,27.0,15.552,-0.05739146845703545,-0.004379245132957177,False,range=0.24% вне 2.00%–35.00% | std=0.076% < 0.600% | half-life=0.8 bars
CAP|mexc:spot:CAP/USDT|gate:swap:CAP/USDT:USDT,CAP,mexc,spot,CAP/USDT,gate,swap,CAP/USDT:USDT,True,,500,0.010630922598991229,1.0046638175887725,5.240248313229331e-15,0.1737924755562562,-0.2806051187413061,0.00635810952125393,0.2639792050406209,0.5446309448513806,0.7814471424205304,230.0,132.48,95.0,54.72,24.0,13.824,0.5471511054846913,0.09513597070860413,False,range=0.54% вне 2.00%–35.00% | std=0.174% < 0.600% | half-life=0.8 bars
CARDS|mexc:spot:CARDS/USDT|gate:swap:CARDS/USDT:USDT,CARDS,mexc,spot,CARDS/USDT,gate,swap,CARDS/USDT:USDT,True,,500,0.04963039873501893,1.024212320072903,8.481482457361468e-14,0.9655805873061739,-1.581200063528887,-0.02372252605965519,1.5869592117726095,3.1683330617203493,1.892454001421224,99.0,57.024,56.0,32.256,13.0,7.4879999999999995,1.8964588907424051,1.8480528717546019,False,half-life=1.9 bars
CARV|mexc:spot:CARV/USDT|gate:swap:CARV/USDT:USDT,CARV,mexc,spot,CARV/USDT,gate,swap,CARV/USDT:USDT,True,,500,-0.09815377773563631,0.9694408688517101,3.6741391912904226e-16,0.3607771865046634,-0.5687546745080208,0.01137289111687867,0.5568423513441001,1.1256759587075036,1.5975186096529497,161.0,92.736,86.0,49.536,13.0,7.4879999999999995,-0.12039280770107856,-0.04342554681655564,False,range=1.13% вне 2.00%–35.00% | std=0.361% < 0.600% | half-life=1.6 bars
CASHCAT|mexc:spot:CASHCAT/USDT|gate:swap:CASHCAT/USDT:USDT,CASHCAT,mexc,spot,CASHCAT/USDT,gate,swap,CASHCAT/USDT:USDT,True,,500,-0.04372144553427433,0.9758534790829442,0.012191633806631519,0.1391138243375173,-0.23040882141396324,0.001741354137285711,0.2071722515029073,0.4376326167089299,0.9014022958385502,197.0,113.472,122.0,70.27199999999999,24.0,13.824,-1.1134456228561196,-0.15477577734627213,False,range=0.44% вне 2.00%–35.00% | std=0.139% < 0.600% | half-life=0.9 bars
CAT|mexc:spot:CAT/USDT|gate:swap:CAT/USDT:USDT,CAT,mexc,spot,CAT/USDT,gate,swap,CAT/USDT:USDT,True,,500,-13.794829353653027,0.1187722614150087,0.04658756192989104,1.3751877106518708,-1.9973048206260668,0.05728823489816737,2.120192575223734,4.115549802258735,30.827516824362675,23.0,13.248,7.0,4.032,0.0,0.0,-0.012723480369531658,-0.017495643174114672,True,
CATE|mexc:spot:CATE/USDT|gate:swap:CATE/USDT:USDT,CATE,mexc,spot,CATE/USDT,gate,swap,CATE/USDT:USDT,True,,500,-0.02666117846973286,0.991702384543381,3.053529959605738e-30,0.6867798946789988,-1.138938794744293,-0.027951268839809806,1.1108731652071935,2.2502226614567835,0.8848460661074081,197.0,113.472,112.0,64.512,22.0,12.671999999999999,1.5235584752504134,1.0518427070189018,False,half-life=0.9 bars
CATI|mexc:spot:CATI/USDT|gate:swap:CATI/USDT:USDT,CATI,mexc,spot,CATI/USDT,gate,swap,CATI/USDT:USDT,True,,500,-0.0011144586985117782,0.9994976030218768,8.393080579480256e-29,0.17022693693560348,-0.25114767118731285,-0.013143417510863564,0.29989028495076564,0.5509050870183604,1.028114848214791,188.0,108.288,88.0,50.687999999999995,17.0,9.792,-0.0725822538147944,-0.012354691487781455,False,range=0.55% вне 2.00%–35.00% | std=0.170% < 0.600% | half-life=1.0 bars
CC|mexc:spot:CC/USDT|gate:swap:CC/USDT:USDT,CC,mexc,spot,CC/USDT,gate,swap,CC/USDT:USDT,True,,500,0.01819356658741925,1.0080888903274923,4.260144335913052e-08,0.13247459136000733,-0.20132185414052373,-0.009058931932948155,0.22911237696945363,0.4303750937504191,0.7581037208436873,231.0,133.05599999999998,108.0,62.208,25.0,14.4,-2.0315484939468655,-0.2687667303293062,False,range=0.43% вне 2.00%–35.00% | std=0.132% < 0.600% | half-life=0.8 bars
CELO|mexc:spot:CELO/USDT|gate:swap:CELO/USDT:USDT,CELO,mexc,spot,CELO/USDT,gate,swap,CELO/USDT:USDT,True,,500,-0.0006424458130858357,0.9991447635718653,0.0,0.1294931785027941,-0.21231956268505936,-0.003559077832926416,0.22358083296094566,0.43587654316132857,0.7923459247321737,225.0,129.6,109.0,62.784,25.0,14.4,-0.4066689445416125,-0.05264699083284974,False,range=0.44% вне 2.00%–35.00% | std=0.129% < 0.600% | half-life=0.8 bars
CELR|mexc:spot:CELR/USDT|gate:swap:CELR/USDT:USDT,CELR,mexc,spot,CELR/USDT,gate,swap,CELR/USDT:USDT,True,,500,-0.024360947250189214,0.9955869728753602,9.049579570936259e-13,0.1378151743232579,-0.21415318313727782,-0.014134390004838515,0.20972468859044024,0.42388789234343965,1.075158319366636,184.0,105.984,94.0,54.144,24.0,13.824,0.8250975229479245,0.1137756343818408,False,range=0.42% вне 2.00%–35.00% | std=0.138% < 0.600% | half-life=1.1 bars
CETUS|mexc:spot:CETUS/USDT|gate:swap:CETUS/USDT:USDT,CETUS,mexc,spot,CETUS/USDT,gate,swap,CETUS/USDT:USDT,True,,500,-0.033357995837529346,0.9907819252661382,1.1176733657508138e-08,0.14028101877922552,-0.2268221445728802,-0.006835976609820271,0.25353611015277444,0.48029502522339146,0.979860918592557,203.0,116.928,110.0,63.36,23.0,13.248,-0.6569985034496052,-0.09212196104411152,False,range=0.48% вне 2.00%–35.00% | std=0.140% < 0.600% | half-life=1.0 bars
CFG|mexc:spot:CFG/USDT|gate:swap:CFG/USDT:USDT,CFG,mexc,spot,CFG/USDT,gate,swap,CFG/USDT:USDT,True,,500,-0.031013083659010125,0.9844649908382932,2.4013708190045712e-30,0.1896105660940371,-0.3024548346996725,-6.260111051759054e-06,0.2926141231482049,0.5950999950513436,0.8577128489875231,211.0,121.536,110.0,63.36,25.0,14.4,-2.8249637052964296,-0.5342109583733046,False,range=0.60% вне 2.00%–35.00% | std=0.190% < 0.600% | half-life=0.9 bars
CFX|mexc:spot:CFX/USDT|gate:swap:CFX/USDT:USDT,CFX,mexc,spot,CFX/USDT,gate,swap,CFX/USDT:USDT,True,,500,0.044071393657981975,1.014901251373141,0.1587890122541673,0.0822291536001623,-0.1411080503284201,0.0014148273668856959,0.12865077587858043,0.2697757931688937,0.8979216643094539,203.0,116.928,104.0,59.903999999999996,25.0,14.4,-0.687608136073211,-0.05652545338068471,False,ADF=0.1588 > 0.05 | range=0.27% вне 2.00%–35.00% | std=0.082% < 0.600% | half-life=0.9 bars
CGPT|mexc:spot:CGPT/USDT|gate:swap:CGPT/USDT:USDT,CGPT,mexc,spot,CGPT/USDT,gate,swap,CGPT/USDT:USDT,True,,500,-0.013346471791339689,0.9963955264067029,9.516877352603095e-17,0.24233399909125794,-0.34427108232799597,-0.022915589838301553,0.4202516852172433,0.7642361529633289,1.3824331880528151,183.0,105.408,70.0,40.32,16.0,9.216,-0.15508906178500287,-0.03757629090054282,False,range=0.76% вне 2.00%–35.00% | std=0.242% < 0.600% | half-life=1.4 bars
CHEEMS|mexc:spot:CHEEMS/USDT|gate:swap:CHEEMS/USDT:USDT,CHEEMS,mexc,spot,CHEEMS/USDT,gate,swap,CHEEMS/USDT:USDT,True,,500,-5.226406565817394,0.6376887606388661,0.03238886390553019,0.6396456764698348,-1.111671146508697,0.02460772480645801,1.0692726964339982,2.181492792799844,1.4441587953841597,140.0,80.64,93.0,53.568,22.0,12.671999999999999,-0.01219467936510239,-0.007799969718202959,False,half-life=1.4 bars
CHILLGUY|mexc:spot:CHILLGUY/USDT|gate:swap:CHILLGUY/USDT:USDT,CHILLGUY,mexc,spot,CHILLGUY/USDT,gate,swap,CHILLGUY/USDT:USDT,True,,500,-0.058458198133287655,0.9868603745447927,8.888166668340027e-25,0.1322798161742604,-0.21658047303465544,0.008342758460999633,0.2144163752619388,0.4310021791441309,0.8370738107691409,220.0,126.72,113.0,65.088,21.0,12.096,0.9199929377780566,0.12177057692543958,False,range=0.43% вне 2.00%–35.00% | std=0.132% < 0.600% | half-life=0.8 bars
CHIP|mexc:spot:CHIP/USDT|gate:swap:CHIP/USDT:USDT,CHIP,mexc,spot,CHIP/USDT,gate,swap,CHIP/USDT:USDT,True,,500,-0.014652963928064469,0.9954609579378283,2.650905290839705e-14,0.14182513596890217,-0.23384128431258588,0.00021226437958432598,0.23456707935973764,0.46840752026122406,0.7393474311401881,234.0,134.784,112.0,64.512,30.0,17.28,-0.4495620732266733,-0.0637388803018557,False,range=0.47% вне 2.00%–35.00% | std=0.142% < 0.600% | half-life=0.7 bars
CHR|mexc:spot:CHR/USDT|gate:swap:CHR/USDT:USDT,CHR,mexc,spot,CHR/USDT,gate,swap,CHR/USDT:USDT,True,,500,-0.0469957725180248,0.9873357383705557,2.084600159241365e-11,0.2866071394348618,-0.49611337509359865,0.004067049797829014,0.4632480179832976,0.9595264295875116,1.519017013120504,179.0,103.104,70.0,40.32,22.0,12.671999999999999,-0.04041621175571453,-0.011582903968043734,False,range=0.96% вне 2.00%–35.00% | std=0.287% < 0.600% | half-life=1.5 bars
CHZ|mexc:spot:CHZ/USDT|gate:swap:CHZ/USDT:USDT,CHZ,mexc,spot,CHZ/USDT,gate,swap,CHZ/USDT:USDT,True,,500,-0.07476909731910805,0.981654763429582,7.504180856374464e-24,0.13637107495562276,-0.2169863959838758,-0.005058988480322046,0.21163294979189562,0.4286314752871334,0.8725713131028265,224.0,129.024,108.0,62.208,19.0,10.943999999999999,0.2457360641960076,0.033516906890351805,False,range=0.43% вне 2.00%–35.00% | std=0.136% < 0.600% | half-life=0.9 bars
CKB|mexc:spot:CKB/USDT|gate:swap:CKB/USDT:USDT,CKB,mexc,spot,CKB/USDT,gate,swap,CKB/USDT:USDT,True,,500,0.036173007504345024,1.0052246409870682,1.091848413127427e-19,0.22831361218943919,-0.3832669518363141,0.010334938819878126,0.34403551572457225,0.7274483690686528,1.1924948764701242,165.0,95.03999999999999,75.0,43.199999999999996,19.0,10.943999999999999,-0.7693381138875737,-0.17549618880792206,False,range=0.73% вне 2.00%–35.00% | std=0.228% < 0.600% | half-life=1.2 bars
CLANKER|mexc:spot:CLANKER/USDT|gate:swap:CLANKER/USDT:USDT,CLANKER,mexc,spot,CLANKER/USDT,gate,swap,CLANKER/USDT:USDT,True,,500,0.1386376391143609,0.9467466178375,1.2605983693177775e-14,0.27756795936463147,-0.41061516428381184,-0.008547842827733021,0.4777173566413495,0.8880404115668695,1.7035020316520177,155.0,89.28,63.0,36.288,13.0,7.4879999999999995,-0.26451728852512935,-0.07339457698694041,False,range=0.89% вне 2.00%–35.00% | std=0.278% < 0.600% | half-life=1.7 bars
CLO|mexc:spot:CLO/USDT|gate:swap:CLO/USDT:USDT,CLO,mexc,spot,CLO/USDT,gate,swap,CLO/USDT:USDT,True,,500,-0.010247731687869925,0.9969576134080127,5.679255243761996e-06,0.14230804053302565,-0.24311318976113494,0.0017883092708004256,0.23190784636482054,0.47504854485706133,1.1664131660359323,178.0,102.52799999999999,102.0,58.751999999999995,21.0,12.096,0.4633050166253982,0.06595376902471806,False,range=0.48% вне 2.00%–35.00% | std=0.142% < 0.600% | half-life=1.2 bars
CNPY|mexc:spot:CNPY/USDT|gate:swap:CNPY/USDT:USDT,CNPY,mexc,spot,CNPY/USDT,gate,swap,CNPY/USDT:USDT,True,,500,-0.0305803163984902,0.9732976541145031,7.428208809947825e-12,0.2309515703711533,-0.3723149567119832,-0.010275896484790437,0.3609729067134637,0.7333327371159979,1.5508872910308371,155.0,89.28,93.0,53.568,12.0,6.912,1.7058062442929571,0.3947356679489422,False,range=0.73% вне 2.00%–35.00% | std=0.231% < 0.600% | half-life=1.6 bars
COAI|mexc:spot:COAI/USDT|gate:swap:COAI/USDT:USDT,COAI,mexc,spot,COAI/USDT,gate,swap,COAI/USDT:USDT,True,,500,-0.018707089658026938,0.9808126233358395,1.3394433728553663e-20,0.20524008657355985,-0.31574960147215947,-0.005149700778495081,0.30790022273070594,0.623676323080052,1.054268801000879,204.0,117.50399999999999,92.0,52.992,18.0,10.368,-0.8635598535767931,-0.17708012691435293,False,range=0.62% вне 2.00%–35.00% | std=0.205% < 0.600% | half-life=1.1 bars
COLLECT|mexc:spot:COLLECT/USDT|gate:swap:COLLECT/USDT:USDT,COLLECT,mexc,spot,COLLECT/USDT,gate,swap,COLLECT/USDT:USDT,True,,500,-0.36396503404852687,0.9099134264731761,3.780992627166128e-15,0.33968702326003997,-0.5447939895529053,0.0199509956106958,0.5637027357748403,1.108403281492183,1.0931837181100492,178.0,102.52799999999999,102.0,58.751999999999995,20.0,11.52,0.1999707272602852,0.06795053700687781,False,range=1.11% вне 2.00%–35.00% | std=0.340% < 0.600% | half-life=1.1 bars
COMP|mexc:spot:COMP/USDT|gate:swap:COMP/USDT:USDT,COMP,mexc,spot,COMP/USDT,gate,swap,COMP/USDT:USDT,True,,500,0.01827507627612478,0.9946967831049007,4.4707415380326295e-23,0.1258217845302123,-0.1915522399706382,-0.005983332140102604,0.20172774577817965,0.39326048447903517,0.9142769780288726,219.0,126.14399999999999,105.0,60.48,22.0,12.671999999999999,0.2527410734829624,0.03180538973150959,False,range=0.39% вне 2.00%–35.00% | std=0.126% < 0.600% | half-life=0.9 bars
COOKIE|mexc:spot:COOKIE/USDT|gate:swap:COOKIE/USDT:USDT,COOKIE,mexc,spot,COOKIE/USDT,gate,swap,COOKIE/USDT:USDT,True,,500,-0.005474966243375557,0.9984051512881992,9.318723503211473e-08,0.15802996390995416,-0.23243400385116741,0.008506355312021263,0.24070105769686823,0.4731163877055652,0.8398243061152606,207.0,119.232,102.0,58.751999999999995,15.0,8.64,-0.8733033382853466,-0.13791290765410302,False,range=0.47% вне 2.00%–35.00% | std=0.158% < 0.600% | half-life=0.8 bars
COOL|mexc:spot:COOL/USDT|gate:swap:COOL/USDT:USDT,COOL,mexc,spot,COOL/USDT,gate,swap,COOL/USDT:USDT,True,,500,0.1166909965709234,1.0169879779293787,8.931511373439338e-16,1.1071840529576749,-2.223949271423198,0.12406797517912072,1.6063987606982577,3.8426846112513275,2.3541360016515953,103.0,59.327999999999996,58.0,33.408,10.0,5.76,0.3393600721155405,0.3764408253851492,True,
COP|mexc:spot:COP/USDT|gate:swap:COP/USDT:USDT,COP,mexc,spot,COP/USDT,gate,swap,COP/USDT:USDT,True,,500,-7.740364674678619,-0.07390567838851131,0.02250356548084933,0.11843658523197327,-0.18580271466404064,0.011653659787635995,0.183892579649636,0.36969924626628625,1.1131297340441706,157.0,90.432,87.0,50.112,15.0,8.64,-1.013672939690425,-0.11998392318015583,False,range=0.37% вне 2.00%–35.00% | std=0.118% < 0.600% | half-life=1.1 bars
CORE|mexc:spot:CORE/USDT|gate:swap:CORE/USDT:USDT,CORE,mexc,spot,CORE/USDT,gate,swap,CORE/USDT:USDT,True,,500,-0.02516656139234074,0.9932286876760873,3.1299450363301273e-16,0.19671568539532253,-0.31823952881067097,0.0030484698993138437,0.30385510564689966,0.6221413867468972,0.8723206988707239,218.0,125.568,115.0,66.24,21.0,12.096,-1.531768547102144,-0.30086937779726375,False,range=0.62% вне 2.00%–35.00% | std=0.197% < 0.600% | half-life=0.9 bars
COTI|mexc:spot:COTI/USDT|gate:swap:COTI/USDT:USDT,COTI,mexc,spot,COTI/USDT,gate,swap,COTI/USDT:USDT,True,,500,0.08332630011406586,1.0190410188566643,8.261457094999094e-08,0.1373367066690867,-0.2261448926143106,-0.005394316518858577,0.236182498326154,0.46230501219092823,0.8730662685861572,223.0,128.448,97.0,55.872,23.0,13.248,-0.5245728127555755,-0.0720171577000106,False,range=0.46% вне 2.00%–35.00% | std=0.137% < 0.600% | half-life=0.9 bars
COW|mexc:spot:COW/USDT|gate:swap:COW/USDT:USDT,COW,mexc,spot,COW/USDT,gate,swap,COW/USDT:USDT,True,,500,-0.060779532707581796,0.9662966770936361,4.209637100661552e-15,0.19388191597767548,-0.30890925941597924,0.012397735411417976,0.3086599041159932,0.6175718963200281,1.2346281616700223,210.0,120.96,75.0,43.199999999999996,22.0,12.671999999999999,0.4633164729970781,0.08986904353580627,False,range=0.62% вне 2.00%–35.00% | std=0.194% < 0.600% | half-life=1.2 bars
CP|mexc:spot:CP/USDT|gate:swap:CP/USDT:USDT,CP,mexc,spot,CP/USDT,gate,swap,CP/USDT:USDT,True,,500,-0.3742486576108594,0.9151533529182733,1.7520257643851434e-13,0.17911773697428088,-0.2951472987722248,0.004550665504399198,0.2790987429406311,0.5742937029177497,1.0487859554432275,176.0,101.37599999999999,92.0,52.992,19.0,10.943999999999999,-0.39683471049135544,-0.07105487935215038,False,range=0.57% вне 2.00%–35.00% | std=0.179% < 0.600% | half-life=1.0 bars
CRO|mexc:spot:CRO/USDT|gate:swap:CRO/USDT:USDT,CRO,mexc,spot,CRO/USDT,gate,swap,CRO/USDT:USDT,True,,500,-0.10082908881797659,0.9619374864255443,0.0,0.12421990917995114,-0.20141587376251158,0.002178053091528298,0.17955245539218456,0.38101044098109077,0.7460724923459722,227.0,130.752,128.0,73.728,21.0,12.096,-0.1499680960962915,-0.018627288182204715,False,range=0.38% вне 2.00%–35.00% | std=0.124% < 0.600% | half-life=0.7 bars
CROSS|mexc:spot:CROSS/USDT|gate:swap:CROSS/USDT:USDT,CROSS,mexc,spot,CROSS/USDT,gate,swap,CROSS/USDT:USDT,True,,500,-0.07691184603884917,0.96091333602448,5.719723530431938e-19,0.27655927868603114,-0.4165560691330561,0.0008964199286642938,0.4678985447167161,0.8842333829158718,1.2855101205414867,153.0,88.128,79.0,45.504,21.0,12.096,-0.07475067276586049,-0.02067085542571956,False,range=0.88% вне 2.00%–35.00% | std=0.277% < 0.600% | half-life=1.3 bars
CRV|mexc:spot:CRV/USDT|gate:swap:CRV/USDT:USDT,CRV,mexc,spot,CRV/USDT,gate,swap,CRV/USDT:USDT,True,,500,-0.0028948427990102225,0.9963189710726724,0.05408769603399615,0.09158015300185218,-0.14675310967194877,0.001305974498855278,0.14565589872364004,0.2924108209287002,1.0023616732600997,203.0,116.928,107.0,61.632,18.0,10.368,-0.997469735640842,-0.09130672102689585,False,ADF=0.0541 > 0.05 | range=0.29% вне 2.00%–35.00% | std=0.092% < 0.600% | half-life=1.0 bars
CT|mexc:spot:CT/USDT|gate:swap:CT/USDT:USDT,CT,mexc,spot,CT/USDT,gate,swap,CT/USDT:USDT,False,Недостаточно общих свечей: 322 < 400,322,,,,,,,,,,,,,,,,,,,
CTK|mexc:spot:CTK/USDT|gate:swap:CTK/USDT:USDT,CTK,mexc,spot,CTK/USDT,gate,swap,CTK/USDT:USDT,True,,500,-0.7575679860937359,0.6335537952959118,0.0027504739110078198,0.654683879222403,-1.370249490371378,0.04676310029245734,0.9966650643112862,2.37145517268448,12.028435264449104,52.0,29.951999999999998,24.0,13.824,5.0,2.88,0.8461665898139723,0.5555088856477264,True,
CTR|mexc:spot:CTR/USDT|gate:swap:CTR/USDT:USDT,CTR,mexc,spot,CTR/USDT,gate,swap,CTR/USDT:USDT,True,,500,0.05172459684492166,1.013058310606925,3.254720702664467e-06,0.38475651176555226,-0.5312196619293386,-0.027530996249480744,0.7042237437173915,1.2343913191915898,2.6158146211823783,134.0,77.184,45.0,25.919999999999998,9.0,5.184,-0.1883961100831807,-0.0724603649347011,False,range=1.23% вне 2.00%–35.00% | std=0.385% < 0.600%
CVX|mexc:spot:CVX/USDT|gate:swap:CVX/USDT:USDT,CVX,mexc,spot,CVX/USDT,gate,swap,CVX/USDT:USDT,True,,500,0.0008490972844369486,0.9993388414619003,9.879192682123105e-24,0.17805704328873748,-0.2682508208972423,0.012038028546323964,0.2674405960280346,0.53569486814807,0.909099516583034,187.0,107.712,106.0,61.056,13.0,7.4879999999999995,-1.1260411987933887,-0.20029870036529784,False,range=0.54% вне 2.00%–35.00% | std=0.178% < 0.600% | half-life=0.9 bars
CYBER|mexc:spot:CYBER/USDT|gate:swap:CYBER/USDT:USDT,CYBER,mexc,spot,CYBER/USDT,gate,swap,CYBER/USDT:USDT,True,,500,-0.018072636225318635,0.9839998470212274,1.3280232668279015e-11,0.1759251290544822,-0.2580522325933088,-0.018349035307863026,0.30784689670597665,0.5657597796685722,0.9645255049361477,211.0,121.536,89.0,51.263999999999996,20.0,11.52,-0.9198524617827089,-0.1616942967342938,False,range=0.57% вне 2.00%–35.00% | std=0.176% < 0.600% | half-life=1.0 bars
CYS|mexc:spot:CYS/USDT|gate:swap:CYS/USDT:USDT,CYS,mexc,spot,CYS/USDT,gate,swap,CYS/USDT:USDT,True,,500,0.0014764339226192474,1.001699163604617,1.8076909153480417e-07,0.16326380611118418,-0.2671083414150788,-0.023330431569779098,0.26813275147004045,0.5352396291656346,0.9897784979677476,201.0,115.776,103.0,59.327999999999996,22.0,12.671999999999999,-0.5040080898311768,-0.0822524331822172,False,range=0.54% вне 2.00%–35.00% | std=0.163% < 0.600% | half-life=1.0 bars
DASH|mexc:spot:DASH/USDT|gate:swap:DASH/USDT:USDT,DASH,mexc,spot,DASH/USDT,gate,swap,DASH/USDT:USDT,True,,500,0.011654501881846005,0.997156385282606,0.0,0.06781733373998393,-0.10961204152440951,0.0005716962452995134,0.10155004605041373,0.21117067832977246,0.7303768385876214,243.0,139.968,107.0,61.632,29.0,16.704,-1.5001979156832657,-0.1016876857202087,False,range=0.21% вне 2.00%–35.00% | std=0.068% < 0.600% | half-life=0.7 bars
DATA|mexc:spot:DATA/USDT|gate:swap:DATA/USDT:USDT,DATA,mexc,spot,DATA/USDT,gate,swap,DATA/USDT:USDT,True,,500,0.045640651176903545,1.0300617571255979,2.0619083908862382e-05,0.18524962845410245,-0.29359221954333714,-0.0021067443369271466,0.2798489772992241,0.573482175983836,1.1269201706135368,169.0,97.344,95.0,54.72,20.0,11.52,-1.2088999013915265,-0.22369768054981698,False,range=0.57% вне 2.00%–35.00% | std=0.185% < 0.600% | half-life=1.1 bars
DEEP|mexc:spot:DEEP/USDT|gate:swap:DEEP/USDT:USDT,DEEP,mexc,spot,DEEP/USDT,gate,swap,DEEP/USDT:USDT,True,,500,-0.03930849660360354,0.9890356757538994,0.0,0.1398257873042634,-0.2332968447945727,0.009642247090013711,0.2094189637446009,0.4427693937810503,0.7384635106117349,233.0,134.208,102.0,58.751999999999995,26.0,14.975999999999999,1.6942568419254493,0.23718162847572444,False,range=0.44% вне 2.00%–35.00% | std=0.140% < 0.600% | half-life=0.7 bars
DELTA|mexc:spot:DELTA/USDT|gate:swap:DELTA/USDT:USDT,DELTA,mexc,spot,DELTA/USDT,gate,swap,DELTA/USDT:USDT,True,,500,-0.17015275867906163,0.9589593093313443,1.3686211224327223e-17,1.3668164853786884,-2.004946729565482,-0.02474561187207902,1.9660555171185257,3.972296828557706,2.0558813724583094,108.0,62.208,62.0,35.711999999999996,10.0,5.76,0.01636881236658194,0.022375665567131442,True,
DEXE|mexc:spot:DEXE/USDT|gate:swap:DEXE/USDT:USDT,DEXE,mexc,spot,DEXE/USDT,gate,swap,DEXE/USDT:USDT,True,,500,0.0019554033728722818,0.9979694848409592,6.547513343964692e-09,0.08993789319298479,-0.12475578169883761,-0.013862644966022852,0.14545569834965022,0.27018368052702524,0.776744217334746,216.0,124.416,113.0,65.088,22.0,12.671999999999999,-3.6392256761449477,-0.32676923358805343,False,range=0.27% вне 2.00%–35.00% | std=0.090% < 0.600% | half-life=0.8 bars
DGAI|mexc:spot:DGAI/USDT|gate:swap:DGAI/USDT:USDT,DGAI,mexc,spot,DGAI/USDT,gate,swap,DGAI/USDT:USDT,True,,500,-0.0008393563966411584,0.9883471774508967,1.541222742593621e-06,0.09451885531344985,-0.1602294433626139,-0.003934066150546034,0.15915826306542868,0.31938968855328026,1.0245341132405084,174.0,100.224,93.0,53.568,22.0,12.671999999999999,0.8615057001975794,0.08146169465883535,False,range=0.32% вне 2.00%–35.00% | std=0.095% < 0.600% | half-life=1.0 bars
DOGE|mexc:spot:DOGE/USDT|gate:swap:DOGE/USDT:USDT,DOGE,mexc,spot,DOGE/USDT,gate,swap,DOGE/USDT:USDT,True,,500,-0.00846882501812946,0.9961751941005629,4.4523691158714214e-14,0.02027497895121764,-0.0329455558315761,-0.0013685266894714054,0.030183688609741743,0.06313011832297377,0.841721973510512,220.0,126.72,101.0,58.175999999999995,17.0,9.792,0.8483600176987823,0.017201960869406285,False,range=0.06% вне 2.00%–35.00% | std=0.020% < 0.600% | half-life=0.8 bars
DOGS|mexc:spot:DOGS/USDT|gate:swap:DOGS/USDT:USDT,DOGS,mexc,spot,DOGS/USDT,gate,swap,DOGS/USDT:USDT,True,,500,0.0044554077615388075,1.0005204941206594,9.297148668113072e-13,0.07190910329566293,-0.11505790961476858,-0.0005475076261474143,0.11396034457424875,0.22901961110863844,0.8145852700945815,205.0,118.08,126.0,72.576,16.0,9.216,0.13510743121944405,0.009715926192965796,False,range=0.23% вне 2.00%–35.00% | std=0.072% < 0.600% | half-life=0.8 bars
DOLO|mexc:spot:DOLO/USDT|gate:swap:DOLO/USDT:USDT,DOLO,mexc,spot,DOLO/USDT,gate,swap,DOLO/USDT:USDT,True,,500,-0.056223753789307426,0.983962292520573,2.555846742996982e-14,0.14497850504670046,-0.227660134035379,-0.002265871379913964,0.2511196653257386,0.47872456047019835,1.2747858219718242,168.0,96.768,88.0,50.687999999999995,20.0,11.52,0.7949210007697528,0.11531289257133981,False,range=0.48% вне 2.00%–35.00% | std=0.145% < 0.600% | half-life=1.3 bars
DOOD|mexc:spot:DOOD/USDT|gate:swap:DOOD/USDT:USDT,DOOD,mexc,spot,DOOD/USDT,gate,swap,DOOD/USDT:USDT,True,,500,-0.5280315218600153,0.9165464778659533,1.0097274366206695e-13,0.3895854233492346,-0.642559258282771,0.011994660701963866,0.67440366048237,1.316772288477188,2.718291395787107,109.0,62.784,53.0,30.528,11.0,6.335999999999999,-1.5254706318209195,-0.5925386459869175,False,range=1.32% вне 2.00%–35.00% | std=0.390% < 0.600%
DOS|mexc:spot:DOS/USDT|gate:swap:DOS/USDT:USDT,DOS,mexc,spot,DOS/USDT,gate,swap,DOS/USDT:USDT,True,,500,-0.11237295668391034,0.928310459917434,1.5254287643723959e-13,0.2116451534318994,-0.39457354018379576,-0.0030987531754123054,0.3580170189618759,0.7527316989171321,1.9564767953241358,147.0,84.672,49.0,28.224,17.0,9.792,-0.7766925838363626,-0.16424818586052714,False,range=0.75% вне 2.00%–35.00% | std=0.212% < 0.600% | half-life=2.0 bars
DOT|mexc:spot:DOT/USDT|gate:swap:DOT/USDT:USDT,DOT,mexc,spot,DOT/USDT,gate,swap,DOT/USDT:USDT,True,,500,0.004880135247514021,0.9777869907502355,7.767270144321572e-22,0.06996851127962142,-0.11471625317677203,-0.0010931069620134792,0.10318923007113234,0.21791812921748752,0.9455556442427916,206.0,118.65599999999999,116.0,66.816,16.0,9.216,0.860311525639054,0.06021283734096716,False,range=0.22% вне 2.00%–35.00% | std=0.070% < 0.600% | half-life=0.9 bars
DRIFT|mexc:spot:DRIFT/USDT|gate:swap:DRIFT/USDT:USDT,DRIFT,mexc,spot,DRIFT/USDT,gate,swap,DRIFT/USDT:USDT,True,,500,-0.07626244143198514,0.9803708359804815,3.223495986711902e-30,0.24657091754100363,-0.3491866306395419,0.01032457198943959,0.3767381549134363,0.7258279841822501,0.890078233337739,211.0,121.536,102.0,58.751999999999995,14.0,8.064,-0.4745266726210481,-0.1169360535162478,False,range=0.73% вне 2.00%–35.00% | std=0.247% < 0.600% | half-life=0.9 bars
DUSK|mexc:spot:DUSK/USDT|gate:swap:DUSK/USDT:USDT,DUSK,mexc,spot,DUSK/USDT,gate,swap,DUSK/USDT:USDT,True,,500,-0.1459692741891388,0.9396421345327179,4.530758701638695e-12,0.5592901214658099,-0.8194083967108634,-0.030836732611305706,0.9220873189234924,1.7406460476822216,2.1731724274651008,127.0,73.152,63.0,36.288,11.0,6.335999999999999,-0.503271653562888,-0.28107909517275376,False,range=1.74% вне 2.00%–35.00% | std=0.559% < 0.600%
DYDX|mexc:spot:DYDX/USDT|gate:swap:DYDX/USDT:USDT,DYDX,mexc,spot,DYDX/USDT,gate,swap,DYDX/USDT:USDT,True,,500,-0.028352906817551756,0.984672183508859,9.006786663660304e-12,0.12844453117145577,-0.2014994850742191,-0.0018350808590361645,0.20536592459090564,0.40685810545255197,0.8175581468826956,217.0,124.99199999999999,105.0,60.48,21.0,12.096,0.1767445657910594,0.022704449960375683,False,range=0.41% вне 2.00%–35.00% | std=0.128% < 0.600% | half-life=0.8 bars
DYM|mexc:spot:DYM/USDT|gate:swap:DYM/USDT:USDT,DYM,mexc,spot,DYM/USDT,gate,swap,DYM/USDT:USDT,True,,500,-0.12737577538964007,0.9674244938390537,0.00011942577200436135,0.2085559543281427,-0.29140754396246304,-0.020494619196465003,0.3789840786627918,0.670100705712115,0.9565540102927252,205.0,118.08,96.0,55.296,15.0,8.64,-0.5326394985252731,-0.1110234622274664,False,range=0.67% вне 2.00%–35.00% | std=0.209% < 0.600% | half-life=1.0 bars
EACC|mexc:spot:EACC/USDT|gate:swap:EACC/USDT:USDT,EACC,mexc,spot,EACC/USDT,gate,swap,EACC/USDT:USDT,True,,500,-0.2216034461015222,0.9343407047744422,0.0010865518057829857,4.095941788305446,-4.82210808086303,-1.2041143866454607,8.111863281653143,12.741877512171149,5.941920473115699,68.0,39.168,40.0,23.04,9.0,5.184,-0.600721267841158,-2.430495319922976,True,
EDEN|mexc:spot:EDEN/USDT|gate:swap:EDEN/USDT:USDT,EDEN,mexc,spot,EDEN/USDT,gate,swap,EDEN/USDT:USDT,True,,500,-0.012940241388814451,0.9956116404678055,1.7378534402190946e-12,0.21539624264911042,-0.34723342102020993,-0.008012771489251946,0.3048120015797462,0.6521860671030731,1.1821999980328268,198.0,114.048,75.0,43.199999999999996,15.0,8.64,0.13772175301864428,0.02966914855286884,False,range=0.65% вне 2.00%–35.00% | std=0.215% < 0.600% | half-life=1.2 bars
EDGE|mexc:spot:EDGE/USDT|gate:swap:EDGE/USDT:USDT,EDGE,mexc,spot,EDGE/USDT,gate,swap,EDGE/USDT:USDT,True,,500,0.6358467203533568,0.5906240288952811,0.007636882451774534,1.0514835233969682,-1.5901498680223058,-0.0015376076118456261,1.8597284959942506,3.445575397495726,14.221765694286551,37.0,21.312,25.0,14.4,5.0,2.88,0.2569101128283921,0.2705019487238003,True,
EDU|mexc:spot:EDU/USDT|gate:swap:EDU/USDT:USDT,EDU,mexc,spot,EDU/USDT,gate,swap,EDU/USDT:USDT,True,,500,0.08027369428794827,1.0266942440698823,1.7042090600924073e-14,0.1649180242204951,-0.25155697610145245,-0.011209751640961496,0.2783437015420276,0.5298309550793157,1.2981573379057647,161.0,92.736,100.0,57.6,16.0,9.216,-0.6192591774950315,-0.10207486816071754,False,range=0.53% вне 2.00%–35.00% | std=0.165% < 0.600% | half-life=1.3 bars
EGLD|mexc:spot:EGLD/USDT|gate:swap:EGLD/USDT:USDT,EGLD,mexc,spot,EGLD/USDT,gate,swap,EGLD/USDT:USDT,True,,500,-0.0636343729285268,1.0194012898599918,0.025119490317392267,0.4478942764291554,-0.5387516056515218,-0.12893116143826155,0.924972091529952,1.4609285281530964,3.5561234886013344,82.0,47.232,53.0,30.528,10.0,5.76,-1.4559065161427671,-0.6499706883378087,False,range=1.46% вне 2.00%–35.00% | std=0.448% < 0.600%
EIGEN|mexc:spot:EIGEN/USDT|gate:swap:EIGEN/USDT:USDT,EIGEN,mexc,spot,EIGEN/USDT,gate,swap,EIGEN/USDT:USDT,True,,500,-0.016573948355307355,0.9875105758233715,2.3724720052739373e-20,0.11388022679593339,-0.16883104353817568,0.001276269630290372,0.17835407255557545,0.3471689343022199,0.7314975615057083,224.0,129.024,105.0,60.48,27.0,15.552,-0.2789406889179682,-0.03176078411135652,False,range=0.35% вне 2.00%–35.00% | std=0.114% < 0.600% | half-life=0.7 bars
ELSA|mexc:spot:ELSA/USDT|gate:swap:ELSA/USDT:USDT,ELSA,mexc,spot,ELSA/USDT,gate,swap,ELSA/USDT:USDT,True,,500,-0.03877477812832418,0.9880437665561627,5.383574308609123e-13,0.1586729587076414,-0.24793889850753814,-0.005417185982414807,0.27015330488564526,0.5180358227329074,1.3013109449164373,167.0,96.192,74.0,42.624,18.0,10.368,0.6302993432146299,0.10006148979808671,False,range=0.52% вне 2.00%–35.00% | std=0.159% < 0.600% | half-life=1.3 bars
EMBER|mexc:spot:EMBER/USDT|gate:swap:EMBER/USDT:USDT,EMBER,mexc,spot,EMBER/USDT,gate,swap,EMBER/USDT:USDT,True,,500,-0.13679252880070833,0.9737046946735253,2.0396292840482163e-27,0.83395491579189,-1.3547110552240227,0.05382980743244836,1.4087863235083375,2.762926145617829,1.135397677825928,183.0,105.408,78.0,44.928,18.0,10.368,-0.03307499216131298,-0.027579248528619704,False,half-life=1.1 bars
ENA|mexc:spot:ENA/USDT|gate:swap:ENA/USDT:USDT,ENA,mexc,spot,ENA/USDT,gate,swap,ENA/USDT:USDT,True,,500,-0.0021252234814553347,0.9978111427036089,7.160030866575594e-07,0.04390517706120025,-0.07559499259826019,0.0017602866720478616,0.06745905297140808,0.14305988960081617,1.0865050794426097,196.0,112.896,99.0,57.024,19.0,10.943999999999999,-1.261441465660825,-0.05536847690063018,False,range=0.14% вне 2.00%–35.00% | std=0.044% < 0.600% | half-life=1.1 bars
ENJ|mexc:spot:ENJ/USDT|gate:swap:ENJ/USDT:USDT,ENJ,mexc,spot,ENJ/USDT,gate,swap,ENJ/USDT:USDT,True,,500,-0.035403942512339116,0.9894527146317601,9.344824583960783e-25,0.23920438421062795,-0.36896701254287567,-0.0016589821359769275,0.4013700993689806,0.7702161332511637,1.3171687583252472,182.0,104.832,75.0,43.199999999999996,19.0,10.943999999999999,2.428495018912266,0.5825971901609162,False,range=0.77% вне 2.00%–35.00% | std=0.239% < 0.600% | half-life=1.3 bars
ENS|mexc:spot:ENS/USDT|gate:swap:ENS/USDT:USDT,ENS,mexc,spot,ENS/USDT,gate,swap,ENS/USDT:USDT,True,,500,0.09171907921097315,0.9532422332637679,6.669970735415912e-08,0.1270662561401825,-0.1879186906914243,-0.010513287282354344,0.19546359440227867,0.3833682922607839,0.8457506836163058,231.0,133.05599999999998,104.0,59.903999999999996,24.0,13.824,-0.5206896417598573,-0.06614020110923269,False,range=0.38% вне 2.00%–35.00% | std=0.127% < 0.600% | half-life=0.8 bars
ENSO|mexc:spot:ENSO/USDT|gate:swap:ENSO/USDT:USDT,ENSO,mexc,spot,ENSO/USDT,gate,swap,ENSO/USDT:USDT,True,,500,-0.00026274498988603293,0.9435965687866776,8.044567703581773e-19,0.27613912337267177,-0.3628179753713545,-0.025835008830443762,0.4965608016549439,0.8588097607834815,1.8858602291529623,168.0,96.768,55.0,31.68,11.0,6.335999999999999,-1.1762799942679867,-0.3242899669849919,False,range=0.86% вне 2.00%–35.00% | std=0.276% < 0.600% | half-life=1.9 bars
EPIC|mexc:spot:EPIC/USDT|gate:swap:EPIC/USDT:USDT,EPIC,mexc,spot,EPIC/USDT,gate,swap,EPIC/USDT:USDT,True,,500,-0.004804360835733608,0.9939459093572206,8.748698413544036e-06,0.09672001573635132,-0.14788962519468596,-0.0034319263033877334,0.16117667154806892,0.3090460111889065,0.7256472463236577,230.0,132.48,105.0,60.48,25.0,14.4,-1.9665361412327147,-0.19002263447651657,False,range=0.31% вне 2.00%–35.00% | std=0.097% < 0.600% | half-life=0.7 bars
ERA|mexc:spot:ERA/USDT|gate:swap:ERA/USDT:USDT,ERA,mexc,spot,ERA/USDT,gate,swap,ERA/USDT:USDT,True,,500,-0.04544872604293511,0.9832738002501943,8.463978836560983e-08,0.09139036958705615,-0.1468895050867891,-0.0038937690139517755,0.15532992466380513,0.3022069059968246,1.0170595550849733,188.0,108.288,109.0,62.784,21.0,12.096,-0.5881908899793479,-0.05374053742047691,False,range=0.30% вне 2.00%–35.00% | std=0.091% < 0.600% | half-life=1.0 bars
ESP|mexc:spot:ESP/USDT|gate:swap:ESP/USDT:USDT,ESP,mexc,spot,ESP/USDT,gate,swap,ESP/USDT:USDT,True,,500,0.022472883521248346,1.0098920738875596,3.5960260461688645e-08,0.09091835829806051,-0.13526740895501987,-0.0040811073091395755,0.1394721561769785,0.27473396200598627,0.8780242151488833,173.0,99.648,82.0,47.232,28.0,16.128,-0.6406653347652316,-0.05823127946106288,False,range=0.27% вне 2.00%–35.00% | std=0.091% < 0.600% | half-life=0.9 bars
ESPORTS|mexc:spot:ESPORTS/USDT|gate:swap:ESPORTS/USDT:USDT,ESPORTS,mexc,spot,ESPORTS/USDT,gate,swap,ESPORTS/USDT:USDT,True,,500,-3.884923738356383,-0.01522114870014641,0.35836147065429336,0.4987343447395801,-0.597418747150813,-0.21348512725106739,0.7212086179474886,1.317830778126636,8.622688408120474,20.0,11.52,79.0,45.504,1.0,0.576,-0.9592270835826472,-0.4772569832654616,False,ADF=0.3584 > 0.05 | range=1.32% вне 2.00%–35.00% | std=0.499% < 0.600%
ETC|mexc:spot:ETC/USDT|gate:swap:ETC/USDT:USDT,ETC,mexc,spot,ETC/USDT,gate,swap,ETC/USDT:USDT,True,,500,0.016445475795752056,0.9928254580721322,2.370177011112484e-15,0.08969397370949929,-0.13950689078806588,-0.000844686204370948,0.14511271458252928,0.28461182007946334,0.7258140959374673,242.0,139.392,142.0,81.792,19.0,10.943999999999999,-1.0177953844436205,-0.0912484557080484,False,range=0.28% вне 2.00%–35.00% | std=0.090% < 0.600% | half-life=0.7 bars
ETH|mexc:spot:ETH/USDT|gate:swap:ETH/USDT:USDT,ETH,mexc,spot,ETH/USDT,gate,swap,ETH/USDT:USDT,True,,500,0.04780171569524864,0.9940110179172439,2.7619341126771552e-06,0.011793247365672763,-0.019291461519865827,-3.249834765739479e-05,0.018985568665352837,0.03827708919599269,0.8714375004468272,208.0,119.80799999999999,111.0,63.936,27.0,15.552,-0.8858328090538024,-0.010446299778510415,False,range=0.04% вне 2.00%–35.00% | std=0.012% < 0.600% | half-life=0.9 bars
ETHFI|mexc:spot:ETHFI/USDT|gate:swap:ETHFI/USDT:USDT,ETHFI,mexc,spot,ETHFI/USDT,gate,swap,ETHFI/USDT:USDT,True,,500,0.000925043668908358,1.0017891637749754,1.4555171685898403e-11,0.041476744830238166,-0.06938917061611871,0.0030953305220293714,0.07051960634183452,0.13990800899463524,0.8387611549234736,213.0,122.688,117.0,67.392,21.0,12.096,-0.24146407991719065,-0.010014642529576623,False,range=0.14% вне 2.00%–35.00% | std=0.041% < 0.600% | half-life=0.8 bars
ETHW|mexc:spot:ETHW/USDT|gate:swap:ETHW/USDT:USDT,ETHW,mexc,spot,ETHW/USDT,gate,swap,ETHW/USDT:USDT,True,,500,0.006897552617945869,1.0049825197794962,2.133088988164771e-18,0.1897882694294798,-0.34538953324536603,0.0022573248286361647,0.3103881524516572,0.655894822769782,1.2150656903832502,174.0,100.224,90.0,51.839999999999996,25.0,14.4,0.09437963335614374,0.017913751604958783,False,range=0.66% вне 2.00%–35.00% | std=0.190% < 0.600% | half-life=1.2 bars
EUL|mexc:spot:EUL/USDT|gate:swap:EUL/USDT:USDT,EUL,mexc,spot,EUL/USDT,gate,swap,EUL/USDT:USDT,True,,500,-0.0064214333948596995,1.0155223859856302,5.046168165291763e-05,0.19405145238984653,-0.20316531847053287,-0.009585078085305732,0.20539234573664356,0.40855368319654406,0.8866116117005629,233.0,134.208,48.0,27.648,8.0,4.608,0.4104600584351136,0.07968209981856766,False,range=0.41% вне 2.00%–35.00% | std=0.194% < 0.600% | half-life=0.9 bars
EVAA|mexc:spot:EVAA/USDT|gate:swap:EVAA/USDT:USDT,EVAA,mexc,spot,EVAA/USDT,gate,swap,EVAA/USDT:USDT,True,,500,-0.014895943908097722,0.9650825415567251,0.011491406537127132,0.14639139792321584,-0.23689942409489406,0.010988715478643662,0.2265730173828029,0.46349720251072196,0.9018689769835614,196.0,112.896,109.0,62.784,24.0,13.824,0.34840323568505566,0.05101624557521944,False,range=0.46% вне 2.00%–35.00% | std=0.146% < 0.600% | half-life=0.9 bars
EWT|mexc:spot:EWT/USDT|gate:swap:EWT/USDT:USDT,EWT,mexc,spot,EWT/USDT,gate,swap,EWT/USDT:USDT,True,,500,-8.102786475742631,1.507049196926302,0.2395718682216278,7.225470697995065,-11.150233393830444,1.1179274465879852,10.107352232183619,21.450889149905407,58.439203636692326,11.0,6.335999999999999,5.0,2.88,1.0,0.576,0.20540235008423227,1.495196537311272,False,ADF=0.2396 > 0.05
F|mexc:spot:F/USDT|gate:swap:F/USDT:USDT,F,mexc,spot,F/USDT,gate,swap,F/USDT:USDT,True,,500,-0.19672362700867604,0.9651112734139987,0.0,0.19841846284185732,-0.3309918176277127,0.0033664099660324354,0.3158956061035223,0.6469385115112967,0.7449952319153356,229.0,131.904,120.0,69.12,22.0,12.671999999999999,-0.9760712137420889,-0.1934831294576389,False,range=0.65% вне 2.00%–35.00% | std=0.198% < 0.600% | half-life=0.7 bars
FARTCOIN|mexc:spot:FARTCOIN/USDT|gate:swap:FARTCOIN/USDT:USDT,FARTCOIN,mexc,spot,FARTCOIN/USDT,gate,swap,FARTCOIN/USDT:USDT,True,,500,-0.021598259578230302,0.9877952678739306,1.3428550825039364e-09,0.1039767475945133,-0.16788592905390143,-0.0003187921293501539,0.16627393759085507,0.3341628709323573,0.8479806928723579,231.0,133.05599999999998,101.0,58.175999999999995,25.0,14.4,1.193758567563288,0.12420019791103964,False,range=0.33% вне 2.00%–35.00% | std=0.104% < 0.600% | half-life=0.8 bars
FATCOIN|mexc:spot:FATCOIN/USDT|gate:swap:FATCOIN/USDT:USDT,FATCOIN,mexc,spot,FATCOIN/USDT,gate,swap,FATCOIN/USDT:USDT,True,,500,-0.8955351606407954,0.8846673168946024,0.0004864265586557208,1.6378584164595966,-2.676170892849339,-0.15177727398441032,2.8089194985831734,5.482825213450767,2.0098641482331567,122.0,70.27199999999999,67.0,38.592,16.0,9.216,0.5403867513121562,0.8890053763587424,True,
FET|mexc:spot:FET/USDT|gate:swap:FET/USDT:USDT,FET,mexc,spot,FET/USDT,gate,swap,FET/USDT:USDT,True,,500,-0.0023645021896878293,0.9971680600252559,0.0010846870773936186,0.19147337160782024,-0.23274059457443208,-0.04653767850589796,0.34448572096477115,0.5769055845384485,1.5993208703217223,148.0,85.248,62.0,35.711999999999996,9.0,5.184,-0.912024860992011,-0.1744760883192198,False,range=0.58% вне 2.00%–35.00% | std=0.191% < 0.600% | half-life=1.6 bars
FF|mexc:spot:FF/USDT|gate:swap:FF/USDT:USDT,FF,mexc,spot,FF/USDT,gate,swap,FF/USDT:USDT,True,,500,-0.028398345009691305,0.9869353032245471,0.0001019696008972061,0.08572995861896653,-0.1336997814363805,-0.001613224163887761,0.1342311807597918,0.26793041058828626,1.1063096833297563,159.0,91.584,104.0,59.903999999999996,18.0,10.368,-0.040281408098518864,-0.003453263822938979,False,range=0.27% вне 2.00%–35.00% | std=0.086% < 0.600% | half-life=1.1 bars
FHE|mexc:spot:FHE/USDT|gate:swap:FHE/USDT:USDT,FHE,mexc,spot,FHE/USDT,gate,swap,FHE/USDT:USDT,True,,500,-0.2936818700207402,0.922400423411804,8.480340450459677e-12,0.23460830249271486,-0.34408054769263785,0.0041787696238859695,0.4033504508451413,0.7472130399049346,1.515279236736692,166.0,95.616,72.0,41.472,21.0,12.096,0.08827777760895202,0.020712844366066463,False,range=0.75% вне 2.00%–35.00% | std=0.235% < 0.600% | half-life=1.5 bars
FIDA|mexc:spot:FIDA/USDT|gate:swap:FIDA/USDT:USDT,FIDA,mexc,spot,FIDA/USDT,gate,swap,FIDA/USDT:USDT,True,,500,-0.22344202575955688,0.9418929383127714,2.2435353450624146e-21,0.2208404283438045,-0.30323750683498574,-0.0028399896121467094,0.3233373586538635,0.6265139508246275,1.6204937971624325,168.0,96.768,64.0,36.864,11.0,6.335999999999999,0.07306957214205345,0.016138017648792413,False,range=0.63% вне 2.00%–35.00% | std=0.221% < 0.600% | half-life=1.6 bars
FIGHT|mexc:spot:FIGHT/USDT|gate:swap:FIGHT/USDT:USDT,FIGHT,mexc,spot,FIGHT/USDT,gate,swap,FIGHT/USDT:USDT,True,,500,0.01907122305634516,1.003766365373146,5.709289689742779e-15,0.2699107091477439,-0.41336536394206425,-0.017070848241507175,0.424583275204804,0.8379065439445329,1.1826042335200266,198.0,114.048,78.0,44.928,15.0,8.64,-0.4209006407241713,-0.11354108369796556,False,range=0.84% вне 2.00%–35.00% | std=0.270% < 0.600% | half-life=1.2 bars
FIL|mexc:spot:FIL/USDT|gate:swap:FIL/USDT:USDT,FIL,mexc,spot,FIL/USDT,gate,swap,FIL/USDT:USDT,True,,500,0.0003015925032518028,0.997491786896217,6.28056850120652e-23,0.025558095636252817,-0.039650819678616056,0.0013500897287022084,0.037324555962414685,0.07697627477748284,0.9501805149439607,185.0,106.56,115.0,66.24,18.0,10.368,-0.08642407133260649,-0.0022088102858197622,False,range=0.08% вне 2.00%–35.00% | std=0.026% < 0.600% | half-life=1.0 bars
FLOCK|mexc:spot:FLOCK/USDT|gate:swap:FLOCK/USDT:USDT,FLOCK,mexc,spot,FLOCK/USDT,gate,swap,FLOCK/USDT:USDT,True,,500,0.05224657129736572,1.0181033940540505,1.683821697170533e-09,0.26455989586271156,-0.33443452342277746,-0.01910564296987438,0.4559557928646818,0.789914469036281,1.6734686546838824,191.0,110.01599999999999,56.0,32.256,13.0,7.4879999999999995,1.1969929107769812,0.31717826899284596,False,range=0.79% вне 2.00%–35.00% | std=0.265% < 0.600% | half-life=1.7 bars
FLOKI|mexc:spot:FLOKI/USDT|gate:swap:FLOKI/USDT:USDT,FLOKI,mexc,spot,FLOKI/USDT,gate,swap,FLOKI/USDT:USDT,True,,500,-0.2436257147203207,0.9767093747206531,0.0003491179665335409,0.08884224544642215,-0.1475525018707069,0.0030228571772372703,0.13333896822316227,0.2809116185402515,0.8408291166892333,222.0,127.872,106.0,61.056,23.0,13.248,-0.8454992791180184,-0.07508784943492941,False,range=0.28% вне 2.00%–35.00% | std=0.089% < 0.600% | half-life=0.8 bars
FLORK|mexc:spot:FLORK/USDT|gate:swap:FLORK/USDT:USDT,FLORK,mexc,spot,FLORK/USDT,gate,swap,FLORK/USDT:USDT,True,,500,-0.03892107318701024,0.9948536682484371,6.204915388176493e-09,1.0723763339890269,-1.7521035937768104,0.17371737386095987,1.628431869824598,3.3829497338079135,2.106668411654906,94.0,54.144,65.0,37.44,9.0,5.184,-0.08504324758158505,-0.09115679300111257,True,
FLOW|mexc:spot:FLOW/USDT|gate:swap:FLOW/USDT:USDT,FLOW,mexc,spot,FLOW/USDT,gate,swap,FLOW/USDT:USDT,True,,500,-0.008101628721651544,0.9976029357739105,0.012966905001425607,0.14684884726027772,-0.23199375342852768,-0.015360393593977228,0.23539519941018217,0.46738185479402,0.9683114119569249,189.0,108.86399999999999,97.0,55.872,17.0,9.792,-1.1371066181969016,-0.16684345739136353,False,range=0.47% вне 2.00%–35.00% | std=0.147% < 0.600% | half-life=1.0 bars
FLR|mexc:spot:FLR/USDT|gate:swap:FLR/USDT:USDT,FLR,mexc,spot,FLR/USDT,gate,swap,FLR/USDT:USDT,True,,500,-0.5431588752812165,0.8886556523589764,9.73947812233992e-10,0.30836108579585797,-0.4760625014416098,-0.04312002444423202,0.6163630010080912,1.0916705419175394,2.7140181054649815,134.0,77.184,36.0,20.736,13.0,7.4879999999999995,0.7285098807820919,0.22489661175479903,False,range=1.09% вне 2.00%–35.00% | std=0.308% < 0.600%
FLUID|mexc:spot:FLUID/USDT|gate:swap:FLUID/USDT:USDT,FLUID,mexc,spot,FLUID/USDT,gate,swap,FLUID/USDT:USDT,True,,500,0.05619684837143923,0.8551301926054745,0.0009253524375719313,0.5810184660112219,-0.9899936866910819,0.02496984202815522,0.9236393560136058,1.9143266015521632,6.915213109884878,50.0,28.8,28.0,16.128,8.0,4.608,2.717455885947245,1.5914224109342845,False,range=1.91% вне 2.00%–35.00% | std=0.581% < 0.600%
FLYBRAIN|mexc:spot:FLYBRAIN/USDT|gate:swap:FLYBRAIN/USDT:USDT,FLYBRAIN,mexc,spot,FLYBRAIN/USDT,gate,swap,FLYBRAIN/USDT:USDT,True,,500,0.7607086541311697,1.1017811648601157,0.00044240461840780454,2.549823747959375,-4.247348200300505,0.3203223051068571,3.904247743890976,8.17014575580516,1.6574955306267924,142.0,81.792,86.0,49.536,9.0,5.184,-0.29408664195177403,-0.7470645996587311,False,half-life=1.7 bars
FOGO|mexc:spot:FOGO/USDT|gate:swap:FOGO/USDT:USDT,FOGO,mexc,spot,FOGO/USDT,gate,swap,FOGO/USDT:USDT,True,,500,-0.6164422180194172,0.8819839154544297,6.664742764652928e-09,0.29501089745652953,-0.41849029760616663,-0.029900826663997737,0.5539740615912336,0.9718136877753067,1.8272629438698542,156.0,89.856,58.0,33.408,13.0,7.4879999999999995,0.006588760887778195,0.0019437751537676462,False,range=0.97% вне 2.00%–35.00% | std=0.295% < 0.600% | half-life=1.8 bars
FOLKS|mexc:spot:FOLKS/USDT|gate:swap:FOLKS/USDT:USDT,FOLKS,mexc,spot,FOLKS/USDT,gate,swap,FOLKS/USDT:USDT,True,,500,0.004579449594073847,0.9935066837811457,3.509277879146263e-13,0.15687929085253718,-0.2596410265829019,0.0014781299440214113,0.25156514730728663,0.5112279303464112,1.2536768431803533,174.0,100.224,85.0,48.96,19.0,10.943999999999999,0.5976277446297071,0.09379938090068318,False,range=0.51% вне 2.00%–35.00% | std=0.157% < 0.600% | half-life=1.3 bars
FONE|mexc:spot:FONE/USDT|gate:swap:FONE/USDT:USDT,FONE,mexc,spot,FONE/USDT,gate,swap,FONE/USDT:USDT,True,,500,-0.05749336056230796,0.9893789989131404,1.3041463572570806e-08,0.5748204450859402,-1.0079972731163789,0.038897142784288796,0.8855822153724935,1.8947958994520904,0.9762787851136372,186.0,107.136,111.0,63.936,17.0,9.792,-0.13432582504576981,-0.07718342879522444,False,range=1.89% вне 2.00%–35.00% | std=0.575% < 0.600% | half-life=1.0 bars
FORM|mexc:spot:FORM/USDT|gate:swap:FORM/USDT:USDT,FORM,mexc,spot,FORM/USDT,gate,swap,FORM/USDT:USDT,True,,500,-0.03253961788742304,0.9739648200566754,1.1919513613351337e-18,0.10151471444704077,-0.15419728499341812,-0.000627525557772568,0.14438410164567816,0.2985962593835522,0.7880653813283789,214.0,123.264,106.0,61.056,21.0,12.096,1.7630764649180009,0.1791384654685979,False,range=0.30% вне 2.00%–35.00% | std=0.102% < 0.600% | half-life=0.8 bars
FRAX|mexc:spot:FRAX/USDT|gate:swap:FRAX/USDT:USDT,FRAX,mexc,spot,FRAX/USDT,gate,swap,FRAX/USDT:USDT,True,,500,-0.43926225431931204,0.6264993680230265,1.894199493590663e-05,0.36981392949776815,-0.5543798024937319,0.00045929872669603355,0.659551883817433,1.2133085474338308,7.168251504615762,40.0,23.04,39.0,22.464,8.0,4.608,0.4167508407423868,0.15423909235585676,False,range=1.21% вне 2.00%–35.00% | std=0.370% < 0.600%
FRONG|mexc:spot:FRONG/USDT|gate:swap:FRONG/USDT:USDT,FRONG,mexc,spot,FRONG/USDT,gate,swap,FRONG/USDT:USDT,True,,500,-1.9033751080654109,0.6368421414869141,0.0005176196487171497,1.9149188486723339,-2.732656920402854,-0.20035402517929457,3.228838127882039,5.948495162778838,7.319316399459074,39.0,22.464,46.0,26.496,6.0,3.456,0.5068880837906276,0.975375627374997,True,
FUTUON|mexc:spot:FUTUON/USDT|gate:swap:FUTUON/USDT:USDT,FUTUON,mexc,spot,FUTUON/USDT,gate,swap,FUTUON/USDT:USDT,True,,500,0.9309714913196567,0.8045684429461419,0.0003853693162296188,0.7375953187182787,-1.2030986842256786,0.08172664081114167,0.9782233007389785,2.1838641648796906,3.9238391190910438,36.0,20.736,27.0,15.552,5.0,2.88,-0.7367270464156145,-0.5419326386697509,True,
G|mexc:spot:G/USDT|gate:swap:G/USDT:USDT,G,mexc,spot,G/USDT,gate,swap,G/USDT:USDT,True,,500,0.012269360516274577,1.0020521736329093,0.008113544332701263,0.10282461506477461,-0.17033591911204127,-0.00418872981295948,0.15542808080024617,0.325788572062371,0.8673095911193883,208.0,119.80799999999999,107.0,61.632,28.0,16.128,0.11461669112353697,0.011786111652334341,False,range=0.33% вне 2.00%–35.00% | std=0.103% < 0.600% | half-life=0.9 bars
GAIB|mexc:spot:GAIB/USDT|gate:swap:GAIB/USDT:USDT,GAIB,mexc,spot,GAIB/USDT,gate,swap,GAIB/USDT:USDT,True,,500,-0.3352246783490455,0.907163123241342,0.336207087639117,1.0855043674583853,-1.377350739276073,-0.16703182261773586,1.7925513809105675,3.1635988536930713,5.214800293783142,64.0,36.864,35.0,20.16,6.0,3.456,-0.679753285319927,-0.7351595446392967,False,ADF=0.3362 > 0.05
GALA|mexc:spot:GALA/USDT|gate:swap:GALA/USDT:USDT,GALA,mexc,spot,GALA/USDT,gate,swap,GALA/USDT:USDT,True,,500,0.002809375139907347,1.0002433552503915,7.364492702892427e-10,0.09622427425537747,-0.13316398301871368,-0.002786709410607102,0.13836220568046453,0.2715192984240649,0.8317880628389731,217.0,124.99199999999999,96.0,55.296,16.0,9.216,1.01833719647028,0.09803678234561186,False,range=0.27% вне 2.00%–35.00% | std=0.096% < 0.600% | half-life=0.8 bars
GENIUS|mexc:spot:GENIUS/USDT|gate:swap:GENIUS/USDT:USDT,GENIUS,mexc,spot,GENIUS/USDT,gate,swap,GENIUS/USDT:USDT,True,,500,-0.03792438709557263,0.9652484921342525,8.203171888182008e-11,0.18652242477414677,-0.27542504507527266,-0.01282297592194448,0.311640788739842,0.586961233109434,1.3206673720485547,194.0,111.744,76.0,43.775999999999996,17.0,9.792,1.7573045578917714,0.32831448246033457,False,range=0.59% вне 2.00%–35.00% | std=0.187% < 0.600% | half-life=1.3 bars
GIGGLE|mexc:spot:GIGGLE/USDT|gate:swap:GIGGLE/USDT:USDT,GIGGLE,mexc,spot,GIGGLE/USDT,gate,swap,GIGGLE/USDT:USDT,True,,500,0.05095869250068532,0.985690984959542,4.584170891338946e-05,0.08786790527337829,-0.14587976463834584,-0.003930318719935766,0.1448463959804691,0.2907278675387647,0.8667188124528808,217.0,124.99199999999999,111.0,63.936,22.0,12.671999999999999,-1.2251525841168789,-0.10759366766842637,False,range=0.29% вне 2.00%–35.00% | std=0.088% < 0.600% | half-life=0.9 bars
GME|mexc:spot:GME/USDT|gate:swap:GME/USDT:USDT,GME,mexc,spot,GME/USDT,gate,swap,GME/USDT:USDT,True,,500,-7.0027800028646645,-0.1730101212488374,0.49799756676232815,2.0920605202485767,-2.135023334805497,-0.9173702605555389,4.153955099917583,6.228140250542504,37.381177939786525,12.0,6.912,23.0,13.248,7.0,4.032,1.144210832931,2.4226386863746674,False,ADF=0.4980 > 0.05
GMT|mexc:spot:GMT/USDT|gate:swap:GMT/USDT:USDT,GMT,mexc,spot,GMT/USDT,gate,swap,GMT/USDT:USDT,True,,500,-0.1477859244066303,0.9687459011563466,0.024521929084041546,0.22519660121137747,-0.3377568582831447,-0.02723753849730448,0.3986262414307218,0.7361623765604711,1.3221810675271297,169.0,97.344,86.0,49.536,14.0,8.064,-0.24856827024175598,-0.05596106557893554,False,range=0.74% вне 2.00%–35.00% | std=0.225% < 0.600% | half-life=1.3 bars
GMX|mexc:spot:GMX/USDT|gate:swap:GMX/USDT:USDT,GMX,mexc,spot,GMX/USDT,gate,swap,GMX/USDT:USDT,True,,500,0.12116595482806856,0.9427577723684122,1.7247919787105879e-16,0.1887459393001334,-0.25946369365056343,-0.027536115535808925,0.3514731263860371,0.6106577871535722,1.5376323889380186,164.0,94.464,62.0,35.711999999999996,16.0,9.216,0.4036197480774666,0.07621061401337226,False,range=0.61% вне 2.00%–35.00% | std=0.189% < 0.600% | half-life=1.5 bars
GOAT|mexc:spot:GOAT/USDT|gate:swap:GOAT/USDT:USDT,GOAT,mexc,spot,GOAT/USDT,gate,swap,GOAT/USDT:USDT,True,,500,-0.27882620026031085,0.9303560003345115,1.02823891942595e-13,0.260433848868251,-0.3577390267303304,-0.006547629670994315,0.4324882851830303,0.7899361853652735,1.5544379330026314,163.0,93.88799999999999,70.0,40.32,16.0,9.216,-0.01588219198288613,-0.004136174844349139,False,range=0.79% вне 2.00%–35.00% | std=0.260% < 0.600% | half-life=1.6 bars
GP|mexc:spot:GP/USDT|gate:swap:GP/USDT:USDT,GP,mexc,spot,GP/USDT,gate,swap,GP/USDT:USDT,True,,500,-0.16791993217917633,0.9654234545608127,5.431133833412316e-06,1.8234279386416097,-2.54875200577771,-0.24088789188294601,3.7107467000099703,6.225351008036409,1.6728254414328922,139.0,80.064,63.0,36.288,16.0,9.216,2.156514702903092,4.010585496476837,False,half-life=1.7 bars
GPS|mexc:spot:GPS/USDT|gate:swap:GPS/USDT:USDT,GPS,mexc,spot,GPS/USDT,gate,swap,GPS/USDT:USDT,True,,500,-0.05232181338087112,0.9884912560509739,0.0,0.16509868503302325,-0.24980005721508824,-0.005847127939850871,0.24837931807857316,0.4981839445884128,0.7916653510502294,215.0,123.84,116.0,66.816,15.0,8.64,-1.212167723688181,-0.19992717606593935,False,range=0.50% вне 2.00%–35.00% | std=0.165% < 0.600% | half-life=0.8 bars
GRAM|mexc:spot:GRAM/USDT|gate:swap:GRAM/USDT:USDT,GRAM,mexc,spot,GRAM/USDT,gate,swap,GRAM/USDT:USDT,True,,500,-0.0037147632367978017,1.0085349650621378,5.184872350799746e-18,0.06512981467298959,-0.10540640709704174,0.002662208675330291,0.10358061714452749,0.2089890081567452,0.8032033175279478,233.0,134.208,120.0,69.12,21.0,12.096,0.9780644810322382,0.06372145188460188,False,range=0.21% вне 2.00%–35.00% | std=0.065% < 0.600% | half-life=0.8 bars
GRASS|mexc:spot:GRASS/USDT|gate:swap:GRASS/USDT:USDT,GRASS,mexc,spot,GRASS/USDT,gate,swap,GRASS/USDT:USDT,True,,500,-0.00011399378770500356,0.9976880792288191,0.0,0.1326831330197411,-0.21100169536603097,0.0036335769165951604,0.18703848025496406,0.39808839867024315,0.7630780516406663,239.0,137.664,89.0,51.263999999999996,24.0,13.824,-0.7720386251882068,-0.10238405532612127,False,range=0.40% вне 2.00%–35.00% | std=0.133% < 0.600% | half-life=0.8 bars
GRIFFAIN|mexc:spot:GRIFFAIN/USDT|gate:swap:GRIFFAIN/USDT:USDT,GRIFFAIN,mexc,spot,GRIFFAIN/USDT,gate,swap,GRIFFAIN/USDT:USDT,True,,500,-0.2014434978442964,0.9521933039389074,2.1094018812733484e-21,0.2316814513959819,-0.3772256464405377,-0.007019226571103321,0.3784946017257651,0.7557190499641431,1.0693286610666413,181.0,104.256,103.0,59.327999999999996,17.0,9.792,-0.1662351892071659,-0.038506194369736235,False,range=0.76% вне 2.00%–35.00% | std=0.232% < 0.600% | half-life=1.1 bars
GRT|mexc:spot:GRT/USDT|gate:swap:GRT/USDT:USDT,GRT,mexc,spot,GRT/USDT,gate,swap,GRT/USDT:USDT,True,,500,0.038754252643628334,1.0108412983334263,1.9774336541427786e-11,0.1209863385030494,-0.19871916327074413,-0.0016219090171687434,0.17647119350583385,0.3752325378089115,0.8268434262344204,204.0,117.50399999999999,101.0,58.175999999999995,28.0,16.128,-0.11688266651770184,-0.014140206035095915,False,range=0.38% вне 2.00%–35.00% | std=0.121% < 0.600% | half-life=0.8 bars
GRVT|mexc:spot:GRVT/USDT|gate:swap:GRVT/USDT:USDT,GRVT,mexc,spot,GRVT/USDT,gate,swap,GRVT/USDT:USDT,True,,500,-0.08186388255206607,0.9496659132546158,1.9355256572484464e-11,0.2963727100180767,-0.43967531215824973,-0.024084503675336766,0.5588295987097647,0.9979186656942918,2.3301245918781954,158.0,91.008,47.0,27.072,18.0,10.368,-3.207460333487841,-0.9460997571150154,False,range=1.00% вне 2.00%–35.00% | std=0.296% < 0.600%
GUA|mexc:spot:GUA/USDT|gate:swap:GUA/USDT:USDT,GUA,mexc,spot,GUA/USDT,gate,swap,GUA/USDT:USDT,True,,500,-0.024221267518421057,0.9949624823678519,2.8909908633339257e-07,0.3284306370948754,-0.4536651826542393,-0.004762639979793981,0.5436193574609449,0.9968444468408767,2.9382136209657137,79.0,45.504,50.0,28.8,10.0,5.76,0.11591548154630281,0.03807744307235961,False,range=1.00% вне 2.00%–35.00% | std=0.328% < 0.600%
GUN|mexc:spot:GUN/USDT|gate:swap:GUN/USDT:USDT,GUN,mexc,spot,GUN/USDT,gate,swap,GUN/USDT:USDT,True,,500,-0.08091339993110207,0.9861562622740971,0.0,0.1785520497159103,-0.2717324037364133,-0.00875625282057424,0.30862668618294453,0.580253678066458,0.7704635974871502,220.0,126.72,114.0,65.664,23.0,13.248,0.7498835745276768,0.13398292631063846,False,range=0.58% вне 2.00%–35.00% | std=0.179% < 0.600% | half-life=0.8 bars
GWEI|mexc:spot:GWEI/USDT|gate:swap:GWEI/USDT:USDT,GWEI,mexc,spot,GWEI/USDT,gate,swap,GWEI/USDT:USDT,True,,500,0.02659887669513144,1.0074211174949057,7.817591852111147e-29,0.2554093502839327,-0.44649763462150105,-0.0019269512641750808,0.4091203116801223,0.8557831025721715,1.0255818455845134,194.0,111.744,91.0,52.416,23.0,13.248,0.387428069199162,0.09900172582344435,False,range=0.86% вне 2.00%–35.00% | std=0.255% < 0.600% | half-life=1.0 bars
H|mexc:spot:H/USDT|gate:swap:H/USDT:USDT,H,mexc,spot,H/USDT,gate,swap,H/USDT:USDT,True,,500,-0.03501568357952531,0.9868419901677918,1.3613876897983882e-08,0.09363766713732036,-0.14474479286245012,-0.00273652226656651,0.1704588236802751,0.3151633568457267,0.8340169638634852,213.0,122.688,98.0,56.448,26.0,14.975999999999999,0.019596161027042775,0.0018349556385910404,False,range=0.32% вне 2.00%–35.00% | std=0.094% < 0.600% | half-life=0.8 bars
HAEDAL|mexc:spot:HAEDAL/USDT|gate:swap:HAEDAL/USDT:USDT,HAEDAL,mexc,spot,HAEDAL/USDT,gate,swap,HAEDAL/USDT:USDT,True,,500,-0.11145360006495757,0.971571911774808,2.0193034839560794e-27,0.20187016558166404,-0.27790432010300625,-0.009023041948263977,0.38553649278705304,0.6630863966074367,1.1326442843847573,193.0,111.16799999999999,79.0,45.504,24.0,13.824,-1.0385233711537103,-0.20942727930578497,False,range=0.66% вне 2.00%–35.00% | std=0.202% < 0.600% | half-life=1.1 bars
HANA|mexc:spot:HANA/USDT|gate:swap:HANA/USDT:USDT,HANA,mexc,spot,HANA/USDT,gate,swap,HANA/USDT:USDT,True,,500,-0.10420211283888232,0.9770855706315295,0.00027402235277795785,0.1379978773450246,-0.2352078626145615,0.008218598966269752,0.2210162180087405,0.4562572472638223,0.9138013908565935,213.0,122.688,108.0,62.208,19.0,10.943999999999999,1.4837889110801021,0.20496949602639702,False,range=0.46% вне 2.00%–35.00% | std=0.138% < 0.600% | half-life=0.9 bars
HBAR|mexc:spot:HBAR/USDT|gate:swap:HBAR/USDT:USDT,HBAR,mexc,spot,HBAR/USDT,gate,swap,HBAR/USDT:USDT,True,,500,-0.0018743401691054685,0.9988773397768563,5.3129802665354336e-09,0.06798309786497415,-0.11274166902445204,0.0003178035405060342,0.10607205538815112,0.2188211089854097,0.6485030090479911,258.0,148.608,114.0,65.664,25.0,14.4,-0.12233848851685597,-0.008316603588942595,False,range=0.22% вне 2.00%–35.00% | std=0.068% < 0.600% | half-life=0.6 bars
HEI|mexc:spot:HEI/USDT|gate:swap:HEI/USDT:USDT,HEI,mexc,spot,HEI/USDT,gate,swap,HEI/USDT:USDT,True,,500,-0.01680891693120047,0.991368249205538,1.385948385997068e-22,0.24080484650186154,-0.32182727395292376,-0.011765041309064195,0.38015320003799147,0.7017786955328297,0.9336428044176376,188.0,108.288,96.0,55.296,17.0,9.792,-0.8151130297373308,-0.19609065857253416,False,range=0.70% вне 2.00%–35.00% | std=0.241% < 0.600% | half-life=0.9 bars
HEMI|mexc:spot:HEMI/USDT|gate:swap:HEMI/USDT:USDT,HEMI,mexc,spot,HEMI/USDT,gate,swap,HEMI/USDT:USDT,True,,500,-0.03467546746997188,0.9934371985116661,0.0005252177172140316,0.12953279630231468,-0.21015697584469972,0.003015450159105093,0.20341965770285242,0.41359115556873755,0.7700980137112238,219.0,126.14399999999999,115.0,66.24,26.0,14.975999999999999,-0.28679539334561327,-0.03714250972820521,False,range=0.41% вне 2.00%–35.00% | std=0.130% < 0.600% | half-life=0.8 bars
HIVE|mexc:spot:HIVE/USDT|gate:swap:HIVE/USDT:USDT,HIVE,mexc,spot,HIVE/USDT,gate,swap,HIVE/USDT:USDT,True,,500,-0.09620955994268453,0.9657062770307806,2.7251468674420164e-11,0.11498008292011579,-0.18433389679630707,-0.0010492911514892178,0.18264566046852782,0.36698306689837423,1.0377487315973752,184.0,105.984,100.0,57.6,21.0,12.096,0.3166283107512539,0.03641257719511071,False,range=0.37% вне 2.00%–35.00% | std=0.115% < 0.600% | half-life=1.0 bars
HMSTR|mexc:spot:HMSTR/USDT|gate:swap:HMSTR/USDT:USDT,HMSTR,mexc,spot,HMSTR/USDT,gate,swap,HMSTR/USDT:USDT,True,,500,-0.41784021780845804,0.9518490511546139,1.138638272743164e-06,0.10314218757771029,-0.1686597969767667,-0.001435465754939802,0.16045180655650526,0.3291254079119542,1.0637077939183242,192.0,110.592,86.0,49.536,14.0,8.064,0.32640509848215626,0.03367180357336519,False,range=0.33% вне 2.00%–35.00% | std=0.103% < 0.600% | half-life=1.1 bars
HNT|mexc:spot:HNT/USDT|gate:swap:HNT/USDT:USDT,HNT,mexc,spot,HNT/USDT,gate,swap,HNT/USDT:USDT,True,,500,0.001110413389575982,1.0001237782951524,8.389435236872858e-07,0.3352111911450923,-0.5635751259818633,0.020164537215450196,0.5331300181029341,1.0968831135497368,0.7785928749193967,248.0,142.84799999999998,117.0,67.392,16.0,9.216,1.2182213543172518,0.4091963626775108,False,range=1.10% вне 2.00%–35.00% | std=0.335% < 0.600% | half-life=0.8 bars
HOLO|mexc:spot:HOLO/USDT|gate:swap:HOLO/USDT:USDT,HOLO,mexc,spot,HOLO/USDT,gate,swap,HOLO/USDT:USDT,True,,500,-0.08486365587340043,0.9688957115802519,2.1982466205211743e-26,0.2050771724229621,-0.3028457996515299,-0.012857889739237294,0.3451163599814011,0.6478275056152945,1.2056818525090836,174.0,100.224,80.0,46.08,22.0,12.671999999999999,-0.870213945084097,-0.17830186827687555,False,range=0.65% вне 2.00%–35.00% | std=0.205% < 0.600% | half-life=1.2 bars
HOME|mexc:spot:HOME/USDT|gate:swap:HOME/USDT:USDT,HOME,mexc,spot,HOME/USDT,gate,swap,HOME/USDT:USDT,True,,500,-0.8920867061588302,0.8254500923618726,1.3264407627396368e-06,0.3218696693161625,-0.4597881036863427,-0.04099308245314459,0.5563211885998731,1.0156278181441314,1.4445654362147982,156.0,89.856,88.0,50.687999999999995,16.0,9.216,-0.8276483572762006,-0.266040386719657,False,range=1.02% вне 2.00%–35.00% | std=0.322% < 0.600% | half-life=1.4 bars
HUMA|mexc:spot:HUMA/USDT|gate:swap:HUMA/USDT:USDT,HUMA,mexc,spot,HUMA/USDT,gate,swap,HUMA/USDT:USDT,True,,500,-0.02438026385434367,0.993356855564063,1.9026526508434374e-14,0.13919644110386128,-0.20999138372236326,-0.009819574346026094,0.22651127342527833,0.4364672981507331,0.7269846298101267,216.0,124.416,96.0,55.296,28.0,16.128,0.4185234491246216,0.05827394730766322,False,range=0.44% вне 2.00%–35.00% | std=0.139% < 0.600% | half-life=0.7 bars
HYPE|mexc:spot:HYPE/USDT|gate:swap:HYPE/USDT:USDT,HYPE,mexc,spot,HYPE/USDT,gate,swap,HYPE/USDT:USDT,True,,500,0.09087083668512215,0.9799417561415924,3.0115645421236264e-05,0.0623391273238539,-0.09765234595975336,0.0002653793333307064,0.09740769697026419,0.1950603433845142,1.2610225471392582,153.0,88.128,93.0,53.568,23.0,13.248,0.352221559684795,0.0219595954214169,False,range=0.20% вне 2.00%–35.00% | std=0.062% < 0.600% | half-life=1.3 bars
HYPER|mexc:spot:HYPER/USDT|gate:swap:HYPER/USDT:USDT,HYPER,mexc,spot,HYPER/USDT,gate,swap,HYPER/USDT:USDT,True,,500,-0.20640840105141148,0.9213235858262803,1.5197355209158607e-13,0.25403045070997887,-0.44972111998258235,0.00510524630543685,0.3923945307465315,0.8423620789748624,2.0194749040745026,132.0,76.032,61.0,35.135999999999996,13.0,7.4879999999999995,1.5383023715124933,0.39154016831923766,False,range=0.84% вне 2.00%–35.00% | std=0.254% < 0.600%
ICNT|mexc:spot:ICNT/USDT|gate:swap:ICNT/USDT:USDT,ICNT,mexc,spot,ICNT/USDT,gate,swap,ICNT/USDT:USDT,True,,500,-0.42504824647562706,0.8188414982293454,1.8102532945858824e-06,0.5072686537453117,-0.9367146504868029,0.03138492145455807,0.8475318828134792,1.7850899092054409,4.629431067514668,107.0,61.632,36.0,20.736,8.0,4.608,-0.16822555411921356,-0.08529914993760102,False,range=1.79% вне 2.00%–35.00% | std=0.507% < 0.600%
ICP|mexc:spot:ICP/USDT|gate:swap:ICP/USDT:USDT,ICP,mexc,spot,ICP/USDT,gate,swap,ICP/USDT:USDT,True,,500,-0.016836184204698894,1.014713083989767,1.0530085571672256e-10,0.08177351109921642,-0.13014705570583152,-0.00193114517927917,0.12074434989199911,0.2509033330676079,0.7731978179158603,230.0,132.48,101.0,58.175999999999995,23.0,13.248,-0.4721615617618155,-0.03860285589090129,False,range=0.25% вне 2.00%–35.00% | std=0.082% < 0.600% | half-life=0.8 bars
ID|mexc:spot:ID/USDT|gate:swap:ID/USDT:USDT,ID,mexc,spot,ID/USDT,gate,swap,ID/USDT:USDT,True,,500,-0.29349287653418127,0.9109169970772539,4.053185400534695e-05,0.3422090765486457,-0.5190330135544485,-0.027185461002299238,0.5734202029607838,1.0921670762537288,1.1682135846338904,195.0,112.32,96.0,55.296,17.0,9.792,1.1197060827851222,0.3839086331129282,False,range=1.09% вне 2.00%–35.00% | std=0.342% < 0.600% | half-life=1.2 bars
IDOL|mexc:spot:IDOL/USDT|gate:swap:IDOL/USDT:USDT,IDOL,mexc,spot,IDOL/USDT,gate,swap,IDOL/USDT:USDT,True,,500,-0.12776960307608393,0.972205015284749,2.1792982570269166e-20,0.2708397424273549,-0.45092637374142264,-0.009648146203178332,0.42176722888385143,0.8728263973134082,1.7250602065647582,145.0,83.52,78.0,44.928,19.0,10.943999999999999,0.8104238231552922,0.21973604609435426,False,range=0.87% вне 2.00%–35.00% | std=0.271% < 0.600% | half-life=1.7 bars
ILV|mexc:spot:ILV/USDT|gate:swap:ILV/USDT:USDT,ILV,mexc,spot,ILV/USDT,gate,swap,ILV/USDT:USDT,True,,500,0.007606776011636096,0.9939389956467772,4.170168073578886e-05,0.21103316332370456,-0.3048508229042901,-0.021737678792499437,0.3789401137924253,0.6835403839654469,1.0557282501240552,193.0,111.16799999999999,97.0,55.872,15.0,8.64,-0.47448613074546575,-0.1000821934564522,False,range=0.68% вне 2.00%–35.00% | std=0.211% < 0.600% | half-life=1.1 bars
IMX|mexc:spot:IMX/USDT|gate:swap:IMX/USDT:USDT,IMX,mexc,spot,IMX/USDT,gate,swap,IMX/USDT:USDT,True,,500,-0.023494312458243117,0.9856969292010516,2.1205557925414995e-24,0.15783286498827584,-0.26375068283087666,-0.0016574169885097412,0.23986704715357465,0.5036789431061349,0.8851107829092606,208.0,119.80799999999999,98.0,56.448,24.0,13.824,2.4036024005015015,0.3800879623239828,False,range=0.50% вне 2.00%–35.00% | std=0.158% < 0.600% | half-life=0.9 bars
IN|mexc:spot:IN/USDT|gate:swap:IN/USDT:USDT,IN,mexc,spot,IN/USDT,gate,swap,IN/USDT:USDT,True,,500,-0.1729791056798817,0.9473716631036477,0.03708254914383849,0.16843786790323845,-0.26683386450828683,-0.005500327313012754,0.27772636214362656,0.5445319156738818,1.4821248808634904,139.0,80.064,82.0,47.232,17.0,9.792,-0.7228398290201021,-0.12167951001260668,False,range=0.54% вне 2.00%–35.00% | std=0.168% < 0.600% | half-life=1.5 bars
INDEX|mexc:spot:INDEX/USDT|gate:swap:INDEX/USDT:USDT,INDEX,mexc,spot,INDEX/USDT,gate,swap,INDEX/USDT:USDT,True,,500,-0.016939615323299472,0.9997189151372213,1.0159033234572297e-07,1.7842807167007542,-2.662527843045426,0.046338718738669904,2.949076653888816,5.605042969777887,3.377472241460977,75.0,43.199999999999996,58.0,33.408,12.0,6.912,-0.13039856966422927,-0.23239719195217168,True,
INIT|mexc:spot:INIT/USDT|gate:swap:INIT/USDT:USDT,INIT,mexc,spot,INIT/USDT,gate,swap,INIT/USDT:USDT,True,,500,-0.02596687096028071,0.9891943162845497,1.869481189447456e-07,0.38911545580402496,-0.6122811322339605,-0.0060843310957903185,0.6714367771259111,1.2833559396250371,1.2066731923033265,184.0,105.984,82.0,47.232,18.0,10.368,1.0674909309171015,0.4162411070412819,False,range=1.28% вне 2.00%–35.00% | std=0.389% < 0.600% | half-life=1.2 bars
INJ|mexc:spot:INJ/USDT|gate:swap:INJ/USDT:USDT,INJ,mexc,spot,INJ/USDT,gate,swap,INJ/USDT:USDT,True,,500,0.05725460499034995,0.9717023921370833,1.3278009768126089e-05,0.053221047893709156,-0.08443184029530704,-0.00046955258139469436,0.08617807046196191,0.17060846253224565,0.9370631721909342,191.0,110.01599999999999,100.0,57.6,15.0,8.64,1.9033907433712822,0.10135177614891688,False,range=0.17% вне 2.00%–35.00% | std=0.053% < 0.600% | half-life=0.9 bars
INX|mexc:spot:INX/USDT|gate:swap:INX/USDT:USDT,INX,mexc,spot,INX/USDT,gate,swap,INX/USDT:USDT,True,,500,0.015737964414820903,1.003739170156536,0.0006632059331929354,0.2274544072914108,-0.3563514333106865,0.00546508310996785,0.3899711702617825,0.7462006312571301,1.1855614013839912,186.0,107.136,91.0,52.416,21.0,12.096,0.6160237738126065,0.1402155325341381,False,range=0.75% вне 2.00%–35.00% | std=0.227% < 0.600% | half-life=1.2 bars
IO|mexc:spot:IO/USDT|gate:swap:IO/USDT:USDT,IO,mexc,spot,IO/USDT,gate,swap,IO/USDT:USDT,True,,500,-0.011186937340334623,0.9941675335428188,1.3998622913841382e-05,0.09818059005005397,-0.15195508243033284,-0.0023138701767622116,0.15428166123840903,0.30623342060900766,0.8035223147023545,213.0,122.688,114.0,65.664,22.0,12.671999999999999,-0.21606594447615748,-0.021211232018347737,False,range=0.31% вне 2.00%–35.00% | std=0.098% < 0.600% | half-life=0.8 bars
IOST|mexc:spot:IOST/USDT|gate:swap:IOST/USDT:USDT,IOST,mexc,spot,IOST/USDT,gate,swap,IOST/USDT:USDT,True,,500,-0.11354003173604643,0.9839082226487637,5.971227336703811e-05,0.19871317188166773,-0.3293666708256815,0.007613933180028454,0.2759010227364467,0.6054313912958739,1.2614038340096423,154.0,88.704,101.0,58.175999999999995,18.0,10.368,-0.13190801483046563,-0.026208425016194248,False,range=0.61% вне 2.00%–35.00% | std=0.199% < 0.600% | half-life=1.3 bars
IOTA|mexc:spot:IOTA/USDT|gate:swap:IOTA/USDT:USDT,IOTA,mexc,spot,IOTA/USDT,gate,swap,IOTA/USDT:USDT,True,,500,0.003066344486918194,1.0007493347344967,1.0778810072285597e-19,0.1415046855754844,-0.2164259778343891,-0.011529074174343457,0.25605849646781476,0.4723917425690072,0.9081755522203006,182.0,104.832,100.0,57.6,32.0,18.432,1.0140066837370556,0.14358968836836183,False,range=0.47% вне 2.00%–35.00% | std=0.142% < 0.600% | half-life=0.9 bars
IOTX|mexc:spot:IOTX/USDT|gate:swap:IOTX/USDT:USDT,IOTX,mexc,spot,IOTX/USDT,gate,swap,IOTX/USDT:USDT,True,,500,0.06405617843586882,1.0116658324445176,8.619840411073644e-15,0.12073875725607577,-0.20728788066673998,0.005668285311410948,0.18563909538871215,0.3929700183223827,0.9006242099139931,205.0,118.08,117.0,67.392,29.0,16.704,0.15957550896155265,0.01926880483653637,False,range=0.39% вне 2.00%–35.00% | std=0.121% < 0.600% | half-life=0.9 bars
IRYS|mexc:spot:IRYS/USDT|gate:swap:IRYS/USDT:USDT,IRYS,mexc,spot,IRYS/USDT,gate,swap,IRYS/USDT:USDT,True,,500,0.013595051861941144,1.0037470082084816,2.3672213107591056e-07,0.14706146006593898,-0.2482506965456377,0.001510047680275406,0.19086548449265273,0.439242917282745,1.3596439344538964,154.0,88.704,76.0,43.775999999999996,20.0,11.52,0.006694615074044343,0.0009845247138207114,False,range=0.44% вне 2.00%–35.00% | std=0.147% < 0.600% | half-life=1.4 bars
JASMY|mexc:spot:JASMY/USDT|gate:swap:JASMY/USDT:USDT,JASMY,mexc,spot,JASMY/USDT,gate,swap,JASMY/USDT:USDT,True,,500,-0.009346151915314273,0.9979747072033468,0.0,0.15610515936779273,-0.25552684725166364,0.00218557895848015,0.24587000450904117,0.50142211305999,0.8110865913624415,210.0,120.96,104.0,59.903999999999996,19.0,10.943999999999999,-1.24218412073978,-0.19372346353777603,False,range=0.50% вне 2.00%–35.00% | std=0.156% < 0.600% | half-life=0.8 bars
JCT|mexc:spot:JCT/USDT|gate:swap:JCT/USDT:USDT,JCT,mexc,spot,JCT/USDT,gate,swap,JCT/USDT:USDT,True,,500,-0.15356859410358584,0.9762376746664971,2.856247539391119e-14,0.41778048018624064,-0.6359803977581624,-0.016931612583204192,0.7147247785105559,1.3501940949508602,1.8353738532946804,117.0,67.392,55.0,31.68,9.0,5.184,-0.22589133387563656,-0.09432847263585176,False,range=1.35% вне 2.00%–35.00% | std=0.418% < 0.600% | half-life=1.8 bars
JELLYJELLY|mexc:spot:JELLYJELLY/USDT|gate:swap:JELLYJELLY/USDT:USDT,JELLYJELLY,mexc,spot,JELLYJELLY/USDT,gate,swap,JELLYJELLY/USDT:USDT,True,,500,-0.017649180982177617,0.9944039921265393,4.777047058613137e-07,0.18071390296502501,-0.3037792803606387,0.0012004609729832083,0.26404635575285607,0.5679399919926937,1.193239420723006,181.0,104.256,87.0,50.112,20.0,11.52,0.19752211794818758,0.03570136427688553,False,range=0.57% вне 2.00%–35.00% | std=0.181% < 0.600% | half-life=1.2 bars
JOE|mexc:spot:JOE/USDT|gate:swap:JOE/USDT:USDT,JOE,mexc,spot,JOE/USDT,gate,swap,JOE/USDT:USDT,True,,500,-0.1606467970238718,0.9508882353535713,9.884560749973763e-19,0.2290994440618247,-0.34403035861767517,-0.015835208731374006,0.3816860349870055,0.7255829659182876,1.3360826892666908,194.0,111.744,82.0,47.232,15.0,8.64,-0.3915004989193501,-0.08965233491106117,False,range=0.73% вне 2.00%–35.00% | std=0.229% < 0.600% | half-life=1.3 bars
JST|mexc:spot:JST/USDT|gate:swap:JST/USDT:USDT,JST,mexc,spot,JST/USDT,gate,swap,JST/USDT:USDT,True,,500,-0.02245405307742472,0.9884673403543448,1.2504599375797834e-15,0.193249741586793,-0.34289465993214696,0.006321872750780777,0.30767861116181017,0.650690140197556,1.7274912091875443,177.0,101.952,52.0,29.951999999999998,17.0,9.792,-0.28073540782258355,-0.054237331255024834,False,range=0.65% вне 2.00%–35.00% | std=0.193% < 0.600% | half-life=1.7 bars
JTO|mexc:spot:JTO/USDT|gate:swap:JTO/USDT:USDT,JTO,mexc,spot,JTO/USDT,gate,swap,JTO/USDT:USDT,True,,500,0.006407019549855606,1.0091957957333904,0.007354806981211154,0.08562626952459701,-0.13604572993094477,-0.006166351970104955,0.14048507451851489,0.2765248427141228,0.7644108466510257,215.0,123.84,110.0,63.36,25.0,14.4,0.046515861846014535,0.003983059045276072,False,range=0.28% вне 2.00%–35.00% | std=0.086% < 0.600% | half-life=0.8 bars
JUGGERNAUT|mexc:spot:JUGGERNAUT/USDT|gate:swap:JUGGERNAUT/USDT:USDT,JUGGERNAUT,mexc,spot,JUGGERNAUT/USDT,gate,swap,JUGGERNAUT/USDT:USDT,True,,500,-0.8997382643823052,0.8261633593500749,2.308453375711736e-10,1.4175809372557726,-2.2300934617113355,0.2165064439177078,1.9857867562622422,4.221663246526902,3.632333705273404,64.0,36.864,41.0,23.616,8.0,4.608,-1.3849580521723863,-1.9441431015822852,True,
JUP|mexc:spot:JUP/USDT|gate:swap:JUP/USDT:USDT,JUP,mexc,spot,JUP/USDT,gate,swap,JUP/USDT:USDT,True,,500,-0.0004257679191551502,0.9986299357698929,1.1814357417167783e-08,0.09062980135150657,-0.14254652035373683,0.011518838587321056,0.1335950287333132,0.27615408453233736,0.7912335115547467,207.0,119.232,108.0,62.208,23.0,13.248,-1.8698391421753893,-0.16931964229424112,False,range=0.28% вне 2.00%–35.00% | std=0.091% < 0.600% | half-life=0.8 bars
KAIA|mexc:spot:KAIA/USDT|gate:swap:KAIA/USDT:USDT,KAIA,mexc,spot,KAIA/USDT,gate,swap,KAIA/USDT:USDT,True,,500,-0.03737500755837118,0.9877488301292806,4.8109895385233195e-18,0.24984474010908386,-0.3686209347612657,-0.014224975023913178,0.42404084760681027,0.7924463439002928,1.2943962967926161,211.0,121.536,85.0,48.96,15.0,8.64,-0.0883921392025722,-0.02208187264253203,False,range=0.79% вне 2.00%–35.00% | std=0.250% < 0.600% | half-life=1.3 bars
KAITO|mexc:spot:KAITO/USDT|gate:swap:KAITO/USDT:USDT,KAITO,mexc,spot,KAITO/USDT,gate,swap,KAITO/USDT:USDT,True,,500,-0.019660433017315872,0.9815050782048439,3.605137311538319e-06,0.08223921759557559,-0.10154535974236101,0.004662718048642489,0.08979896298344503,0.19135561980804125,0.8237035559043508,201.0,115.776,65.0,37.44,9.0,5.184,1.0908140816050906,0.0897479460022721,False,range=0.19% вне 2.00%–35.00% | std=0.082% < 0.600% | half-life=0.8 bars
KAS|mexc:spot:KAS/USDT|gate:swap:KAS/USDT:USDT,KAS,mexc,spot,KAS/USDT,gate,swap,KAS/USDT:USDT,True,,500,0.004812160668574604,1.0012253512854525,1.23375933705719e-21,0.10555967433676607,-0.1733379853777195,-0.0008443470000618625,0.17915585051140326,0.3524839473318163,0.951884578692167,209.0,120.384,117.0,67.392,22.0,12.671999999999999,0.4106143749046275,0.04335371470023386,False,range=0.35% вне 2.00%–35.00% | std=0.106% < 0.600% | half-life=1.0 bars
KAT|mexc:spot:KAT/USDT|gate:swap:KAT/USDT:USDT,KAT,mexc,spot,KAT/USDT,gate,swap,KAT/USDT:USDT,True,,500,-0.13688860640150532,0.9744155801284433,2.9342386152425235e-29,0.1691950877280587,-0.26565053166882624,-0.004583262609125782,0.28625824081880413,0.5518533109863186,0.9932508750489298,186.0,107.136,84.0,48.384,19.0,10.943999999999999,0.015450640851178515,0.0026142067040435535,False,range=0.55% вне 2.00%–35.00% | std=0.169% < 0.600% | half-life=1.0 bars
KAVA|mexc:spot:KAVA/USDT|gate:swap:KAVA/USDT:USDT,KAVA,mexc,spot,KAVA/USDT,gate,swap,KAVA/USDT:USDT,True,,500,-0.2588718510087,0.903549044856694,1.9335409098237573e-11,0.07173550414260763,-0.11290234670229271,-0.0027993017456373614,0.11440332674141906,0.22730406541799017,1.4434362316424536,136.0,78.336,91.0,52.416,17.0,9.792,-1.9477984415785938,-0.1396287314254563,False,range=0.23% вне 2.00%–35.00% | std=0.072% < 0.600% | half-life=1.4 bars
KERNEL|mexc:spot:KERNEL/USDT|gate:swap:KERNEL/USDT:USDT,KERNEL,mexc,spot,KERNEL/USDT,gate,swap,KERNEL/USDT:USDT,True,,500,-0.03917155401083921,0.9868277757466911,4.636013399657847e-08,0.21377647019076487,-0.25435569755791754,-0.026369965196315626,0.2832016941239246,0.5374811648887532,2.0129452735194584,169.0,97.344,52.0,29.951999999999998,7.0,4.032,-0.0796233475340164,-0.017020149588631295,False,range=0.54% вне 2.00%–35.00% | std=0.214% < 0.600%
KGEN|mexc:spot:KGEN/USDT|gate:swap:KGEN/USDT:USDT,KGEN,mexc,spot,KGEN/USDT,gate,swap,KGEN/USDT:USDT,True,,500,-0.05696564951548916,0.9689109769078859,2.7483636496487733e-12,0.1380782473913339,-0.2308562384255919,0.0013364974493557114,0.2357556856848131,0.4666013402439672,1.2134050660785283,175.0,100.8,93.0,53.568,23.0,13.248,0.0986050534017924,0.013616139869743193,False,range=0.47% вне 2.00%–35.00% | std=0.138% < 0.600% | half-life=1.2 bars
KII|mexc:spot:KII/USDT|gate:swap:KII/USDT:USDT,KII,mexc,spot,KII/USDT,gate,swap,KII/USDT:USDT,True,,500,-0.14013535110690614,0.9420365009332969,3.2854519798643297e-13,0.1761193078583172,-0.25557309537618256,-0.014017817791711629,0.29092017121290503,0.5463980583539072,2.0674364042451905,117.0,67.392,69.0,39.744,11.0,6.335999999999999,-0.6942751264510898,-0.12220052900437928,False,range=0.55% вне 2.00%–35.00% | std=0.176% < 0.600%
KITE|mexc:spot:KITE/USDT|gate:swap:KITE/USDT:USDT,KITE,mexc,spot,KITE/USDT,gate,swap,KITE/USDT:USDT,True,,500,0.006049503385578359,1.0038791387243677,0.0,0.1573515661379202,-0.24980144320330133,0.0008107566176640546,0.255185809776437,0.504974731229699,0.8219077707055423,221.0,127.29599999999999,106.0,61.056,25.0,14.4,-1.1162856865915685,-0.17549512793874067,False,range=0.50% вне 2.00%–35.00% | std=0.157% < 0.600% | half-life=0.8 bars
KMNO|mexc:spot:KMNO/USDT|gate:swap:KMNO/USDT:USDT,KMNO,mexc,spot,KMNO/USDT,gate,swap,KMNO/USDT:USDT,True,,500,0.024974528076905405,1.007868149599341,1.804027417203973e-05,0.27337023753816947,-0.5222350817709609,0.03693436133664907,0.3622062160894446,0.8851553245298003,1.5503489304097793,175.0,100.8,61.0,35.135999999999996,17.0,9.792,0.20497284240834432,0.05604917630213091,False,range=0.89% вне 2.00%–35.00% | std=0.273% < 0.600% | half-life=1.6 bars
KNC|mexc:spot:KNC/USDT|gate:swap:KNC/USDT:USDT,KNC,mexc,spot,KNC/USDT,gate,swap,KNC/USDT:USDT,True,,500,-0.20648594719555766,0.8956138488016057,4.6861705510998595e-21,0.22532028938970877,-0.34787769714165195,-0.014138258290785632,0.3884545744244905,0.7361862364546874,1.6772181403407316,136.0,78.336,60.0,34.56,14.0,8.064,1.306007741324815,0.29470344152624506,False,range=0.74% вне 2.00%–35.00% | std=0.225% < 0.600% | half-life=1.7 bars
KOMA|mexc:spot:KOMA/USDT|gate:swap:KOMA/USDT:USDT,KOMA,mexc,spot,KOMA/USDT,gate,swap,KOMA/USDT:USDT,True,,500,-0.2242673031431696,0.9436778450083606,4.769410128965341e-06,0.45337022287928036,-0.835067289358149,0.03338067306188908,0.6922135563420362,1.5284022666699546,2.782379716956393,90.0,51.839999999999996,58.0,33.408,10.0,5.76,-0.3863931278204113,-0.17502578938455304,False,range=1.53% вне 2.00%–35.00% | std=0.453% < 0.600%
KSM|mexc:spot:KSM/USDT|gate:swap:KSM/USDT:USDT,KSM,mexc,spot,KSM/USDT,gate,swap,KSM/USDT:USDT,True,,500,0.013692388600336489,0.9930458076818829,9.638420394203298e-30,0.21920572655484716,-0.3623076949469395,0.017609987562994256,0.3522947061282311,0.7146412208459652,0.947065562719137,209.0,120.384,91.0,52.416,23.0,13.248,0.45212430969275635,0.0991573662421752,False,range=0.71% вне 2.00%–35.00% | std=0.219% < 0.600% | half-life=0.9 bars
LA|mexc:spot:LA/USDT|gate:swap:LA/USDT:USDT,LA,mexc,spot,LA/USDT,gate,swap,LA/USDT:USDT,True,,500,-0.005773554968294772,0.9977119431079986,0.0010411202565841287,0.1024656719958228,-0.15815029706441885,-0.0008780307202416182,0.16857026203280778,0.32670382849031565,0.9520541973476538,218.0,125.568,96.0,55.296,20.0,11.52,-1.5541029371897552,-0.15911547869021936,False,range=0.33% вне 2.00%–35.00% | std=0.102% < 0.600% | half-life=1.0 bars
LAB|mexc:spot:LAB/USDT|gate:swap:LAB/USDT:USDT,LAB,mexc,spot,LAB/USDT,gate,swap,LAB/USDT:USDT,True,,500,0.024767644001095955,1.0084810997187448,0.2295028817260638,0.10454164726420055,-0.16219090847714446,-0.0006376931331542046,0.18824532020507156,0.35039094106952035,1.0905794808666074,185.0,106.56,95.0,54.72,25.0,14.4,-1.2062513743635108,-0.12602402863113316,False,ADF=0.2295 > 0.05 | range=0.35% вне 2.00%–35.00% | std=0.105% < 0.600% | half-life=1.1 bars
LAYER|mexc:spot:LAYER/USDT|gate:swap:LAYER/USDT:USDT,LAYER,mexc,spot,LAYER/USDT,gate,swap,LAYER/USDT:USDT,True,,500,-0.019970444235321683,0.9919708051755918,0.0196121695180168,0.14421704926971274,-0.22893449089885776,0.0009914421885914848,0.23491815291214468,0.4638395981519938,1.055607378584527,189.0,108.86399999999999,102.0,58.751999999999995,15.0,8.64,0.6318781647846324,0.09116913824001038,False,range=0.46% вне 2.00%–35.00% | std=0.144% < 0.600% | half-life=1.1 bars
LDO|mexc:spot:LDO/USDT|gate:swap:LDO/USDT:USDT,LDO,mexc,spot,LDO/USDT,gate,swap,LDO/USDT:USDT,True,,500,-0.002210170113119497,0.9964703032811005,0.0,0.12395832515542016,-0.1891032937421322,0.0029379897735770655,0.18102627281755268,0.37014493748864896,0.8011588205484276,235.0,135.35999999999999,98.0,56.448,24.0,13.824,-0.10420786269674359,-0.012916597863554813,False,range=0.37% вне 2.00%–35.00% | std=0.124% < 0.600% | half-life=0.8 bars
LIGHT|mexc:spot:LIGHT/USDT|gate:swap:LIGHT/USDT:USDT,LIGHT,mexc,spot,LIGHT/USDT,gate,swap,LIGHT/USDT:USDT,True,,500,0.04126522290074908,1.025452618577296,0.2503090420502525,0.19944688906381475,-0.26030389211646465,-0.04052763931717829,0.403327134025222,0.6631592223284586,1.258942371275548,152.0,87.55199999999999,92.0,52.992,22.0,12.671999999999999,-0.15250538164029623,-0.03041209851717408,False,ADF=0.2503 > 0.05 | range=0.66% вне 2.00%–35.00% | std=0.199% < 0.600% | half-life=1.3 bars
LINEA|mexc:spot:LINEA/USDT|gate:swap:LINEA/USDT:USDT,LINEA,mexc,spot,LINEA/USDT,gate,swap,LINEA/USDT:USDT,True,,500,-0.1695254634897676,0.9709506061179362,2.933705858149339e-20,0.2178985963768224,-0.3477056798928069,-0.013370151972647015,0.36866669946462594,0.7163003704310308,1.223837290861355,163.0,93.88799999999999,79.0,45.504,20.0,11.52,-0.7980683388703916,-0.17374685593907202,False,range=0.72% вне 2.00%–35.00% | std=0.218% < 0.600% | half-life=1.2 bars
LINK|mexc:spot:LINK/USDT|gate:swap:LINK/USDT:USDT,LINK,mexc,spot,LINK/USDT,gate,swap,LINK/USDT:USDT,True,,500,0.011996296680805549,0.9957375722477873,1.810255922132226e-16,0.04727382892098772,-0.07328607351462235,-0.0015273778938063032,0.08752556621673957,0.16080022581364425,0.708383745527516,245.0,141.12,113.0,65.088,28.0,16.128,0.2967754631777008,0.014030696684308452,False,range=0.16% вне 2.00%–35.00% | std=0.047% < 0.600% | half-life=0.7 bars
LISTA|mexc:spot:LISTA/USDT|gate:swap:LISTA/USDT:USDT,LISTA,mexc,spot,LISTA/USDT,gate,swap,LISTA/USDT:USDT,True,,500,-0.0801531209982816,0.9672630065444059,1.113653833845696e-16,0.3156117138800504,-0.46335183890650056,-0.006003542955379526,0.5224785764335937,0.9855470339231773,2.191329882632375,128.0,73.728,55.0,31.68,14.0,8.064,0.34366991321050394,0.10852509622867323,False,range=0.99% вне 2.00%–35.00% | std=0.316% < 0.600%
LIT|mexc:spot:LIT/USDT|gate:swap:LIT/USDT:USDT,LIT,mexc,spot,LIT/USDT,gate,swap,LIT/USDT:USDT,True,,500,0.005520743966108989,0.9959966029070194,1.6304064645856836e-15,0.07125290574486517,-0.12306530685646244,0.0034129580190223052,0.10598259990051151,0.22906757238294823,0.918343874179719,228.0,131.328,107.0,61.632,22.0,12.671999999999999,-0.9857507126195173,-0.0702129417842201,False,range=0.23% вне 2.00%–35.00% | std=0.071% < 0.600% | half-life=0.9 bars
LPT|mexc:spot:LPT/USDT|gate:swap:LPT/USDT:USDT,LPT,mexc,spot,LPT/USDT,gate,swap,LPT/USDT:USDT,True,,500,0.004389893646779734,0.9929354569654205,5.7706316444395555e-15,0.0966019558345388,-0.14775769111486925,0.0018835759588498036,0.17360660986003307,0.3213230482112138,0.8750610471455965,198.0,114.048,113.0,65.088,17.0,9.792,-2.6780713981999895,-0.2583725769376599,False,range=0.32% вне 2.00%–35.00% | std=0.097% < 0.600% | half-life=0.9 bars
LQTY|mexc:spot:LQTY/USDT|gate:swap:LQTY/USDT:USDT,LQTY,mexc,spot,LQTY/USDT,gate,swap,LQTY/USDT:USDT,True,,500,-0.08898026785246108,0.9381895116364267,7.083197595389541e-14,0.24726377872784777,-0.3853896948400659,-0.012410144539309886,0.37489593907495955,0.7603291901346646,1.8588152002219243,131.0,75.456,71.0,40.896,13.0,7.4879999999999995,-0.004849094763753969,-0.0011989983066951204,False,range=0.76% вне 2.00%–35.00% | std=0.247% < 0.600% | half-life=1.9 bars
LRC|mexc:spot:LRC/USDT|gate:swap:LRC/USDT:USDT,LRC,mexc,spot,LRC/USDT,gate,swap,LRC/USDT:USDT,True,,500,-0.59846538597812,0.8696457522698471,0.0011587725641767754,0.4678171115716818,-0.7872437743420058,-0.007777311412715537,0.7787854883444689,1.5661275053829722,2.1353652579266824,100.0,57.6,47.0,27.072,16.0,9.216,0.04851716039387714,0.022699733836795133,False,range=1.57% вне 2.00%–35.00% | std=0.468% < 0.600%
LTC|mexc:spot:LTC/USDT|gate:swap:LTC/USDT:USDT,LTC,mexc,spot,LTC/USDT,gate,swap,LTC/USDT:USDT,True,,500,-0.016929021278878555,1.0041560942637073,0.0001210497905813387,0.028099705656179967,-0.041925272343379394,-0.00018322817672000724,0.05006461192607059,0.09198614722339292,0.9502636399206814,191.0,110.01599999999999,100.0,57.6,24.0,13.824,0.936955120770704,0.02633162927159205,False,range=0.09% вне 2.00%–35.00% | std=0.028% < 0.600% | half-life=1.0 bars
LUMIA|mexc:spot:LUMIA/USDT|gate:swap:LUMIA/USDT:USDT,LUMIA,mexc,spot,LUMIA/USDT,gate,swap,LUMIA/USDT:USDT,True,,500,0.04226320446640036,1.0186738304062866,1.781504562629385e-10,0.3633675840126869,-0.6043293685739526,0.0010405824421910737,0.5320080168999208,1.1367606824880183,1.652598314573339,138.0,79.488,78.0,44.928,13.0,7.4879999999999995,-0.253206044495885,-0.09196455530465775,False,range=1.14% вне 2.00%–35.00% | std=0.363% < 0.600% | half-life=1.7 bars
LUNA|mexc:spot:LUNA/USDT|gate:swap:LUNA/USDT:USDT,LUNA,mexc,spot,LUNA/USDT,gate,swap,LUNA/USDT:USDT,True,,500,-0.3065899250649083,0.8965539955725751,6.274020655308442e-15,0.2047639024576543,-0.34046152132301,-0.0017951305395391692,0.32329048146266803,0.6638114317750919,1.640202019731636,171.0,98.496,67.0,38.592,18.0,10.368,0.043638934281875895,0.008936077726207081,False,range=0.66% вне 2.00%–35.00% | std=0.205% < 0.600% | half-life=1.6 bars
LUNC|mexc:spot:LUNC/USDT|gate:swap:LUNC/USDT:USDT,LUNC,mexc,spot,LUNC/USDT,gate,swap,LUNC/USDT:USDT,True,,500,-0.5376761670224532,0.9455398293784617,0.0015011313210490467,0.10149075284518155,-0.1610585222629024,-0.0033668629799477046,0.172456057442405,0.33349588366096583,1.1169361564334728,196.0,112.896,90.0,51.839999999999996,18.0,10.368,-0.08086395326002119,-0.008206606733818234,False,range=0.33% вне 2.00%–35.00% | std=0.101% < 0.600% | half-life=1.1 bars
LYN|mexc:spot:LYN/USDT|gate:swap:LYN/USDT:USDT,LYN,mexc,spot,LYN/USDT,gate,swap,LYN/USDT:USDT,True,,500,0.00680993493940946,1.0025915701044186,0.007969216686667143,0.21402740447487742,-0.3498920491116775,0.032276997591984546,0.3432676061448925,0.6931853906511453,0.911769425190998,184.0,105.984,114.0,65.664,19.0,10.943999999999999,-0.9280914117428181,-0.19843984325104147,False,range=0.69% вне 2.00%–35.00% | std=0.214% < 0.600% | half-life=0.9 bars
M|mexc:spot:M/USDT|gate:swap:M/USDT:USDT,M,mexc,spot,M/USDT,gate,swap,M/USDT:USDT,True,,500,0.0024197830811574523,0.9737672290005658,9.779738190664588e-19,0.13542898553548163,-0.20881761397762988,-0.004507204907944207,0.22078894567747476,0.4295815070055928,1.0246763382571973,196.0,112.896,93.0,53.568,17.0,9.792,-0.6401151191075125,-0.08665257615958488,False,range=0.43% вне 2.00%–35.00% | std=0.135% < 0.600% | half-life=1.0 bars
MAGIC|mexc:spot:MAGIC/USDT|gate:swap:MAGIC/USDT:USDT,MAGIC,mexc,spot,MAGIC/USDT,gate,swap,MAGIC/USDT:USDT,True,,500,0.016015729777743203,1.0053275571045734,2.223047325677105e-08,0.24981937582745145,-0.3614887081292206,0.004051224639045614,0.38914652257386884,0.7505349635399615,1.1230368349816087,173.0,99.648,73.0,42.048,15.0,8.64,0.098795010679895,0.024683953889725885,False,range=0.75% вне 2.00%–35.00% | std=0.250% < 0.600% | half-life=1.1 bars
MAGMA|mexc:spot:MAGMA/USDT|gate:swap:MAGMA/USDT:USDT,MAGMA,mexc,spot,MAGMA/USDT,gate,swap,MAGMA/USDT:USDT,True,,500,0.009863698582382766,1.0065772573873764,2.0595368099309482e-10,0.3891329405881425,-0.6063608512656637,0.004817348719354797,0.6256903161445893,1.2319476852400948,1.1941991085192902,151.0,86.976,94.0,54.144,19.0,10.943999999999999,1.272258462591097,0.4963052111799371,False,range=1.23% вне 2.00%–35.00% | std=0.389% < 0.600% | half-life=1.2 bars
MANA|mexc:spot:MANA/USDT|gate:swap:MANA/USDT:USDT,MANA,mexc,spot,MANA/USDT,gate,swap,MANA/USDT:USDT,True,,500,0.0990336428104254,1.0405928878241195,7.163594169667883e-12,0.26957861643381514,-0.4737901959448898,0.0028285813842066077,0.4100328926934127,0.8841106882123088,1.36211554261192,145.0,83.52,77.0,44.352,19.0,10.943999999999999,1.410203675119653,0.3808842831946935,False,range=0.88% вне 2.00%–35.00% | std=0.270% < 0.600% | half-life=1.4 bars
MANTA|mexc:spot:MANTA/USDT|gate:swap:MANTA/USDT:USDT,MANTA,mexc,spot,MANTA/USDT,gate,swap,MANTA/USDT:USDT,True,,500,-0.08187526628233907,0.9697825174608189,6.070203585863897e-18,0.2206310565201752,-0.3245649834900277,-0.000508812694421934,0.3284345320269333,0.6529892019454397,1.1965639952143066,180.0,103.67999999999999,83.0,47.808,17.0,9.792,0.02152362261033195,0.00474889235302367,False,range=0.65% вне 2.00%–35.00% | std=0.221% < 0.600% | half-life=1.2 bars
MANTRA|mexc:spot:MANTRA/USDT|gate:swap:MANTRA/USDT:USDT,MANTRA,mexc,spot,MANTRA/USDT,gate,swap,MANTRA/USDT:USDT,True,,500,-0.32370912147486286,0.9405184192007513,1.030169072591653e-22,0.18372023556738568,-0.32442797668990053,0.0066731579261070095,0.2686522306278638,0.5932473908134471,1.0111035409610072,194.0,111.744,87.0,50.112,22.0,12.671999999999999,0.6705450602358787,0.12326860979765542,False,range=0.59% вне 2.00%–35.00% | std=0.184% < 0.600% | half-life=1.0 bars
MARSCOIN|mexc:spot:MARSCOIN/USDT|gate:swap:MARSCOIN/USDT:USDT,MARSCOIN,mexc,spot,MARSCOIN/USDT,gate,swap,MARSCOIN/USDT:USDT,True,,500,-0.008865568771085281,0.9952209235731694,0.0,0.1164502717003828,-0.19025364678945111,-0.0011010510311604271,0.18596780235706767,0.3762299552430647,0.7105302646023143,242.0,139.392,119.0,68.544,30.0,17.28,-0.45162526139447057,-0.052578057288665825,False,range=0.38% вне 2.00%–35.00% | std=0.116% < 0.600% | half-life=0.7 bars
MASK|mexc:spot:MASK/USDT|gate:swap:MASK/USDT:USDT,MASK,mexc,spot,MASK/USDT,gate,swap,MASK/USDT:USDT,True,,500,-0.05679370359400816,0.9258753596022731,2.399314771471657e-24,0.22477061458373396,-0.3457441521366178,-0.006345578508704097,0.3616276913521954,0.7073186190201768,1.3706174334667338,154.0,88.704,83.0,47.808,20.0,11.52,0.2959088812126368,0.06653374497442854,False,range=0.71% вне 2.00%–35.00% | std=0.225% < 0.600% | half-life=1.4 bars
MAV|mexc:spot:MAV/USDT|gate:swap:MAV/USDT:USDT,MAV,mexc,spot,MAV/USDT,gate,swap,MAV/USDT:USDT,True,,500,-0.25260341083167737,0.9428221052977264,3.1700031090841642e-09,0.2808388867992502,-0.38918707551878207,-0.03574185580930145,0.5864873262100279,0.9747205633999154,2.110362589248972,160.0,92.16,54.0,31.104,14.0,8.064,-1.086680017740535,-0.30471679956695086,False,range=0.97% вне 2.00%–35.00% | std=0.281% < 0.600%
MAVIA|mexc:spot:MAVIA/USDT|gate:swap:MAVIA/USDT:USDT,MAVIA,mexc,spot,MAVIA/USDT,gate,swap,MAVIA/USDT:USDT,True,,500,-0.24014194821724255,0.9306258616382769,2.7108185627159414e-13,0.1680221551922067,-0.2704125521635681,0.013129858114191428,0.2787561996650423,0.5491472224469729,1.2468950409482418,175.0,100.8,89.0,51.263999999999996,19.0,10.943999999999999,1.8512410127809291,0.3115337656867334,False,range=0.55% вне 2.00%–35.00% | std=0.168% < 0.600% | half-life=1.2 bars
ME|mexc:spot:ME/USDT|gate:swap:ME/USDT:USDT,ME,mexc,spot,ME/USDT,gate,swap,ME/USDT:USDT,True,,500,-0.04883021355780173,0.9807879259753839,1.2551990548862995e-14,0.13942736358007582,-0.21543831271109148,-0.005758526511501216,0.23319055833430635,0.4485898059867983,1.175782181837359,184.0,105.984,109.0,62.784,19.0,10.943999999999999,2.489063300287346,0.3476464270470103,False,range=0.45% вне 2.00%–35.00% | std=0.139% < 0.600% | half-life=1.2 bars
MEGA|mexc:spot:MEGA/USDT|gate:swap:MEGA/USDT:USDT,MEGA,mexc,spot,MEGA/USDT,gate,swap,MEGA/USDT:USDT,True,,500,-0.004181377246432058,0.998362502932204,9.549200506197005e-09,0.21281138560365373,-0.30971887393919095,0.007696388105449259,0.28495599447435627,0.5947502599998142,0.7233015815984913,221.0,127.29599999999999,91.0,52.416,22.0,12.671999999999999,-0.46525833868548777,-0.09896327074316869,False,range=0.59% вне 2.00%–35.00% | std=0.213% < 0.600% | half-life=0.7 bars
MELANIA|mexc:spot:MELANIA/USDT|gate:swap:MELANIA/USDT:USDT,MELANIA,mexc,spot,MELANIA/USDT,gate,swap,MELANIA/USDT:USDT,True,,500,-0.10583429465991238,0.9530077539361371,1.252649257462386e-22,0.2995549690626954,-0.48045107463164927,0.002802347953934081,0.4541186973319844,0.9346996404335471,1.5030956250357903,164.0,94.464,87.0,50.112,13.0,7.4879999999999995,0.703762506496292,0.21103792809165078,False,range=0.93% вне 2.00%–35.00% | std=0.300% < 0.600% | half-life=1.5 bars
MEME|mexc:spot:MEME/USDT|gate:swap:MEME/USDT:USDT,MEME,mexc,spot,MEME/USDT,gate,swap,MEME/USDT:USDT,True,,500,-0.04122387724325515,0.9943028547747254,1.3104225141467873e-29,0.12600755457524224,-0.20494385359195455,-0.0019818314502151324,0.21024788041066333,0.4151813197456278,0.9548328988316822,211.0,121.536,110.0,63.36,21.0,12.096,-1.979387733228584,-0.24910702004606877,False,range=0.42% вне 2.00%–35.00% | std=0.126% < 0.600% | half-life=1.0 bars
MERL|mexc:spot:MERL/USDT|gate:swap:MERL/USDT:USDT,MERL,mexc,spot,MERL/USDT,gate,swap,MERL/USDT:USDT,True,,500,-0.03562202316184552,0.989570693738336,4.954663979645722e-28,0.2355068849702392,-0.34017680826223806,-0.005777036288179271,0.4209526137830544,0.7608258119881948,1.0870542877125424,194.0,111.744,87.0,50.112,30.0,17.28,-0.19239639101145584,-0.045300410990711804,False,range=0.76% вне 2.00%–35.00% | std=0.236% < 0.600% | half-life=1.1 bars
MET|mexc:spot:MET/USDT|gate:swap:MET/USDT:USDT,MET,mexc,spot,MET/USDT,gate,swap,MET/USDT:USDT,True,,500,-0.00613953831818849,0.9937305027822408,1.0948979621977151e-08,0.12195757551322159,-0.21161071122562936,0.006135207701341017,0.190277279023765,0.4019314041689159,0.8729099509559587,203.0,116.928,111.0,63.936,23.0,13.248,-1.103296318496314,-0.13446485896213556,False,range=0.40% вне 2.00%–35.00% | std=0.122% < 0.600% | half-life=0.9 bars
METIS|mexc:spot:METIS/USDT|gate:swap:METIS/USDT:USDT,METIS,mexc,spot,METIS/USDT,gate,swap,METIS/USDT:USDT,True,,500,0.0649458907535769,0.9450264663123144,0.00019855587255947967,0.2187144450182462,-0.36128251358242824,0.01006767602558245,0.3543164108955388,0.7156269040766627,0.9967105793516667,195.0,112.32,97.0,55.872,15.0,8.64,-1.0045462405891474,-0.21946759044566555,False,range=0.72% вне 2.00%–35.00% | std=0.219% < 0.600% | half-life=1.0 bars
MEW|mexc:spot:MEW/USDT|gate:swap:MEW/USDT:USDT,MEW,mexc,spot,MEW/USDT,gate,swap,MEW/USDT:USDT,True,,500,0.22812487817435817,1.0297094792459653,0.2892514123067206,0.19289788320098192,-0.27997862905102533,-0.018748335624829693,0.37088745753532937,0.6505726682198794,1.5444371207598808,161.0,92.736,78.0,44.928,21.0,12.096,-0.33811574317097093,-0.06520054633493144,False,ADF=0.2893 > 0.05 | range=0.65% вне 2.00%–35.00% | std=0.193% < 0.600% | half-life=1.5 bars
MICRODUCK|mexc:spot:MICRODUCK/USDT|gate:swap:MICRODUCK/USDT:USDT,MICRODUCK,mexc,spot,MICRODUCK/USDT,gate,swap,MICRODUCK/USDT:USDT,True,,500,0.2025216391907031,1.035459771113327,0.0002994782495421256,1.380898697286196,-2.6343392573781377,0.08174271849390458,2.208309513165796,4.8539391481217065,1.6707413776993079,143.0,82.368,79.0,45.504,20.0,11.52,0.4638992289221517,0.6426540572070927,False,half-life=1.7 bars
MINA|mexc:spot:MINA/USDT|gate:swap:MINA/USDT:USDT,MINA,mexc,spot,MINA/USDT,gate,swap,MINA/USDT:USDT,True,,500,-0.06913438509651279,0.9613377529742251,0.032166114684229266,0.2735030754114817,-0.3858302842240424,-0.023387963751664298,0.4704768310776819,0.8559500773192785,1.4295739760196005,153.0,88.128,90.0,51.839999999999996,24.0,13.824,1.3831537246944767,0.37901324295086525,False,range=0.86% вне 2.00%–35.00% | std=0.274% < 0.600% | half-life=1.4 bars
MIRA|mexc:spot:MIRA/USDT|gate:swap:MIRA/USDT:USDT,MIRA,mexc,spot,MIRA/USDT,gate,swap,MIRA/USDT:USDT,True,,500,-0.0037903140984016114,0.999023382069939,8.91372577644167e-09,0.11861295802586824,-0.17813337443397526,-0.004202772909911445,0.16846536035253212,0.3466158372308517,0.8808621218338037,212.0,122.112,101.0,58.175999999999995,17.0,9.792,0.12373463586624486,0.014677608225865946,False,range=0.35% вне 2.00%–35.00% | std=0.119% < 0.600% | half-life=0.9 bars
MITO|mexc:spot:MITO/USDT|gate:swap:MITO/USDT:USDT,MITO,mexc,spot,MITO/USDT,gate,swap,MITO/USDT:USDT,True,,500,-0.030457261019007444,0.992888367609406,2.3822264152261192e-14,0.1582636110832861,-0.2202247347919073,-0.00041504457164442954,0.2248624428885515,0.44507759172320394,0.7921714245246421,223.0,128.448,94.0,54.144,23.0,13.248,0.18793795412851155,0.02974816316863027,False,range=0.45% вне 2.00%–35.00% | std=0.158% < 0.600% | half-life=0.8 bars
MMT|mexc:spot:MMT/USDT|gate:swap:MMT/USDT:USDT,MMT,mexc,spot,MMT/USDT,gate,swap,MMT/USDT:USDT,True,,500,-0.010299677955046277,0.9943071028175346,0.004983377970613441,0.12002445596514838,-0.18729659397224152,0.01780316404771387,0.1820602728437759,0.3693669573699043,0.8532914904889704,209.0,120.384,123.0,70.848,25.0,14.4,0.6059063332682233,0.07275002802189512,False,range=0.37% вне 2.00%–35.00% | std=0.120% < 0.600% | half-life=0.9 bars
MNT|mexc:spot:MNT/USDT|gate:swap:MNT/USDT:USDT,MNT,mexc,spot,MNT/USDT,gate,swap,MNT/USDT:USDT,True,,500,-0.014501563090210948,0.9578299364340143,3.4318417169092487e-14,0.13965877138005373,-0.2305809644649437,0.0022373366687977736,0.21882732608113908,0.449435459530023,1.296851157317853,176.0,101.37599999999999,83.0,47.808,17.0,9.792,0.8225870486252105,0.11494751063227948,False,range=0.45% вне 2.00%–35.00% | std=0.140% < 0.600% | half-life=1.3 bars
MOCA|mexc:spot:MOCA/USDT|gate:swap:MOCA/USDT:USDT,MOCA,mexc,spot,MOCA/USDT,gate,swap,MOCA/USDT:USDT,True,,500,-0.050398241687269404,0.9892593215675554,9.797615834820209e-09,0.26794932510271813,-0.44192414814271386,0.0075363817553242285,0.4556203933302472,0.8974891049788966,1.5876943352728246,141.0,81.216,91.0,52.416,11.0,6.335999999999999,-1.8090878240581483,-0.48357087454447,False,range=0.90% вне 2.00%–35.00% | std=0.268% < 0.600% | half-life=1.6 bars
MOG|mexc:spot:MOG/USDT|gate:swap:MOG/USDT:USDT,MOG,mexc,spot,MOG/USDT,gate,swap,MOG/USDT:USDT,True,,500,-0.9447270039397525,0.9406835315042624,1.1135454996003207e-08,0.16993890395168604,-0.2982945581756491,0.008533747579986262,0.25476792170984197,0.5531842815089226,1.0877556575820595,190.0,109.44,106.0,61.056,12.0,6.912,0.9239188546698918,0.157133082358496,False,range=0.55% вне 2.00%–35.00% | std=0.170% < 0.600% | half-life=1.1 bars
MON|mexc:spot:MON/USDT|gate:swap:MON/USDT:USDT,MON,mexc,spot,MON/USDT,gate,swap,MON/USDT:USDT,True,,500,0.008927128655329677,1.002469072983218,6.168217238029572e-11,0.14121201501276076,-0.23190256425645872,0.006798488887183041,0.20615419984220118,0.438113868361658,0.7325883821163957,235.0,135.35999999999999,107.0,61.632,21.0,12.096,0.25387945194657113,0.03585725615746771,False,range=0.44% вне 2.00%–35.00% | std=0.141% < 0.600% | half-life=0.7 bars
MONITOR|mexc:spot:MONITOR/USDT|gate:swap:MONITOR/USDT:USDT,MONITOR,mexc,spot,MONITOR/USDT,gate,swap,MONITOR/USDT:USDT,True,,500,0.25289098641622537,1.0450904914248635,0.0473113162797548,1.6025345699785944,-2.6111049503886874,0.030634625758851897,2.300570344100694,4.920305786913535,1.6637140825306003,140.0,80.64,66.0,38.016,18.0,10.368,-1.9695365545537373,-3.1069607614505723,False,half-life=1.7 bars
MOO|mexc:spot:MOO/USDT|gate:swap:MOO/USDT:USDT,MOO,mexc,spot,MOO/USDT,gate,swap,MOO/USDT:USDT,True,,500,0.33066605962585405,1.0694726005147124,3.688577677628798e-05,1.6193305463372938,-2.38373115214372,-0.05684668297660789,2.4253237035748887,4.808981528118578,1.5420698852510073,157.0,90.432,82.0,47.232,12.0,6.912,0.12458760637956577,0.20195216595522147,False,half-life=1.5 bars
MOODENG|mexc:spot:MOODENG/USDT|gate:swap:MOODENG/USDT:USDT,MOODENG,mexc,spot,MOODENG/USDT,gate,swap,MOODENG/USDT:USDT,True,,500,0.02044225137225347,1.0065062578597905,0.008051105287581238,0.13290972064400763,-0.19854942067355497,-0.003558588445451427,0.22297323651703227,0.42147181142960544,0.8410790875557209,202.0,116.35199999999999,105.0,60.48,29.0,16.704,-0.3864306888572364,-0.05134720771137191,False,range=0.42% вне 2.00%–35.00% | std=0.133% < 0.600% | half-life=0.8 bars
MORPHO|mexc:spot:MORPHO/USDT|gate:swap:MORPHO/USDT:USDT,MORPHO,mexc,spot,MORPHO/USDT,gate,swap,MORPHO/USDT:USDT,True,,500,-0.002493454534063254,1.003514109562408,0.00016512995177340854,0.13242992229681347,-0.2310677573970965,0.014537045144868976,0.18593284360441942,0.4170953333523709,0.777939211178178,223.0,128.448,104.0,59.903999999999996,26.0,14.975999999999999,0.2838419123715924,0.03759622801082774,False,range=0.42% вне 2.00%–35.00% | std=0.132% < 0.600% | half-life=0.8 bars
MOVE|mexc:spot:MOVE/USDT|gate:swap:MOVE/USDT:USDT,MOVE,mexc,spot,MOVE/USDT,gate,swap,MOVE/USDT:USDT,True,,500,0.01941127345069296,1.0037985301775996,3.507329644549836e-30,0.24800850567370988,-0.37515645694892186,-0.0020605999535239228,0.3825649171627532,0.7576969323649773,0.8945544088309733,216.0,124.416,101.0,58.175999999999995,19.0,10.943999999999999,1.0335250932304858,0.25665180224578865,False,range=0.76% вне 2.00%–35.00% | std=0.248% < 0.600% | half-life=0.9 bars
MOVR|mexc:spot:MOVR/USDT|gate:swap:MOVR/USDT:USDT,MOVR,mexc,spot,MOVR/USDT,gate,swap,MOVR/USDT:USDT,True,,500,0.0008158808090138882,0.9999524173906069,0.0,0.2933310482602072,-0.47603631930397405,0.022016748643105544,0.420432602934806,0.896724235427031,0.6444526557015257,247.0,142.272,112.0,64.512,23.0,13.248,-0.8655312745028817,-0.25356517509128595,False,range=0.90% вне 2.00%–35.00% | std=0.293% < 0.600% | half-life=0.6 bars
MUBARAK|mexc:spot:MUBARAK/USDT|gate:swap:MUBARAK/USDT:USDT,MUBARAK,mexc,spot,MUBARAK/USDT,gate,swap,MUBARAK/USDT:USDT,True,,500,-0.030453841662774404,0.9894253805601847,0.4378632499701037,0.15825727326606534,-0.24390481422916777,0.005497845942525892,0.24899089773768868,0.49288417556212927,1.200184005635917,162.0,93.312,109.0,62.784,21.0,12.096,0.45700666891376784,0.07235078985305954,False,ADF=0.4379 > 0.05 | range=0.49% вне 2.00%–35.00% | std=0.158% < 0.600% | half-life=1.2 bars
MUSEBOOK|mexc:spot:MUSEBOOK/USDT|gate:swap:MUSEBOOK/USDT:USDT,MUSEBOOK,mexc,spot,MUSEBOOK/USDT,gate,swap,MUSEBOOK/USDT:USDT,True,,500,-0.00914315444990622,0.9999524481159824,5.05493971354211e-22,0.5819391518164465,-0.986645180468293,0.023154357022203698,0.9144243176134603,1.9018135505506084,0.9401977109188315,212.0,122.112,117.0,67.392,23.0,13.248,-0.038407449286161896,-0.022348300856034342,False,range=1.90% вне 2.00%–35.00% | std=0.582% < 0.600% | half-life=0.9 bars
MYX|mexc:spot:MYX/USDT|gate:swap:MYX/USDT:USDT,MYX,mexc,spot,MYX/USDT,gate,swap,MYX/USDT:USDT,True,,500,-0.07251699337378027,0.9715922894165975,9.437879933321654e-05,0.1632849052775846,-0.2693012336404843,0.002725185745955372,0.2733294100305317,0.542621046227787,1.09548328367228,175.0,100.8,102.0,58.751999999999995,25.0,14.4,-0.6137845259943951,-0.10017154296755315,False,range=0.54% вне 2.00%–35.00% | std=0.163% < 0.600% | half-life=1.1 bars
NAORIS|mexc:spot:NAORIS/USDT|gate:swap:NAORIS/USDT:USDT,NAORIS,mexc,spot,NAORIS/USDT,gate,swap,NAORIS/USDT:USDT,True,,500,0.004646206436760308,1.0022075389282519,3.1785166290127797e-15,0.2334816652252308,-0.3861971060616143,-0.012934724934920983,0.3943282586985619,0.7804975953449844,1.5527756026274915,152.0,87.55199999999999,69.0,39.744,21.0,12.096,-0.29871917345563803,-0.06972113356773502,False,range=0.78% вне 2.00%–35.00% | std=0.233% < 0.600% | half-life=1.6 bars
NEAR|mexc:spot:NEAR/USDT|gate:swap:NEAR/USDT:USDT,NEAR,mexc,spot,NEAR/USDT,gate,swap,NEAR/USDT:USDT,True,,500,0.002086788810162697,0.9992185430591065,4.932117373766431e-09,0.06373792934960258,-0.10808846694497776,0.003340430028142549,0.10736679448710706,0.21545612222350513,0.826017102238936,216.0,124.416,124.0,71.42399999999999,25.0,14.4,-3.810289530997259,-0.24256529870586574,False,range=0.22% вне 2.00%–35.00% | std=0.064% < 0.600% | half-life=0.8 bars
NEO|mexc:spot:NEO/USDT|gate:swap:NEO/USDT:USDT,NEO,mexc,spot,NEO/USDT,gate,swap,NEO/USDT:USDT,True,,500,0.03305895318106647,0.9659890918557894,5.36364141021514e-21,0.2553447209727157,-0.3833598143168082,-0.009987905976671652,0.4591219278021752,0.8421676994820879,1.6518781072527673,156.0,89.856,51.0,29.375999999999998,21.0,12.096,1.137358307164723,0.2908405624812982,False,range=0.84% вне 2.00%–35.00% | std=0.255% < 0.600% | half-life=1.7 bars
NES|mexc:spot:NES/USDT|gate:swap:NES/USDT:USDT,NES,mexc,spot,NES/USDT,gate,swap,NES/USDT:USDT,True,,500,-0.2237473352093517,0.879969339397232,0.254082201005864,0.33467484292668265,-0.43200680478530096,-0.0739879063079707,0.5485436630055851,0.9799872920464979,2.889646851505087,55.0,31.68,40.0,23.04,4.0,2.304,-0.2328385145513737,-0.07789483949083298,False,ADF=0.2541 > 0.05 | range=0.98% вне 2.00%–35.00% | std=0.335% < 0.600%
NEWT|mexc:spot:NEWT/USDT|gate:swap:NEWT/USDT:USDT,NEWT,mexc,spot,NEWT/USDT,gate,swap,NEWT/USDT:USDT,True,,500,-0.03847902531727315,0.9863073017769621,0.0014834352800304452,0.1443356308034568,-0.25104250354264224,0.00225947150052086,0.23413464020534125,0.4852191157479013,1.0907165875600369,190.0,109.44,88.0,50.687999999999995,24.0,13.824,2.658738927689767,0.38448802628596734,False,range=0.49% вне 2.00%–35.00% | std=0.144% < 0.600% | half-life=1.1 bars
NIGHT|mexc:spot:NIGHT/USDT|gate:swap:NIGHT/USDT:USDT,NIGHT,mexc,spot,NIGHT/USDT,gate,swap,NIGHT/USDT:USDT,True,,500,0.05254989131287561,1.0156625645280706,0.03090715575529783,0.3187989122664618,-0.3142344602365954,-0.050233467524307684,0.4080896859350869,0.7219884719140162,1.5588987397422656,138.0,79.488,48.0,27.648,9.0,5.184,-0.889425477651052,-0.2831462575130117,False,range=0.72% вне 2.00%–35.00% | std=0.319% < 0.600% | half-life=1.6 bars
NIL|mexc:spot:NIL/USDT|gate:swap:NIL/USDT:USDT,NIL,mexc,spot,NIL/USDT,gate,swap,NIL/USDT:USDT,True,,500,0.0036852455563138532,1.0011740106243738,0.0007701741614700029,0.1996282446389167,-0.3130493669664336,0.005689334382985578,0.32407513471051086,0.637091534556322,0.8120798286168448,221.0,127.29599999999999,109.0,62.784,25.0,14.4,-1.4265877633845705,-0.2843820769312888,False,range=0.64% вне 2.00%–35.00% | std=0.200% < 0.600% | half-life=0.8 bars
NMR|mexc:spot:NMR/USDT|gate:swap:NMR/USDT:USDT,NMR,mexc,spot,NMR/USDT,gate,swap,NMR/USDT:USDT,True,,500,0.060549669506907794,0.9757179106195505,0.06763203547209369,0.1352261995597174,-0.21439763668453793,-0.007427497905310165,0.23185269566443623,0.4462121294767923,1.4053938490026339,157.0,90.432,94.0,54.144,18.0,10.368,-1.2370462101334798,-0.16714122089924732,False,ADF=0.0676 > 0.05 | range=0.45% вне 2.00%–35.00% | std=0.135% < 0.600% | half-life=1.4 bars
NOM|mexc:spot:NOM/USDT|gate:swap:NOM/USDT:USDT,NOM,mexc,spot,NOM/USDT,gate,swap,NOM/USDT:USDT,True,,500,0.03534704126755048,1.0060218303296378,6.518620054360846e-12,0.27352206702571913,-0.37826251489481155,-0.01630004208891256,0.45234006431278395,0.8302998181195863,0.6897221287222951,240.0,138.24,88.0,50.687999999999995,28.0,16.128,-0.1435122247972454,-0.039246057089459274,False,range=0.83% вне 2.00%–35.00% | std=0.274% < 0.600% | half-life=0.7 bars
NOT|mexc:spot:NOT/USDT|gate:swap:NOT/USDT:USDT,NOT,mexc,spot,NOT/USDT,gate,swap,NOT/USDT:USDT,True,,500,-0.5629544303771045,0.9258732232440217,5.004562249769328e-13,0.2712606022849602,-0.41764998311750734,-0.017838399893643775,0.46318893074288603,0.8806440884990472,1.7509226263221342,150.0,86.39999999999999,63.0,36.288,17.0,9.792,0.7845284373427925,0.2130382611472248,False,range=0.88% вне 2.00%–35.00% | std=0.271% < 0.600% | half-life=1.8 bars
NXPC|mexc:spot:NXPC/USDT|gate:swap:NXPC/USDT:USDT,NXPC,mexc,spot,NXPC/USDT,gate,swap,NXPC/USDT:USDT,True,,500,-0.0739286425233018,0.9484593039613768,1.7990742296904314e-17,0.21014795325329008,-0.3212457807535207,-0.0004733002069157166,0.3625195996774355,0.6836269639087489,1.4342639816200866,171.0,98.496,69.0,39.744,16.0,9.216,-1.0279821194894203,-0.2157951651137413,False,range=0.68% вне 2.00%–35.00% | std=0.210% < 0.600% | half-life=1.4 bars
NXT|mexc:spot:NXT/USDT|gate:swap:NXT/USDT:USDT,NXT,mexc,spot,NXT/USDT,gate,swap,NXT/USDT:USDT,True,,500,-3.150285842432548,-0.02370625051799547,4.5834374853382807e-07,0.20711497229605205,-0.29609678120363636,0.04056574914557132,0.18872681664763302,0.48508496631735926,11.540710986013448,4.0,2.304,6.0,3.456,1.0,0.576,-1.4317459123665488,-0.29609678120363636,False,range=0.49% вне 2.00%–35.00% | std=0.207% < 0.600% | zero-crossings/day=2.30 < 3.00
O|mexc:spot:O/USDT|gate:swap:O/USDT:USDT,O,mexc,spot,O/USDT,gate,swap,O/USDT:USDT,True,,500,-0.009797530592109442,0.9843988562168934,5.439562564890978e-07,0.2282449264671659,-0.3807194377964729,0.019946531521863875,0.34542233382262033,0.7262731401418363,0.9123034864039276,214.0,123.264,116.0,66.816,20.0,11.52,0.6409679257947413,0.1464047443483718,False,range=0.73% вне 2.00%–35.00% | std=0.228% < 0.600% | half-life=0.9 bars
OG|mexc:spot:OG/USDT|gate:swap:OG/USDT:USDT,OG,mexc,spot,OG/USDT,gate,swap,OG/USDT:USDT,True,,500,-0.015518408522139048,1.0157899357731788,6.245636954169638e-16,0.22073954763898862,-0.30491002693109337,-0.016308206534454417,0.405932853152291,0.7104869932908774,2.296168709934485,133.0,76.608,51.0,29.375999999999998,14.0,8.064,-0.21152438364947335,-0.046680897838280444,False,range=0.71% вне 2.00%–35.00% | std=0.221% < 0.600%
OGN|mexc:spot:OGN/USDT|gate:swap:OGN/USDT:USDT,OGN,mexc,spot,OGN/USDT,gate,swap,OGN/USDT:USDT,True,,500,-0.1305495467337882,0.9661005875336244,1.7687331991748405e-23,0.19763177842798346,-0.314572145342229,-0.012625393176168842,0.3577794017208813,0.6722088573253644,1.4289419393482783,155.0,89.28,82.0,47.232,18.0,10.368,-1.2925637178127924,-0.25512566616363586,False,range=0.67% вне 2.00%–35.00% | std=0.198% < 0.600% | half-life=1.4 bars
OKB|mexc:spot:OKB/USDT|gate:swap:OKB/USDT:USDT,OKB,mexc,spot,OKB/USDT,gate,swap,OKB/USDT:USDT,True,,500,0.3051930442722714,0.9366683433771711,0.05461171835843164,0.07200000580829989,-0.136980305310197,0.010940916230217645,0.10040181369226353,0.23742565387602435,1.6832703536099978,142.0,81.792,76.0,43.775999999999996,21.0,12.096,0.4137719692501207,0.029796022322359228,False,ADF=0.0546 > 0.05 | range=0.24% вне 2.00%–35.00% | std=0.072% < 0.600% | half-life=1.7 bars
ON|mexc:spot:ON/USDT|gate:swap:ON/USDT:USDT,ON,mexc,spot,ON/USDT,gate,swap,ON/USDT:USDT,True,,500,-0.0916303646642131,0.9600254109710862,1.2545409077860586e-17,0.4418242264172284,-0.6995222761387865,0.02981322498492034,0.6557691095928408,1.3556087014097427,1.3868410881282822,154.0,88.704,88.0,50.687999999999995,13.0,7.4879999999999995,0.0656189916395783,0.028996263323266547,False,range=1.36% вне 2.00%–35.00% | std=0.442% < 0.600% | half-life=1.4 bars
ONDO|mexc:spot:ONDO/USDT|gate:swap:ONDO/USDT:USDT,ONDO,mexc,spot,ONDO/USDT,gate,swap,ONDO/USDT:USDT,True,,500,0.012377551067449645,1.0168136966422259,0.005537746413681865,0.10346645672714991,-0.16787133037503565,0.010088776112460174,0.1566132398162834,0.3245031213602795,0.8695605624436262,217.0,124.99199999999999,102.0,58.751999999999995,20.0,11.52,0.8789861832555512,0.09098695393141565,False,range=0.32% вне 2.00%–35.00% | std=0.103% < 0.600% | half-life=0.9 bars
ONE|mexc:spot:ONE/USDT|gate:swap:ONE/USDT:USDT,ONE,mexc,spot,ONE/USDT,gate,swap,ONE/USDT:USDT,True,,500,0.10936491555289882,1.0060597811068197,0.0008774514514773037,0.8380865769548597,-1.2320529995065943,-0.024017477899107575,1.2271332874991714,2.459370736060936,2.3214594415435,72.0,41.472,37.0,21.312,7.0,4.032,-0.8486956617114362,-0.7087568295294555,True,
ONG|mexc:spot:ONG/USDT|gate:swap:ONG/USDT:USDT,ONG,mexc,spot,ONG/USDT,gate,swap,ONG/USDT:USDT,True,,500,-0.01014065694459805,0.9959499455595989,7.889942386547169e-07,0.13898100048967807,-0.22720878103587028,-0.0075260324735038076,0.21626711817568367,0.44350088930254356,0.9457846310482606,174.0,100.224,101.0,58.175999999999995,21.0,12.096,0.3639891868650036,0.050600379032750276,False,range=0.44% вне 2.00%–35.00% | std=0.139% < 0.600% | half-life=0.9 bars
ONT|mexc:spot:ONT/USDT|gate:swap:ONT/USDT:USDT,ONT,mexc,spot,ONT/USDT,gate,swap,ONT/USDT:USDT,True,,500,-0.24722564345044432,0.912381988934463,3.830694126222671e-11,0.21304236885211913,-0.33746337926123804,0.0011716349404666815,0.3078265959570725,0.6453878511471811,1.4959374828417038,192.0,110.592,62.0,35.711999999999996,14.0,8.064,1.1373654833840592,0.24260083758331774,False,range=0.65% вне 2.00%–35.00% | std=0.213% < 0.600% | half-life=1.5 bars
OP|mexc:spot:OP/USDT|gate:swap:OP/USDT:USDT,OP,mexc,spot,OP/USDT,gate,swap,OP/USDT:USDT,True,,500,0.0018147633654178386,1.0004767900573004,1.6709329129692102e-26,0.09691642907612069,-0.1463439781944187,0.0023193321833314684,0.14916534177071838,0.2955053663654339,0.6827787695927106,241.0,138.816,108.0,62.208,24.0,13.824,0.28352488869446385,0.027481995375078228,False,range=0.30% вне 2.00%–35.00% | std=0.097% < 0.600% | half-life=0.7 bars
OPEN|mexc:spot:OPEN/USDT|gate:swap:OPEN/USDT:USDT,OPEN,mexc,spot,OPEN/USDT,gate,swap,OPEN/USDT:USDT,True,,500,-0.06905086491075997,0.9652317932968272,1.6549077695055625e-07,0.13185119432320394,-0.20477615293337248,-0.008373885619350485,0.21672763167808196,0.42147922209418104,1.1197186988949548,177.0,101.952,95.0,54.72,20.0,11.52,-1.1493926780226167,-0.15143402014209384,False,range=0.42% вне 2.00%–35.00% | std=0.132% < 0.600% | half-life=1.1 bars
OPG|mexc:spot:OPG/USDT|gate:swap:OPG/USDT:USDT,OPG,mexc,spot,OPG/USDT,gate,swap,OPG/USDT:USDT,True,,500,-0.05359842637814406,0.9735601735540786,1.369366518507272e-25,0.2046737832448119,-0.3169950294086954,0.004872732423022441,0.3317051786869474,0.6486547735726985,1.2716991936379742,182.0,104.832,76.0,43.775999999999996,18.0,10.368,0.5930866440399716,0.12146299384392378,False,range=0.65% вне 2.00%–35.00% | std=0.205% < 0.600% | half-life=1.3 bars
OPN|mexc:spot:OPN/USDT|gate:swap:OPN/USDT:USDT,OPN,mexc,spot,OPN/USDT,gate,swap,OPN/USDT:USDT,True,,500,0.002809722088160533,1.001307930858513,2.0371316785988733e-30,0.22596120656334795,-0.3829918173053115,0.002535142734783058,0.37780746933238074,0.7608226783945408,0.8392057794228417,238.0,137.088,94.0,54.144,32.0,18.432,0.24333819761726305,0.05500011225472168,False,range=0.76% вне 2.00%–35.00% | std=0.226% < 0.600% | half-life=0.8 bars
ORBIO|mexc:spot:ORBIO/USDT|gate:swap:ORBIO/USDT:USDT,ORBIO,mexc,spot,ORBIO/USDT,gate,swap,ORBIO/USDT:USDT,True,,500,0.04865524445949818,1.0165847813995925,0.0015218342573430385,1.8957280571788444,-2.458570198020482,-0.39609956096176013,3.367860336500117,5.801687649366757,1.810170205553816,99.0,57.024,55.0,31.68,21.0,12.096,-0.9486915233534258,-1.7823853426711778,False,half-life=1.8 bars
ORCA|mexc:spot:ORCA/USDT|gate:swap:ORCA/USDT:USDT,ORCA,mexc,spot,ORCA/USDT,gate,swap,ORCA/USDT:USDT,True,,500,0.011023004038963063,0.9778300019690519,7.728415349923232e-27,0.2289872270736871,-0.34855862220052325,-0.011038061962309609,0.35805401752524446,0.7065820331957519,0.982850781527061,209.0,120.384,92.0,52.992,21.0,12.096,-0.604614288959449,-0.13835315313469598,False,range=0.71% вне 2.00%–35.00% | std=0.229% < 0.600% | half-life=1.0 bars
ORDER|mexc:spot:ORDER/USDT|gate:swap:ORDER/USDT:USDT,ORDER,mexc,spot,ORDER/USDT,gate,swap,ORDER/USDT:USDT,True,,500,-0.01136834715972093,0.9979419057488407,2.3728958090281342e-07,0.4601018364518976,-0.814571100623418,0.014787284392969724,0.7014178832786655,1.5168762489266816,1.9014803977540051,143.0,82.368,66.0,38.016,13.0,7.4879999999999995,0.29101817660335816,0.1339876808885032,False,range=1.52% вне 2.00%–35.00% | std=0.460% < 0.600% | half-life=1.9 bars
ORDI|mexc:spot:ORDI/USDT|gate:swap:ORDI/USDT:USDT,ORDI,mexc,spot,ORDI/USDT,gate,swap,ORDI/USDT:USDT,True,,500,0.009800481255241453,0.9940217833589897,8.204120714272978e-12,0.06224073514702077,-0.0976774639721456,-0.001790272687718364,0.09603145796033274,0.19371057674877676,0.8083663953987481,231.0,133.05599999999998,101.0,58.175999999999995,29.0,16.704,-0.14710749090874947,-0.009155659223680779,False,range=0.19% вне 2.00%–35.00% | std=0.062% < 0.600% | half-life=0.8 bars
PAID|mexc:spot:PAID/USDT|gate:swap:PAID/USDT:USDT,PAID,mexc,spot,PAID/USDT,gate,swap,PAID/USDT:USDT,True,,500,-0.03445494030163094,0.994609701250949,0.0012161100659896335,0.6353960330942786,-1.0230993613299488,0.01633188404874808,0.9431399935864615,1.9670891925898417,0.7722937160580333,226.0,130.176,120.0,69.12,29.0,16.704,-1.178070375875779,-0.7457466508114519,False,range=1.97% вне 2.00%–35.00% | half-life=0.8 bars
PAIR|mexc:spot:PAIR/USDT|gate:swap:PAIR/USDT:USDT,PAIR,mexc,spot,PAIR/USDT,gate,swap,PAIR/USDT:USDT,True,,500,0.15574845350533806,1.0291489295825094,4.524467472228716e-05,1.3871316032744834,-2.2111323836805474,0.13883699214172207,2.1603764342889464,4.373315396186258,1.8403834385769635,114.0,65.664,72.0,41.472,16.0,9.216,1.3360597807648127,1.8705707632916013,False,half-life=1.8 bars
PARTI|mexc:spot:PARTI/USDT|gate:swap:PARTI/USDT:USDT,PARTI,mexc,spot,PARTI/USDT,gate,swap,PARTI/USDT:USDT,True,,500,-0.07052544516687814,0.9806712953260921,1.28120859097756e-24,0.2515296164912454,-0.4045955391488443,-0.015492356624835502,0.38570737721190795,0.7903816748480973,1.3462588062051917,181.0,104.256,67.0,38.592,22.0,12.671999999999999,-0.3096972853097774,-0.07786770675642929,False,range=0.79% вне 2.00%–35.00% | std=0.252% < 0.600% | half-life=1.3 bars
PENDLE|mexc:spot:PENDLE/USDT|gate:swap:PENDLE/USDT:USDT,PENDLE,mexc,spot,PENDLE/USDT,gate,swap,PENDLE/USDT:USDT,True,,500,0.004413333042531978,0.9963483128368181,0.05603822827824088,0.10607563586411627,-0.16813112702424027,0.0012757192124235317,0.16959339622248937,0.33772237503857494,0.8242109976748966,195.0,112.32,118.0,67.968,23.0,13.248,-1.4684253821645645,-0.15564290673296677,False,ADF=0.0560 > 0.05 | range=0.34% вне 2.00%–35.00% | std=0.106% < 0.600% | half-life=0.8 bars
PENGU|mexc:spot:PENGU/USDT|gate:swap:PENGU/USDT:USDT,PENGU,mexc,spot,PENGU/USDT,gate,swap,PENGU/USDT:USDT,True,,500,-0.0485095657125824,0.9894357310968414,7.44431222880038e-27,0.09461141509715137,-0.14067393299497244,0.0037071688500089905,0.14442691790801376,0.28509569421101927,0.710499741597299,223.0,128.448,100.0,57.6,31.0,17.855999999999998,-0.15875737612105023,-0.015019132026927728,False,range=0.29% вне 2.00%–35.00% | std=0.095% < 0.600% | half-life=0.7 bars
PEOPLE|mexc:spot:PEOPLE/USDT|gate:swap:PEOPLE/USDT:USDT,PEOPLE,mexc,spot,PEOPLE/USDT,gate,swap,PEOPLE/USDT:USDT,True,,500,-0.012211909672312218,0.9972243618207229,3.689011355865686e-09,0.09005593156513667,-0.15375039536137391,0.00237155701579006,0.13703686028367912,0.29081176304394774,0.794687537431206,240.0,138.24,118.0,67.968,24.0,13.824,1.102359263420617,0.09932328332289408,False,range=0.29% вне 2.00%–35.00% | std=0.090% < 0.600% | half-life=0.8 bars
PEP|mexc:spot:PEP/USDT|gate:swap:PEP/USDT:USDT,PEP,mexc,spot,PEP/USDT,gate,swap,PEP/USDT:USDT,True,,500,-27.566487971137235,3.773988532917327,0.0857837707574643,2.100243828348228,-3.5259084622265346,0.07332632079148915,2.8620792514889137,6.411456370249562,9.101758565292759,20.0,11.52,17.0,9.792,5.0,2.88,-0.8071266875386357,-1.6808758023122428,False,ADF=0.0858 > 0.05
PEPE|mexc:spot:PEPE/USDT|gate:swap:PEPE/USDT:USDT,PEPE,mexc,spot,PEPE/USDT,gate,swap,PEPE/USDT:USDT,True,,500,-0.061208179414252856,0.9949866483727438,1.6313854694066598e-25,0.07985878266373786,-0.13339196123728359,0.00333578630362652,0.11987765325920385,0.253286864882618,0.7693909937632784,222.0,127.872,117.0,67.392,24.0,13.824,-0.5596893219001903,-0.044686120694192866,False,range=0.25% вне 2.00%–35.00% | std=0.080% < 0.600% | half-life=0.8 bars
PHA|mexc:spot:PHA/USDT|gate:swap:PHA/USDT:USDT,PHA,mexc,spot,PHA/USDT,gate,swap,PHA/USDT:USDT,True,,500,0.02689414404785378,1.0102679007630317,0.0,0.11819288742283493,-0.18278473589786737,0.006329503169433259,0.16144840963878693,0.3442702128377828,0.7822526961377304,234.0,134.784,86.0,49.536,18.0,10.368,0.04637300265903714,0.005481109289995345,False,range=0.34% вне 2.00%–35.00% | std=0.118% < 0.600% | half-life=0.8 bars
PI|mexc:spot:PI/USDT|gate:swap:PI/USDT:USDT,PI,mexc,spot,PI/USDT,gate,swap,PI/USDT:USDT,True,,500,-0.06201893718913227,0.9743307865695331,9.695807938368612e-05,0.10646183184582253,-0.17001960236612268,-0.0037991205359744207,0.1783917504395438,0.34839712106386356,1.1561110631115703,190.0,109.44,100.0,57.6,19.0,10.943999999999999,-0.4795217687290948,-0.05103773722251459,False,range=0.35% вне 2.00%–35.00% | std=0.106% < 0.600% | half-life=1.2 bars
PIEVERSE|mexc:spot:PIEVERSE/USDT|gate:swap:PIEVERSE/USDT:USDT,PIEVERSE,mexc,spot,PIEVERSE/USDT,gate,swap,PIEVERSE/USDT:USDT,True,,500,0.004694333004310253,0.9834963581445968,1.7330897377121666e-26,0.09352868399196301,-0.1537223264109322,0.004623264851488784,0.13870000777229663,0.29244450856503085,0.7424204264881487,230.0,132.48,137.0,78.91199999999999,17.0,9.792,0.11887784283997202,0.011119106323431716,False,range=0.29% вне 2.00%–35.00% | std=0.094% < 0.600% | half-life=0.7 bars
PIPPIN|mexc:spot:PIPPIN/USDT|gate:swap:PIPPIN/USDT:USDT,PIPPIN,mexc,spot,PIPPIN/USDT,gate,swap,PIPPIN/USDT:USDT,True,,500,-0.005478555091397415,0.998826930253902,1.2523313426773517e-16,0.14951497371861286,-0.2272226754862383,-0.0022214379617246927,0.2304696882114987,0.45768573210440033,0.9171364423780567,216.0,124.416,119.0,68.544,19.0,10.943999999999999,-0.6966098355122237,-0.1040993802111978,False,range=0.46% вне 2.00%–35.00% | std=0.150% < 0.600% | half-life=0.9 bars
PIXEL|mexc:spot:PIXEL/USDT|gate:swap:PIXEL/USDT:USDT,PIXEL,mexc,spot,PIXEL/USDT,gate,swap,PIXEL/USDT:USDT,True,,500,-0.46385929147171273,0.9100431074215422,1.1749055158176854e-07,0.3372086087624853,-0.6529740906618953,0.013881716161612268,0.5597791567550692,1.2133335083018213,2.103937518507637,128.0,73.728,56.0,32.256,17.0,9.792,1.3173564991837499,0.445212089572089,False,range=1.21% вне 2.00%–35.00% | std=0.337% < 0.600%
PLAY|mexc:spot:PLAY/USDT|gate:swap:PLAY/USDT:USDT,PLAY,mexc,spot,PLAY/USDT,gate,swap,PLAY/USDT:USDT,True,,500,0.07078213287596338,1.0210805684040345,6.868577330552854e-12,0.3262690094735909,-0.44132071068606615,-0.04511146760529661,0.6653701497447262,1.1054637380195722,1.8700412536029372,133.0,76.608,59.0,33.984,14.0,8.064,0.28414056180403163,0.09274924518634098,False,range=1.11% вне 2.00%–35.00% | std=0.326% < 0.600% | half-life=1.9 bars
PLUME|mexc:spot:PLUME/USDT|gate:swap:PLUME/USDT:USDT,PLUME,mexc,spot,PLUME/USDT,gate,swap,PLUME/USDT:USDT,True,,500,0.014007642448689177,1.003342096759121,4.533568084960539e-19,0.15551178783710348,-0.24656400446977367,-0.0013941801271899479,0.27684538420238436,0.5233313472712785,0.7364439581738926,235.0,135.35999999999999,105.0,60.48,26.0,14.975999999999999,0.43726215780600725,0.06802254476072633,False,range=0.52% вне 2.00%–35.00% | std=0.156% < 0.600% | half-life=0.7 bars
PNUT|mexc:spot:PNUT/USDT|gate:swap:PNUT/USDT:USDT,PNUT,mexc,spot,PNUT/USDT,gate,swap,PNUT/USDT:USDT,True,,500,-0.0015918188043667675,0.999538410772325,1.2050516362012943e-05,0.10037869050007063,-0.15895465355965088,-0.01073905212001236,0.15373282936952393,0.3126959019291186,0.828075161381966,233.0,134.208,118.0,67.968,17.0,9.792,0.43337916729100384,0.043511496809234274,False,range=0.31% вне 2.00%–35.00% | std=0.100% < 0.600% | half-life=0.8 bars
POD|mexc:spot:POD/USDT|gate:swap:POD/USDT:USDT,POD,mexc,spot,POD/USDT,gate,swap,POD/USDT:USDT,False,Недостаточно общих свечей: 0 < 400,0,,,,,,,,,,,,,,,,,,,
POL|mexc:spot:POL/USDT|gate:swap:POL/USDT:USDT,POL,mexc,spot,POL/USDT,gate,swap,POL/USDT:USDT,True,,500,-0.01744012636851294,0.9914403663932929,6.153056164970456e-26,0.07828682658343511,-0.11425891342731198,0.002883665279629355,0.11136581731796547,0.2256280902816153,0.7683367215321206,219.0,126.14399999999999,108.0,62.208,26.0,14.975999999999999,-0.7624099771770597,-0.05966884872655731,False,range=0.23% вне 2.00%–35.00% | std=0.078% < 0.600% | half-life=0.8 bars
POLYX|mexc:spot:POLYX/USDT|gate:swap:POLYX/USDT:USDT,POLYX,mexc,spot,POLYX/USDT,gate,swap,POLYX/USDT:USDT,True,,500,-0.3694808913804899,0.8823784210362248,6.298162256175698e-07,0.3080971940158511,-0.47584293768521135,-0.02624115904165114,0.5230131309608588,0.9986288420445395,3.1045416511553983,75.0,43.199999999999996,52.0,29.951999999999998,10.0,5.76,1.0254652243859759,0.31644258399696756,False,range=1.00% вне 2.00%–35.00% | std=0.308% < 0.600%
PONS|mexc:spot:PONS/USDT|gate:swap:PONS/USDT:USDT,PONS,mexc,spot,PONS/USDT,gate,swap,PONS/USDT:USDT,True,,500,-0.0023008261271217855,0.9975408995215346,5.726398002750071e-12,0.07739318402073979,-0.11214798477198196,0.004172635306365358,0.10689529166874046,0.21904911701504692,0.7492350277536217,238.0,137.088,105.0,60.48,19.0,10.943999999999999,1.0538442680093378,0.08159363287185695,False,range=0.22% вне 2.00%–35.00% | std=0.077% < 0.600% | half-life=0.7 bars
POPCAT|mexc:spot:POPCAT/USDT|gate:swap:POPCAT/USDT:USDT,POPCAT,mexc,spot,POPCAT/USDT,gate,swap,POPCAT/USDT:USDT,True,,500,0.01651770175306341,1.0052342778498253,5.490817836498194e-16,0.12336160609034352,-0.19028192194803228,-0.001016630339367719,0.18480260971740492,0.375095247760726,0.7403686861660219,249.0,143.424,111.0,63.936,23.0,13.248,0.8050297310467122,0.09935908904303847,False,range=0.38% вне 2.00%–35.00% | std=0.123% < 0.600% | half-life=0.7 bars
POWER|mexc:spot:POWER/USDT|gate:swap:POWER/USDT:USDT,POWER,mexc,spot,POWER/USDT,gate,swap,POWER/USDT:USDT,True,,500,-0.0077936720835558426,0.9972776833390242,8.451500176348757e-16,0.22040392758948596,-0.3108137743966566,-0.014294003152348633,0.404587939288259,0.7150694868152446,0.7753833925180138,249.0,143.424,98.0,56.448,33.0,19.008,-0.011988719736215191,-0.0026423260065522314,False,range=0.72% вне 2.00%–35.00% | std=0.220% < 0.600% | half-life=0.8 bars
PRL|mexc:spot:PRL/USDT|gate:swap:PRL/USDT:USDT,PRL,mexc,spot,PRL/USDT,gate,swap,PRL/USDT:USDT,True,,500,-0.12295075303547193,0.9442510952987048,1.906630074368633e-14,0.2894447897405508,-0.4242443521276229,-4.411665203152282e-05,0.45889829055751896,0.8829953844176286,1.6274551467908291,160.0,92.16,71.0,40.896,14.0,8.064,0.042046294715327746,0.012170821517809571,False,range=0.88% вне 2.00%–35.00% | std=0.289% < 0.600% | half-life=1.6 bars
PROLOGUE|mexc:spot:PROLOGUE/USDT|gate:swap:PROLOGUE/USDT:USDT,PROLOGUE,mexc,spot,PROLOGUE/USDT,gate,swap,PROLOGUE/USDT:USDT,True,,500,-0.31296430051723767,0.9360836881306729,2.7956216514727786e-09,1.1303169839485505,-2.0191571714979206,0.09290038794274036,1.7887232789456586,3.812734646951958,2.6813577435418643,104.0,59.903999999999996,43.0,24.768,13.0,7.4879999999999995,1.2573875866752797,1.4313942710731276,True,
PROMPT|mexc:spot:PROMPT/USDT|gate:swap:PROMPT/USDT:USDT,PROMPT,mexc,spot,PROMPT/USDT,gate,swap,PROMPT/USDT:USDT,True,,500,0.1227836803279227,1.0319626491202911,1.6443483905480107e-06,0.29379692838975235,-0.36598659721026605,-0.0008811829674049143,0.43671235941273867,0.8024195049582951,1.4686695359159418,153.0,88.128,58.0,33.408,15.0,8.64,-1.2305057282196268,-0.3608661108636224,False,range=0.80% вне 2.00%–35.00% | std=0.294% < 0.600% | half-life=1.5 bars
PROVE|mexc:spot:PROVE/USDT|gate:swap:PROVE/USDT:USDT,PROVE,mexc,spot,PROVE/USDT,gate,swap,PROVE/USDT:USDT,True,,500,-0.012509338282895428,0.9909179724052407,4.468740455000957e-15,0.18002569728974563,-0.27467115267296727,0.005229013014163009,0.2510263013715486,0.525760822689868,1.6731596866979175,169.0,97.344,57.0,32.832,10.0,5.76,-0.3403858996953099,-0.06125943768037212,False,range=0.53% вне 2.00%–35.00% | std=0.180% < 0.600% | half-life=1.7 bars
PUMP|mexc:spot:PUMP/USDT|gate:swap:PUMP/USDT:USDT,PUMP,mexc,spot,PUMP/USDT,gate,swap,PUMP/USDT:USDT,True,,500,0.023849713771462156,1.0044851889818773,0.0006959887039364957,0.0397913254663889,-0.06069643041136663,0.0008116413637404563,0.06616832101993264,0.12686129759004405,0.8146083427957306,229.0,131.904,104.0,59.903999999999996,25.0,14.4,-1.0575599893327974,-0.04207286062416493,False,range=0.13% вне 2.00%–35.00% | std=0.040% < 0.600% | half-life=0.8 bars
PUNDIX|mexc:spot:PUNDIX/USDT|gate:swap:PUNDIX/USDT:USDT,PUNDIX,mexc,spot,PUNDIX/USDT,gate,swap,PUNDIX/USDT:USDT,True,,500,0.03903534715250091,1.0186765376880578,1.8859758577729067e-17,0.31395698022448343,-0.531712763582648,0.016004264136904034,0.5074542724151865,1.0393024493261003,2.0685247619067404,134.0,77.184,79.0,45.504,14.0,8.064,-1.7211608655758364,-0.5389130928806218,False,range=1.04% вне 2.00%–35.00% | std=0.314% < 0.600%
PURR|mexc:spot:PURR/USDT|gate:swap:PURR/USDT:USDT,PURR,mexc,spot,PURR/USDT,gate,swap,PURR/USDT:USDT,True,,500,1.6138803031677689,-1.372630818178395,0.2038185525792664,4.421271429887366,-5.959529020546284,-0.5612274178977805,7.818174153516044,13.672100372263095,39.64698090370483,35.0,20.16,8.0,4.608,3.0,1.728,2.515764783617634,11.76505844590614,False,ADF=0.2038 > 0.05
PYTH|mexc:spot:PYTH/USDT|gate:swap:PYTH/USDT:USDT,PYTH,mexc,spot,PYTH/USDT,gate,swap,PYTH/USDT:USDT,True,,500,0.0066884178275579504,1.0020418853520907,5.166849786041531e-13,0.12963975526718366,-0.20663927045185826,0.005454461696063895,0.1904849169381606,0.3971567884439751,0.7920868404750494,235.0,135.35999999999999,103.0,59.327999999999996,20.0,11.52,-0.7218273881382394,-0.09353375583079915,False,range=0.40% вне 2.00%–35.00% | std=0.130% < 0.600% | half-life=0.8 bars
Q|mexc:spot:Q/USDT|gate:swap:Q/USDT:USDT,Q,mexc,spot,Q/USDT,gate,swap,Q/USDT:USDT,True,,500,-0.03573029818325549,0.9909476371210657,0.0,0.1240821442550234,-0.18800747351398472,-0.00347808396111704,0.216203747867727,0.40415479328692155,0.7479209960148644,234.0,134.784,123.0,70.848,16.0,9.216,-0.04608313949881585,-0.005717931283144573,False,range=0.40% вне 2.00%–35.00% | std=0.124% < 0.600% | half-life=0.7 bars
QNT|mexc:spot:QNT/USDT|gate:swap:QNT/USDT:USDT,QNT,mexc,spot,QNT/USDT,gate,swap,QNT/USDT:USDT,True,,500,0.016886162333950468,0.9972501863499331,0.0027831627454695867,0.13175436433007792,-0.21321324838272648,-0.00410787739346663,0.2307278366187271,0.44390294010275155,0.7877869122390493,213.0,122.688,103.0,59.327999999999996,28.0,16.128,1.392175302452424,0.18359349888179555,False,range=0.44% вне 2.00%–35.00% | std=0.132% < 0.600% | half-life=0.8 bars
QTUM|mexc:spot:QTUM/USDT|gate:swap:QTUM/USDT:USDT,QTUM,mexc,spot,QTUM/USDT,gate,swap,QTUM/USDT:USDT,True,,500,-0.00021296630397284687,0.9305202339178441,2.0370334050710546e-18,0.2216498227394467,-0.31935971587503387,-0.022201003860822244,0.40217954442332005,0.7212437217164115,1.4309474274160194,164.0,94.464,78.0,44.928,14.0,8.064,0.4792940145768651,0.10629188319568605,False,range=0.72% вне 2.00%–35.00% | std=0.222% < 0.600% | half-life=1.4 bars
RARE|mexc:spot:RARE/USDT|gate:swap:RARE/USDT:USDT,RARE,mexc,spot,RARE/USDT,gate,swap,RARE/USDT:USDT,True,,500,-0.0052744751259353575,0.9986800100956449,2.409954090055596e-30,0.1650806333333526,-0.2806813212269277,-0.0074315975895578035,0.22429730986903706,0.5051221088529578,0.8667023234766189,204.0,117.50399999999999,106.0,61.056,20.0,11.52,0.6507899965565651,0.10749055452945466,False,range=0.51% вне 2.00%–35.00% | std=0.165% < 0.600% | half-life=0.9 bars
RATS|mexc:spot:RATS/USDT|gate:swap:RATS/USDT:USDT,RATS,mexc,spot,RATS/USDT,gate,swap,RATS/USDT:USDT,True,,500,-0.20974129881907708,0.9793402886884081,0.030090854048433657,0.11229884377105268,-0.16758349502568048,-0.0007745075901177678,0.19256416551438615,0.36010307164134225,0.9192762780163559,202.0,116.35199999999999,110.0,63.36,21.0,12.096,-0.9156969018803521,-0.10277884964756678,False,range=0.36% вне 2.00%–35.00% | std=0.112% < 0.600% | half-life=0.9 bars
RAY|mexc:spot:RAY/USDT|gate:swap:RAY/USDT:USDT,RAY,mexc,spot,RAY/USDT,gate,swap,RAY/USDT:USDT,True,,500,0.005801069620632808,0.9934101018897988,6.4637395611041714e-15,0.10816451276473207,-0.1734299673140427,9.957360893597667e-05,0.16184230691851376,0.335292014578789,0.8349951609242008,210.0,120.96,106.0,61.056,21.0,12.096,0.30415400768554485,0.03290408225273822,False,range=0.34% вне 2.00%–35.00% | std=0.108% < 0.600% | half-life=0.8 bars
RE|mexc:spot:RE/USDT|gate:swap:RE/USDT:USDT,RE,mexc,spot,RE/USDT,gate,swap,RE/USDT:USDT,True,,500,0.003119347450578419,1.004175676268481,0.034192672597051756,0.09247530170684415,-0.13106662804546199,-0.0026928690559424595,0.12609806176873128,0.2571712204096962,0.8233546473253451,187.0,107.712,82.0,47.232,17.0,9.792,-0.7979271674367073,-0.07376133848892019,False,range=0.26% вне 2.00%–35.00% | std=0.092% < 0.600% | half-life=0.8 bars
RECALL|mexc:spot:RECALL/USDT|gate:swap:RECALL/USDT:USDT,RECALL,mexc,spot,RECALL/USDT,gate,swap,RECALL/USDT:USDT,True,,500,-0.19807441427138706,0.935356123627421,6.894860711090545e-09,0.2001938752604835,-0.30983865604902183,-0.006539160163698821,0.3416702926068105,0.6514075756080895,1.3855250843380258,151.0,86.976,89.0,51.263999999999996,18.0,10.368,-0.8333872037101985,-0.16669991498838854,False,range=0.65% вне 2.00%–35.00% | std=0.200% < 0.600% | half-life=1.4 bars
RED|mexc:spot:RED/USDT|gate:swap:RED/USDT:USDT,RED,mexc,spot,RED/USDT,gate,swap,RED/USDT:USDT,True,,500,0.02991638553802652,1.017039600797858,3.2721097982748375e-19,0.20575557388732368,-0.317291456972546,0.011493129505857347,0.2630149693384265,0.5804655838806279,1.1037076981584968,192.0,110.592,73.0,42.048,11.0,6.335999999999999,-0.13204302174758736,-0.02716489739089667,False,range=0.58% вне 2.00%–35.00% | std=0.206% < 0.600% | half-life=1.1 bars
RENDER|mexc:spot:RENDER/USDT|gate:swap:RENDER/USDT:USDT,RENDER,mexc,spot,RENDER/USDT,gate,swap,RENDER/USDT:USDT,True,,500,0.009194679349131776,0.9869875086067511,1.7603658862385932e-07,0.10137463027694892,-0.1571132088869276,-0.000558340156775472,0.16326375941519977,0.32036739013943316,0.8445226425886823,211.0,121.536,123.0,70.848,27.0,15.552,0.4542186240272775,0.046056847986464255,False,range=0.32% вне 2.00%–35.00% | std=0.101% < 0.600% | half-life=0.8 bars
RESOLV|mexc:spot:RESOLV/USDT|gate:swap:RESOLV/USDT:USDT,RESOLV,mexc,spot,RESOLV/USDT,gate,swap,RESOLV/USDT:USDT,True,,500,0.028179989421031386,1.0073659748064343,3.608609731892205e-24,0.16889881249441938,-0.21599876657787398,0.002725045956930572,0.22978874308845487,0.44575751288685034,0.7876425688476411,219.0,126.14399999999999,86.0,49.536,15.0,8.64,-0.873510371761569,-0.14742608531312928,False,range=0.45% вне 2.00%–35.00% | std=0.169% < 0.600% | half-life=0.8 bars
REZ|mexc:spot:REZ/USDT|gate:swap:REZ/USDT:USDT,REZ,mexc,spot,REZ/USDT,gate,swap,REZ/USDT:USDT,True,,500,-0.08151885030178913,0.9850707132242923,0.0,0.1434372392117277,-0.22747507379761167,0.002791871876972607,0.24262031202797463,0.47006065551283577,0.7279209505798319,227.0,130.752,115.0,66.24,23.0,13.248,-0.9209408836986108,-0.13201000786490225,False,range=0.47% вне 2.00%–35.00% | std=0.143% < 0.600% | half-life=0.7 bars
RIF|mexc:spot:RIF/USDT|gate:swap:RIF/USDT:USDT,RIF,mexc,spot,RIF/USDT,gate,swap,RIF/USDT:USDT,True,,500,0.006556951971129964,1.0023452271508773,1.925877952592164e-12,0.09335650232784634,-0.13306194500439794,-0.004923760609865102,0.14400211425420473,0.27704908165920855,1.2229764993151055,184.0,105.984,100.0,57.6,12.0,6.912,-0.9986551727753865,-0.0931875074110744,False,range=0.28% вне 2.00%–35.00% | std=0.093% < 0.600% | half-life=1.2 bars
RIO|mexc:spot:RIO/USDT|gate:swap:RIO/USDT:USDT,RIO,mexc,spot,RIO/USDT,gate,swap,RIO/USDT:USDT,True,,500,-2.7245712301646376,0.025068510666548537,0.004582690882416218,2.803735129935931,-6.383560753797168,0.22325117357224755,3.630774365199496,10.162833453781294,10.050034788171672,43.0,24.768,21.0,12.096,4.0,2.304,0.21762789748901407,0.6120363165583509,True,
RIVER|mexc:spot:RIVER/USDT|gate:swap:RIVER/USDT:USDT,RIVER,mexc,spot,RIVER/USDT,gate,swap,RIVER/USDT:USDT,True,,500,0.006682281467961253,0.9570195302598477,3.5779313846013466e-05,0.23406544861151943,-0.3343479665982807,-0.014704498083839557,0.3514476803823552,0.6857397046136413,1.0042260170431714,179.0,103.104,82.0,47.232,16.0,9.216,-0.13579026054664436,-0.03177875773469063,False,range=0.69% вне 2.00%–35.00% | std=0.234% < 0.600% | half-life=1.0 bars
RLC|mexc:spot:RLC/USDT|gate:swap:RLC/USDT:USDT,RLC,mexc,spot,RLC/USDT,gate,swap,RLC/USDT:USDT,True,,500,-0.034617015187908586,0.9635839334875826,1.8790941066179194e-19,0.2681684092785219,-0.3975198669126323,-0.013272184361079464,0.4452892608802772,0.8426128588545332,1.2102643265160489,183.0,105.408,77.0,44.352,15.0,8.64,-0.4157579274972433,-0.11143101155077773,False,range=0.84% вне 2.00%–35.00% | std=0.268% < 0.600% | half-life=1.2 bars
ROBO|mexc:spot:ROBO/USDT|gate:swap:ROBO/USDT:USDT,ROBO,mexc,spot,ROBO/USDT,gate,swap,ROBO/USDT:USDT,True,,500,-0.06514069595340524,0.9866477697387169,3.178754841291332e-11,0.19881803999731862,-0.28061936962401335,-0.004530731710594704,0.34437356951158016,0.6247958055039725,0.8264169513916609,196.0,112.896,111.0,63.936,20.0,11.52,0.44316016003426706,0.08814706113053905,False,range=0.62% вне 2.00%–35.00% | std=0.199% < 0.600% | half-life=0.8 bars
RON|mexc:spot:RON/USDT|gate:swap:RON/USDT:USDT,RON,mexc,spot,RON/USDT,gate,swap,RON/USDT:USDT,True,,500,-0.09199311187123345,0.9658787617902079,6.456723177907217e-16,0.2784308406479174,-0.3937056879215195,-0.0011196607415442372,0.46181985557187666,0.8552394885322709,1.5650109936718015,163.0,93.88799999999999,75.0,43.199999999999996,14.0,8.064,0.6767504143011231,0.1886058242259514,False,range=0.86% вне 2.00%–35.00% | std=0.278% < 0.600% | half-life=1.6 bars
ROSE|mexc:spot:ROSE/USDT|gate:swap:ROSE/USDT:USDT,ROSE,mexc,spot,ROSE/USDT,gate,swap,ROSE/USDT:USDT,True,,500,-0.05080529688301616,0.9891638968004263,9.289901635699845e-17,0.2625338838748491,-0.4152094614979118,0.005404280730969546,0.40008817528180973,0.8153638003937533,1.4495921704151733,177.0,101.952,79.0,45.504,17.0,9.792,-0.19169141394264325,-0.05031283025634936,False,range=0.82% вне 2.00%–35.00% | std=0.263% < 0.600% | half-life=1.4 bars
RPL|mexc:spot:RPL/USDT|gate:swap:RPL/USDT:USDT,RPL,mexc,spot,RPL/USDT,gate,swap,RPL/USDT:USDT,True,,500,0.021919991582206987,0.9685107992450511,8.089215920885857e-14,0.2576391557871707,-0.3568292749028923,-0.014792562673149323,0.48311029816781037,0.8394144944204495,1.862632090785698,120.0,69.12,64.0,36.864,15.0,8.64,0.7171991173531751,0.18494939593252102,False,range=0.84% вне 2.00%–35.00% | std=0.258% < 0.600% | half-life=1.9 bars
RSR|mexc:spot:RSR/USDT|gate:swap:RSR/USDT:USDT,RSR,mexc,spot,RSR/USDT,gate,swap,RSR/USDT:USDT,True,,500,-0.2391776205358407,0.9622337713592292,1.530742883808358e-22,0.23949737591795173,-0.37254451068446937,-0.009035645882937704,0.4005995262759132,0.7730394489803903,1.5202616475140847,166.0,95.616,58.0,33.408,18.0,10.368,0.2703269231361683,0.06476355126874278,False,range=0.77% вне 2.00%–35.00% | std=0.239% < 0.600% | half-life=1.5 bars
RUNE|mexc:spot:RUNE/USDT|gate:swap:RUNE/USDT:USDT,RUNE,mexc,spot,RUNE/USDT,gate,swap,RUNE/USDT:USDT,True,,500,0.002183359794397777,1.0116812231773313,2.4387042453624644e-09,0.136185771129474,-0.21387635613033806,0.0005818036802773818,0.1946953851820643,0.40861149760947607,0.9299599890646958,193.0,111.16799999999999,103.0,59.327999999999996,19.0,10.943999999999999,0.7937652792505959,0.10815798525867226,False,range=0.41% вне 2.00%–35.00% | std=0.136% < 0.600% | half-life=0.9 bars
RVN|mexc:spot:RVN/USDT|gate:swap:RVN/USDT:USDT,RVN,mexc,spot,RVN/USDT,gate,swap,RVN/USDT:USDT,True,,500,-2.1524377337566163,0.6433208911823931,0.001565584513667283,0.3259946681467778,-0.4478092214949436,-0.03044889279825158,0.5661778241527582,1.0133959521159808,2.076808122199592,118.0,67.968,73.0,42.048,14.0,8.064,0.5771097385284488,0.18831178205362953,False,range=1.01% вне 2.00%–35.00% | std=0.326% < 0.600%
S|mexc:spot:S/USDT|gate:swap:S/USDT:USDT,S,mexc,spot,S/USDT,gate,swap,S/USDT:USDT,True,,500,-0.005117613098921975,0.9974134485608446,0.0015395191894235663,0.1250483152867521,-0.1966972960900426,0.0022187972377185616,0.21116243734760065,0.40783080210053496,0.7866681293403452,249.0,143.424,103.0,59.327999999999996,21.0,12.096,-0.16499582260504428,-0.020630321302428367,False,range=0.41% вне 2.00%–35.00% | std=0.125% < 0.600% | half-life=0.8 bars
SAFE|mexc:spot:SAFE/USDT|gate:swap:SAFE/USDT:USDT,SAFE,mexc,spot,SAFE/USDT,gate,swap,SAFE/USDT:USDT,True,,500,0.05518579694707159,1.0230452333351627,0.3201483369844951,1.411860228584538,-1.933244360360975,-0.27998852055236556,3.314278417645533,5.212716262788719,12.009293270075489,53.0,30.528,13.0,7.4879999999999995,5.0,2.88,-0.7569778990466529,-1.0630561804361283,False,ADF=0.3201 > 0.05
SAGA|mexc:spot:SAGA/USDT|gate:swap:SAGA/USDT:USDT,SAGA,mexc,spot,SAGA/USDT,gate,swap,SAGA/USDT:USDT,True,,500,0.03664177204190382,1.0095838918238096,3.6835703640173746e-06,0.1392719813174078,-0.2323686389872126,-0.004304263751875315,0.2277137142746355,0.46009387338295843,1.2011659465047466,183.0,105.408,97.0,55.872,22.0,12.671999999999999,-0.46633544014771106,-0.06492637440967952,False,range=0.46% вне 2.00%–35.00% | std=0.139% < 0.600% | half-life=1.2 bars
SAHARA|mexc:spot:SAHARA/USDT|gate:swap:SAHARA/USDT:USDT,SAHARA,mexc,spot,SAHARA/USDT,gate,swap,SAHARA/USDT:USDT,True,,500,-0.36301330139131427,0.9224409571663061,0.00024301649267298225,0.3454583962707722,-0.42887054212236153,-0.06046848730778542,0.7727684694768477,1.1995907375571542,3.0604528815778558,134.0,77.184,40.0,23.04,12.0,6.912,2.780233261716851,0.9650820942531002,False,range=1.20% вне 2.00%–35.00% | std=0.345% < 0.600%
SAND|mexc:spot:SAND/USDT|gate:swap:SAND/USDT:USDT,SAND,mexc,spot,SAND/USDT,gate,swap,SAND/USDT:USDT,True,,500,0.2487645200259671,1.0791863843572551,0.0012640996105622794,0.3239423276469322,-0.42292670122655585,0.01282251382377364,0.3238760943953922,0.7471763112824157,1.0548654925237777,124.0,71.42399999999999,42.0,24.192,14.0,8.064,-2.8168086799238408,-0.9083330628673503,False,range=0.75% вне 2.00%–35.00% | std=0.324% < 0.600% | half-life=1.1 bars
SAPIEN|mexc:spot:SAPIEN/USDT|gate:swap:SAPIEN/USDT:USDT,SAPIEN,mexc,spot,SAPIEN/USDT,gate,swap,SAPIEN/USDT:USDT,True,,500,0.035179459969223045,1.014879213044157,1.397440833037732e-07,0.17228453305152142,-0.22079441445785886,-0.011149967348422773,0.20289629139824683,0.4237292595828722,1.8276858924106751,191.0,110.01599999999999,48.0,27.648,7.0,4.032,0.5165943920996366,0.08904084146152957,False,range=0.42% вне 2.00%–35.00% | std=0.172% < 0.600% | half-life=1.8 bars
SATS|mexc:spot:SATS/USDT|gate:swap:SATS/USDT:USDT,SATS,mexc,spot,SATS/USDT,gate,swap,SATS/USDT:USDT,True,,500,-0.7231457597721512,0.9601034956961749,5.960669805759315e-28,0.4721410847405281,-0.362354439720769,-0.04512593615535465,0.32876436287472277,0.6912376480812197,1.0925077214718617,166.0,95.616,13.0,7.4879999999999995,3.0,1.728,-0.3517662636663191,-0.16594546330187532,False,range=0.69% вне 2.00%–35.00% | std=0.472% < 0.600% | half-life=1.1 bars
SCR|mexc:spot:SCR/USDT|gate:swap:SCR/USDT:USDT,SCR,mexc,spot,SCR/USDT,gate,swap,SCR/USDT:USDT,True,,500,0.14221663138982574,1.0387363289929055,0.00017562720728585165,0.3793398221521486,-0.5505635412276777,-0.013492031637885038,0.5757039494352245,1.1261378354561826,1.009552655673388,231.0,133.05599999999998,52.0,29.951999999999998,23.0,13.248,-0.04051558816680848,-0.01536799501237196,False,range=1.13% вне 2.00%–35.00% | std=0.379% < 0.600% | half-life=1.0 bars
SEI|mexc:spot:SEI/USDT|gate:swap:SEI/USDT:USDT,SEI,mexc,spot,SEI/USDT,gate,swap,SEI/USDT:USDT,True,,500,-0.02445913237656296,0.9904564763412538,8.508919286804416e-18,0.11910241136201712,-0.20415557152299035,-0.001081517509138319,0.19794239752466414,0.4021110027800633,0.9495551863054699,200.0,115.2,108.0,62.208,27.0,15.552,-2.0769492690087703,-0.24706395958377092,False,range=0.40% вне 2.00%–35.00% | std=0.119% < 0.600% | half-life=0.9 bars
SENT|mexc:spot:SENT/USDT|gate:swap:SENT/USDT:USDT,SENT,mexc,spot,SENT/USDT,gate,swap,SENT/USDT:USDT,True,,500,-0.09283221198358488,0.9759578824259145,2.534751244411542e-15,0.28126275825160796,-0.4928050172879894,0.025526272501807945,0.41882568111679674,0.9119743530215573,1.6052362626075287,187.0,107.712,60.0,34.56,16.0,9.216,-0.2381881152741929,-0.06697101068595668,False,range=0.91% вне 2.00%–35.00% | std=0.281% < 0.600% | half-life=1.6 bars
SFP|mexc:spot:SFP/USDT|gate:swap:SFP/USDT:USDT,SFP,mexc,spot,SFP/USDT,gate,swap,SFP/USDT:USDT,True,,500,-0.4733336360825337,0.6009808286830367,0.0004457919742972347,0.43423695648512606,-0.8384894770696372,0.017323010193392996,0.7104853950538059,1.549997913984081,5.135218960129545,79.0,45.504,38.0,21.887999999999998,12.0,6.912,1.3374674710336456,0.582467588020763,False,range=1.55% вне 2.00%–35.00% | std=0.434% < 0.600%
SHELL|mexc:spot:SHELL/USDT|gate:swap:SHELL/USDT:USDT,SHELL,mexc,spot,SHELL/USDT,gate,swap,SHELL/USDT:USDT,True,,500,-0.1250649699195744,0.9673349653288819,1.4825529261424334e-24,0.2042437880806463,-0.35751943078322634,-0.00022925558254005551,0.3145030275708338,0.672169560167579,1.3472586762134726,186.0,107.136,66.0,38.016,18.0,10.368,0.11861981713392188,0.024230295854921202,False,range=0.67% вне 2.00%–35.00% | std=0.204% < 0.600% | half-life=1.3 bars
SHIB|mexc:spot:SHIB/USDT|gate:swap:SHIB/USDT:USDT,SHIB,mexc,spot,SHIB/USDT,gate,swap,SHIB/USDT:USDT,True,,500,-0.1766390247751881,0.9852865005044146,3.873866002593414e-12,0.05035006305034852,-0.08580671746359902,-0.0010194624399773033,0.08238593387268622,0.16819556779054776,0.8865059392756547,211.0,121.536,115.0,66.24,20.0,11.52,-1.1194392993876883,-0.056347957877389554,False,range=0.17% вне 2.00%–35.00% | std=0.050% < 0.600% | half-life=0.9 bars
SHROOM|mexc:spot:SHROOM/USDT|gate:swap:SHROOM/USDT:USDT,SHROOM,mexc,spot,SHROOM/USDT,gate,swap,SHROOM/USDT:USDT,True,,500,0.04883090879624169,1.0104315702104054,9.013801711308884e-19,0.7410245777705279,-1.100143221173222,-0.0296452820144677,1.2311016493588012,2.329824770226442,1.2219794966396105,165.0,95.03999999999999,96.0,55.296,17.0,9.792,0.5669942087513457,0.4210405396480432,False,half-life=1.2 bars
SI|mexc:spot:SI/USDT|gate:swap:SI/USDT:USDT,SI,mexc,spot,SI/USDT,gate,swap,SI/USDT:USDT,True,,500,0.003977758485044696,1.0011875351510515,3.540992652673986e-17,0.5836416572870308,-0.8931296007537393,-0.013034406502043794,0.9872051009024441,1.879505977028325,0.8315534219598727,223.0,128.448,108.0,62.208,21.0,12.096,-0.34049650251486296,-0.1985306097917472,False,range=1.88% вне 2.00%–35.00% | std=0.584% < 0.600% | half-life=0.8 bars
SIGN|mexc:spot:SIGN/USDT|gate:swap:SIGN/USDT:USDT,SIGN,mexc,spot,SIGN/USDT,gate,swap,SIGN/USDT:USDT,True,,500,-0.15381957535144192,0.964559647616991,1.3232256281316074e-06,0.2813672088186394,-0.49395534489463655,0.015467111836331426,0.44847172206068375,0.9426484208340059,2.1722026802375347,118.0,67.968,63.0,36.288,19.0,10.943999999999999,0.475048268331872,0.13375237412260876,False,range=0.94% вне 2.00%–35.00% | std=0.281% < 0.600%
SIREN|mexc:spot:SIREN/USDT|gate:swap:SIREN/USDT:USDT,SIREN,mexc,spot,SIREN/USDT,gate,swap,SIREN/USDT:USDT,True,,500,0.2935657724469896,1.0629447311687985,0.0451027247494382,1.7880176865930872,-1.753092513950183,-0.5301215912994595,4.390760166547691,6.065739309493944,11.436589774615175,47.0,27.072,24.0,13.824,5.0,2.88,-0.5671430167848994,-1.0089374744434387,True,
SKL|mexc:spot:SKL/USDT|gate:swap:SKL/USDT:USDT,SKL,mexc,spot,SKL/USDT,gate,swap,SKL/USDT:USDT,True,,500,-0.13845275610784505,0.9740336348817569,0.00012488434320153684,0.2276255370206246,-0.3232834652952543,-0.02824364111587707,0.38731289213760345,0.7103719221203203,1.567833282153821,166.0,95.616,84.0,48.384,14.0,8.064,0.8484239084308086,0.19330955024687846,False,range=0.71% вне 2.00%–35.00% | std=0.228% < 0.600% | half-life=1.6 bars
SKR|mexc:spot:SKR/USDT|gate:swap:SKR/USDT:USDT,SKR,mexc,spot,SKR/USDT,gate,swap,SKR/USDT:USDT,True,,500,-0.1601584571323919,0.960984566978206,9.845731562274992e-18,0.2825876823667288,-0.4483495013550831,-0.026575951731921954,0.49093030411688776,0.9390867729169052,1.347729103612657,154.0,88.704,89.0,51.263999999999996,21.0,12.096,-0.778069697300815,-0.21963136905369662,False,range=0.94% вне 2.00%–35.00% | std=0.283% < 0.600% | half-life=1.3 bars
SKY|mexc:spot:SKY/USDT|gate:swap:SKY/USDT:USDT,SKY,mexc,spot,SKY/USDT,gate,swap,SKY/USDT:USDT,True,,500,0.005883357694784546,1.0016211985103805,0.0,0.13755299199440169,-0.2158178993091897,-0.0019276323016903518,0.2400057090550023,0.45576927711317594,0.7723902877808398,248.0,142.84799999999998,88.0,50.687999999999995,26.0,14.975999999999999,-0.5876919412510153,-0.08080611914710323,False,range=0.46% вне 2.00%–35.00% | std=0.138% < 0.600% | half-life=0.8 bars
SKYAI|mexc:spot:SKYAI/USDT|gate:swap:SKYAI/USDT:USDT,SKYAI,mexc,spot,SKYAI/USDT,gate,swap,SKYAI/USDT:USDT,True,,500,-0.08366696026636537,0.9737855919012803,0.002178888782339092,0.14422759995574372,-0.27341511880759617,0.014999240291513338,0.21096797598929573,0.48453533170509366,0.9220141000133387,200.0,115.2,102.0,58.751999999999995,28.0,16.128,-0.9333131461260551,-0.13451895710292483,False,range=0.48% вне 2.00%–35.00% | std=0.144% < 0.600% | half-life=0.9 bars
SLP|mexc:spot:SLP/USDT|gate:swap:SLP/USDT:USDT,SLP,mexc,spot,SLP/USDT,gate,swap,SLP/USDT:USDT,True,,500,-0.1606918401104981,0.9779903182198018,9.528812262468408e-29,0.1991884223998303,-0.3147675558472396,0.0025227014939233072,0.28705940005544495,0.6019121622885225,1.0322251858901519,170.0,97.92,80.0,46.08,18.0,10.368,-0.8382433162988278,-0.16682904913608576,False,range=0.60% вне 2.00%–35.00% | std=0.199% < 0.600% | half-life=1.0 bars
SLX|mexc:spot:SLX/USDT|gate:swap:SLX/USDT:USDT,SLX,mexc,spot,SLX/USDT,gate,swap,SLX/USDT:USDT,True,,500,-0.016786563723727846,0.9943086729344097,2.659775378853643e-08,0.07150426914122855,-0.1252892107015402,0.006552250813673943,0.10038054524488249,0.22569796091743252,0.9336235013355071,209.0,120.384,97.0,55.872,24.0,13.824,-0.19190776762320022,-0.013721283212153601,False,range=0.23% вне 2.00%–35.00% | std=0.072% < 0.600% | half-life=0.9 bars
SNX|mexc:spot:SNX/USDT|gate:swap:SNX/USDT:USDT,SNX,mexc,spot,SNX/USDT,gate,swap,SNX/USDT:USDT,True,,500,-0.04327392151002384,0.9662713262422322,5.495231785978561e-13,0.17976457342781804,-0.28045903189020116,-0.0010222111191171557,0.2705543891193596,0.5510421046664566,1.084924900215464,197.0,113.472,80.0,46.08,25.0,14.4,-0.8920825421549642,-0.16023632195424353,False,range=0.55% вне 2.00%–35.00% | std=0.180% < 0.600% | half-life=1.1 bars
SOL|mexc:spot:SOL/USDT|gate:swap:SOL/USDT:USDT,SOL,mexc,spot,SOL/USDT,gate,swap,SOL/USDT:USDT,True,,500,0.025675206038182578,0.9947326280489059,0.008534866407769489,0.0191201246865171,-0.029115990253336665,0.0008090625492673809,0.028638662583824193,0.0577547922823518,1.0999955457025203,177.0,101.952,102.0,58.751999999999995,20.0,11.52,1.0131925010184393,0.0193742435150579,False,range=0.06% вне 2.00%–35.00% | std=0.019% < 0.600% | half-life=1.1 bars
SOLV|mexc:spot:SOLV/USDT|gate:swap:SOLV/USDT:USDT,SOLV,mexc,spot,SOLV/USDT,gate,swap,SOLV/USDT:USDT,True,,500,-0.21474694706554776,0.9608229497112556,7.501590369147325e-09,0.14697931265977962,-0.2293665833706715,-0.010045245198830877,0.24490903435876454,0.47423965238073684,1.2649986630731462,169.0,97.344,96.0,55.296,19.0,10.943999999999999,0.36435958940523117,0.053567664363085576,False,range=0.47% вне 2.00%–35.00% | std=0.147% < 0.600% | half-life=1.3 bars
SOMI|mexc:spot:SOMI/USDT|gate:swap:SOMI/USDT:USDT,SOMI,mexc,spot,SOMI/USDT,gate,swap,SOMI/USDT:USDT,True,,500,0.005509846439350811,1.003743086815655,1.1535527670687405e-29,0.20167765605593863,-0.3221251683150017,-0.0025407465008897567,0.32712700630685987,0.6492382182521192,0.9538565373201839,213.0,122.688,77.0,44.352,22.0,12.671999999999999,-0.6732983034808179,-0.13569707182167212,False,range=0.65% вне 2.00%–35.00% | std=0.202% < 0.600% | half-life=1.0 bars
SONIC|mexc:spot:SONIC/USDT|gate:swap:SONIC/USDT:USDT,SONIC,mexc,spot,SONIC/USDT,gate,swap,SONIC/USDT:USDT,True,,500,-0.060292199244860886,0.9838180182432551,4.054786269642103e-12,0.3989396916069737,-0.6646550134251417,0.02096359379124557,0.6104777760310931,1.2754955910424526,1.3437149325341702,173.0,99.648,84.0,48.384,14.0,8.064,0.05419504908824692,0.02162289358051961,False,range=1.28% вне 2.00%–35.00% | std=0.399% < 0.600% | half-life=1.3 bars
SOON|mexc:spot:SOON/USDT|gate:swap:SOON/USDT:USDT,SOON,mexc,spot,SOON/USDT,gate,swap,SOON/USDT:USDT,True,,500,0.0004422022217045335,0.9975935603957716,1.5251370824873128e-05,0.1610654949264233,-0.2710555493198985,0.007806095428630755,0.24253934792182186,0.5136692660153847,0.8735951633470501,204.0,117.50399999999999,91.0,52.416,27.0,15.552,-0.869395985191436,-0.1399316988114574,False,range=0.51% вне 2.00%–35.00% | std=0.161% < 0.600% | half-life=0.9 bars
SOPH|mexc:spot:SOPH/USDT|gate:swap:SOPH/USDT:USDT,SOPH,mexc,spot,SOPH/USDT,gate,swap,SOPH/USDT:USDT,True,,500,-0.12583209643167712,0.9771553487519659,3.3465054203317883e-19,0.18026989866951096,-0.3176381220131974,0.005386017005282184,0.278622956271124,0.5963791847058262,1.1540899935675173,195.0,112.32,88.0,50.687999999999995,20.0,11.52,-1.0168118463305094,-0.18313267561016477,False,range=0.60% вне 2.00%–35.00% | std=0.180% < 0.600% | half-life=1.2 bars
SPACE|mexc:spot:SPACE/USDT|gate:swap:SPACE/USDT:USDT,SPACE,mexc,spot,SPACE/USDT,gate,swap,SPACE/USDT:USDT,True,,500,-0.5476351769281682,0.8953440889193202,9.923673411372157e-11,0.21877615496507982,-0.31943012713054886,-0.0010269737480084196,0.3451191148891919,0.664466339752936,1.3440285286204459,151.0,86.976,81.0,46.656,19.0,10.943999999999999,-0.763073045314217,-0.16680291585401408,False,range=0.66% вне 2.00%–35.00% | std=0.219% < 0.600% | half-life=1.3 bars
SPACEHOOD|mexc:spot:SPACEHOOD/USDT|gate:swap:SPACEHOOD/USDT:USDT,SPACEHOOD,mexc,spot,SPACEHOOD/USDT,gate,swap,SPACEHOOD/USDT:USDT,True,,500,0.10332966182900127,1.0153521642475514,1.046059095071616e-10,0.979703886408961,-1.5993009227532218,0.028170630030643906,1.5939196424262336,3.193577883788802,1.6036247000554034,139.0,80.064,76.0,43.775999999999996,16.0,9.216,-0.2740664311870604,-0.2681437983290569,False,half-life=1.6 bars
SPELL|mexc:spot:SPELL/USDT|gate:swap:SPELL/USDT:USDT,SPELL,mexc,spot,SPELL/USDT,gate,swap,SPELL/USDT:USDT,True,,500,-0.9524060666325892,0.8966563810716656,3.1463610979114656e-24,0.20727818718852203,-0.3097286017809786,0.0016801399194354971,0.3294182048089178,0.6390860652285196,1.3681000665728502,169.0,97.344,76.0,43.775999999999996,16.0,9.216,1.674163572080121,0.3476203933934219,False,range=0.64% вне 2.00%–35.00% | std=0.207% < 0.600% | half-life=1.4 bars
SPK|mexc:spot:SPK/USDT|gate:swap:SPK/USDT:USDT,SPK,mexc,spot,SPK/USDT,gate,swap,SPK/USDT:USDT,True,,500,-0.014389238035949155,0.9960968647980216,1.2504130494491403e-16,0.2648702783953521,-0.40242668174034213,0.0197131937335282,0.3609920809108047,0.7635806652433446,1.5773354353246944,191.0,110.01599999999999,68.0,39.168,13.0,7.4879999999999995,-0.35096232172055114,-0.0929162939135364,False,range=0.76% вне 2.00%–35.00% | std=0.265% < 0.600% | half-life=1.6 bars
SPX|mexc:spot:SPX/USDT|gate:swap:SPX/USDT:USDT,SPX,mexc,spot,SPX/USDT,gate,swap,SPX/USDT:USDT,True,,500,-0.007858403154915167,0.9896894620496576,5.1266591555374546e-15,0.14687225730980502,-0.19094339826153384,-0.005137419854617242,0.2289989219654176,0.41986304659883666,0.7427033191803938,248.0,142.84799999999998,81.0,46.656,24.0,13.824,-0.5269019383944263,-0.07735734084239887,False,range=0.42% вне 2.00%–35.00% | std=0.147% < 0.600% | half-life=0.7 bars
SQD|mexc:spot:SQD/USDT|gate:swap:SQD/USDT:USDT,SQD,mexc,spot,SQD/USDT,gate,swap,SQD/USDT:USDT,True,,500,-0.02486468144734049,0.9925359973737151,4.656719744036546e-22,0.22485587152883454,-0.3221442506718408,-0.004564188938938063,0.33236900475013265,0.6544821321485506,1.550090464980765,155.0,89.28,78.0,44.928,11.0,6.335999999999999,-1.251707393649786,-0.2810580471454327,False,range=0.65% вне 2.00%–35.00% | std=0.225% < 0.600% | half-life=1.6 bars
SSV|mexc:spot:SSV/USDT|gate:swap:SSV/USDT:USDT,SSV,mexc,spot,SSV/USDT,gate,swap,SSV/USDT:USDT,True,,500,0.027012383213525837,0.978124232004615,3.268826759809275e-15,0.25224057920220183,-0.34515959781080685,-0.02449716607042518,0.43086349565935045,0.7756945843418055,1.704201831410496,145.0,83.52,62.0,35.711999999999996,15.0,8.64,-1.0801567662527627,-0.27208853467854954,False,range=0.78% вне 2.00%–35.00% | std=0.252% < 0.600% | half-life=1.7 bars
STABLE|mexc:spot:STABLE/USDT|gate:swap:STABLE/USDT:USDT,STABLE,mexc,spot,STABLE/USDT,gate,swap,STABLE/USDT:USDT,True,,500,-0.14739124668939685,0.9588668882032676,5.0616159373167464e-14,0.15782201501664878,-0.2640348134574366,0.016125496752517066,0.19819766444868492,0.4623855121707463,1.141071881407772,190.0,109.44,67.0,38.592,16.0,9.216,0.9267078755722441,0.1463619088997392,False,range=0.46% вне 2.00%–35.00% | std=0.158% < 0.600% | half-life=1.1 bars
STAMP|mexc:spot:STAMP/USDT|gate:swap:STAMP/USDT:USDT,STAMP,mexc,spot,STAMP/USDT,gate,swap,STAMP/USDT:USDT,True,,500,-0.1750092553941578,0.9805337073641616,0.011338175269466079,1.188463378239103,-1.9433538231993563,0.031160309837141575,1.9935145007457855,3.9363894044413157,2.054553474495514,148.0,85.248,57.0,32.832,15.0,8.64,2.5341259944518724,3.0575268463470584,True,
STANDARD|mexc:spot:STANDARD/USDT|gate:swap:STANDARD/USDT:USDT,STANDARD,mexc,spot,STANDARD/USDT,gate,swap,STANDARD/USDT:USDT,True,,500,-0.2184951713087777,0.8477210945846482,1.8855190318877108e-07,0.8429396634874902,-1.4931274972185271,0.051992875535566974,1.4108881649385507,2.9054146398930856,3.9469207135067133,58.0,33.408,42.0,24.192,11.0,6.335999999999999,0.8604213995686785,0.727919874815175,True,
STAR|mexc:spot:STAR/USDT|gate:swap:STAR/USDT:USDT,STAR,mexc,spot,STAR/USDT,gate,swap,STAR/USDT:USDT,True,,500,-0.09011953226772974,0.9749610902019256,3.6721369758650162e-06,0.6311894108024634,-0.8599014676974881,-0.1032659817602144,1.2283404367649853,2.084477502771538,5.244537283245264,48.0,27.648,29.0,16.704,8.0,4.608,-0.8802031693377228,-0.5540344565122202,True,
STBL|mexc:spot:STBL/USDT|gate:swap:STBL/USDT:USDT,STBL,mexc,spot,STBL/USDT,gate,swap,STBL/USDT:USDT,True,,500,-0.054570936065118446,0.9865731561383916,1.4003984497997465e-11,0.1281772261809106,-0.2325324780549365,0.013240905357747579,0.18954705031299923,0.4221708912369547,1.1441516567281622,175.0,100.8,95.0,54.72,21.0,12.096,1.1991179676324957,0.1538177933517515,False,range=0.42% вне 2.00%–35.00% | std=0.128% < 0.600% | half-life=1.1 bars
STEEM|mexc:spot:STEEM/USDT|gate:swap:STEEM/USDT:USDT,STEEM,mexc,spot,STEEM/USDT,gate,swap,STEEM/USDT:USDT,True,,500,-0.06009756372540521,0.9778494113803914,8.943160143829994e-06,0.1700534833894141,-0.22443870461942295,-0.016406892576792398,0.33953989218253877,0.5636557027671052,1.8361158457311797,141.0,81.216,69.0,39.744,11.0,6.335999999999999,-2.467134558598974,-0.4186659658761194,False,range=0.56% вне 2.00%–35.00% | std=0.170% < 0.600% | half-life=1.8 bars
STO|mexc:spot:STO/USDT|gate:swap:STO/USDT:USDT,STO,mexc,spot,STO/USDT,gate,swap,STO/USDT:USDT,True,,500,-0.11680685543944441,0.9629793990014346,1.5009144593037577e-13,0.18931133677673942,-0.3105727767849342,-0.0019162193444666187,0.28064858591347885,0.591311557965108,1.2466960124723219,198.0,114.048,82.0,47.232,18.0,10.368,0.555010180833462,0.10512493682510726,False,range=0.59% вне 2.00%–35.00% | std=0.189% < 0.600% | half-life=1.2 bars
STONK|mexc:spot:STONK/USDT|gate:swap:STONK/USDT:USDT,STONK,mexc,spot,STONK/USDT,gate,swap,STONK/USDT:USDT,True,,500,0.001901282829002372,1.0021315432240878,1.629456823878873e-08,0.22859831802015093,-0.41730544126138414,0.00244234098190077,0.3607586941361651,0.7782881111873481,0.7830263713949325,243.0,139.968,125.0,72.0,22.0,12.671999999999999,0.7972343657778119,0.18241260483096156,False,range=0.78% вне 2.00%–35.00% | std=0.229% < 0.600% | half-life=0.8 bars
STONKS|mexc:spot:STONKS/USDT|gate:swap:STONKS/USDT:USDT,STONKS,mexc,spot,STONKS/USDT,gate,swap,STONKS/USDT:USDT,True,,500,-0.652352384780969,0.9107283977136923,0.0006059566578695227,0.8305866737723042,-1.3618713632465251,0.007356983324524613,1.451060147100991,2.8118629134742688,3.3597438630825964,85.0,48.96,64.0,36.864,10.0,5.76,-0.43722706861879124,-0.36249636642190497,True,
STORJ|mexc:spot:STORJ/USDT|gate:swap:STORJ/USDT:USDT,STORJ,mexc,spot,STORJ/USDT,gate,swap,STORJ/USDT:USDT,True,,500,-1.5820295362543384,0.5455546352687681,1.3747730123471922e-08,0.2596808310195798,-0.3966442783999047,-0.034627414341836804,0.42254052169030665,0.8190833240884854,2.6114701708748984,97.0,55.872,74.0,42.624,11.0,6.335999999999999,-0.36914821223687144,-0.09581478281799338,False,range=0.82% вне 2.00%–35.00% | std=0.260% < 0.600%
STRK|mexc:spot:STRK/USDT|gate:swap:STRK/USDT:USDT,STRK,mexc,spot,STRK/USDT,gate,swap,STRK/USDT:USDT,True,,500,-0.008044766457385383,0.997254415447876,3.3184069947318716e-16,0.10481099784697832,-0.18518716767192966,0.009448136908152271,0.15071342927792664,0.3359588216702636,0.7255370154432117,237.0,136.512,106.0,61.056,22.0,12.671999999999999,-0.7810756741994187,-0.08183182029541936,False,range=0.34% вне 2.00%–35.00% | std=0.105% < 0.600% | half-life=0.7 bars
STX|mexc:spot:STX/USDT|gate:swap:STX/USDT:USDT,STX,mexc,spot,STX/USDT,gate,swap,STX/USDT:USDT,True,,500,0.0016508972134382008,1.0005766793466813,0.0,0.14140071519762448,-0.21496833225700396,-0.0024850673267517998,0.2397655668317844,0.4546783086669247,0.7576655863582518,233.0,134.208,94.0,54.144,31.0,17.855999999999998,0.0027302034516773575,0.00038605346588393985,False,range=0.45% вне 2.00%–35.00% | std=0.141% < 0.600% | half-life=0.8 bars
SUE|mexc:spot:SUE/USDT|gate:swap:SUE/USDT:USDT,SUE,mexc,spot,SUE/USDT,gate,swap,SUE/USDT:USDT,True,,500,0.3104875183402549,1.0462405134791024,1.4808170146688526e-07,1.327255715825975,-2.275767264127604,0.06763777266751703,2.1665289094632723,4.44545579588127,2.2688756043088536,103.0,59.327999999999996,61.0,35.135999999999996,13.0,7.4879999999999995,-0.3856516524033341,-0.5105505973161506,True,
SUI|mexc:spot:SUI/USDT|gate:swap:SUI/USDT:USDT,SUI,mexc,spot,SUI/USDT,gate,swap,SUI/USDT:USDT,True,,500,0.0020472298534044593,0.9911612594037887,0.0,0.05104222630768535,-0.0895521635454477,-0.0007662362443761062,0.08556956876286659,0.1751252643296664,0.7391617052558884,256.0,147.456,114.0,65.664,29.0,16.704,0.02399408121803891,0.0012247188232006323,False,range=0.18% вне 2.00%–35.00% | std=0.051% < 0.600% | half-life=0.7 bars
SUN|mexc:spot:SUN/USDT|gate:swap:SUN/USDT:USDT,SUN,mexc,spot,SUN/USDT,gate,swap,SUN/USDT:USDT,True,,500,-0.2530591963773571,0.9374710932226535,2.921027126752849e-08,0.08771842825101304,-0.12895673560364695,-0.007831683784897958,0.15337914751345494,0.28230159819191414,2.315694730522393,100.0,57.6,66.0,38.016,14.0,8.064,1.2056386733532518,0.10581267161324792,False,range=0.28% вне 2.00%–35.00% | std=0.088% < 0.600%
SUSHI|mexc:spot:SUSHI/USDT|gate:swap:SUSHI/USDT:USDT,SUSHI,mexc,spot,SUSHI/USDT,gate,swap,SUSHI/USDT:USDT,True,,500,0.00017613132833474776,0.9989682073390759,5.8759746909123924e-15,0.14294790862865678,-0.19451285908748117,-0.003968113858066058,0.22754369371786876,0.42198748611965936,0.8806862361636596,216.0,124.416,99.0,57.024,26.0,14.975999999999999,-0.29032775660354476,-0.041493134840164814,False,range=0.42% вне 2.00%–35.00% | std=0.143% < 0.600% | half-life=0.9 bars
SWARMS|mexc:spot:SWARMS/USDT|gate:swap:SWARMS/USDT:USDT,SWARMS,mexc,spot,SWARMS/USDT,gate,swap,SWARMS/USDT:USDT,True,,500,-0.10174961428082827,0.9794402264246033,1.7212118989227171e-28,0.239539695947829,-0.3912450592489902,0.009941441619254476,0.37037516679532256,0.7617033917634861,1.0526007167933682,184.0,105.984,89.0,51.263999999999996,14.0,8.064,-0.642527608486639,-0.15379248594019623,False,range=0.76% вне 2.00%–35.00% | std=0.240% < 0.600% | half-life=1.1 bars
SYRUP|mexc:spot:SYRUP/USDT|gate:swap:SYRUP/USDT:USDT,SYRUP,mexc,spot,SYRUP/USDT,gate,swap,SYRUP/USDT:USDT,True,,500,-0.0331282365863461,0.976832404019479,1.1827693861093705e-29,0.23052924582937992,-0.31877690985347984,-0.01026589764139274,0.39105458018511285,0.7095780351400776,0.9553941298879647,208.0,119.80799999999999,78.0,44.928,20.0,11.52,-0.2986351942658552,-0.06882045396712222,False,range=0.71% вне 2.00%–35.00% | std=0.231% < 0.600% | half-life=1.0 bars
T|mexc:spot:T/USDT|gate:swap:T/USDT:USDT,T,mexc,spot,T/USDT,gate,swap,T/USDT:USDT,True,,500,-0.015063244275633611,0.9971138693623582,8.498758377365943e-11,0.13751875192552518,-0.21344690321416504,-0.00881897622274641,0.2213218121198013,0.4347522819559834,1.1788970345575212,168.0,96.768,93.0,53.568,26.0,14.975999999999999,0.5551753203356788,0.07637616890581178,False,range=0.43% вне 2.00%–35.00% | std=0.138% < 0.600% | half-life=1.2 bars
TA|mexc:spot:TA/USDT|gate:swap:TA/USDT:USDT,TA,mexc,spot,TA/USDT,gate,swap,TA/USDT:USDT,True,,500,-0.060299479856864895,0.9809812738259566,6.400302481534624e-07,0.22349441968015138,-0.3226786180427932,-0.0039661362068121875,0.34523390544920485,0.6678396893725091,1.5279959223905815,168.0,96.768,81.0,46.656,11.0,6.335999999999999,0.17464414423373542,0.03903961013915769,False,range=0.67% вне 2.00%–35.00% | std=0.223% < 0.600% | half-life=1.5 bars
TAC|mexc:spot:TAC/USDT|gate:swap:TAC/USDT:USDT,TAC,mexc,spot,TAC/USDT,gate,swap,TAC/USDT:USDT,True,,500,-0.3299471717918365,0.9491938674002626,0.000879019781020609,0.17425647827806598,-0.2916509206076001,0.007959307002436411,0.27112101323194526,0.5628311938193507,0.943148056111952,206.0,118.65599999999999,99.0,57.024,21.0,12.096,0.08300780531988952,0.01446569400556097,False,range=0.56% вне 2.00%–35.00% | std=0.174% < 0.600% | half-life=0.9 bars
TAG|mexc:spot:TAG/USDT|gate:swap:TAG/USDT:USDT,TAG,mexc,spot,TAG/USDT,gate,swap,TAG/USDT:USDT,True,,500,-0.626126173307172,0.9112546342324397,5.0230699690452326e-17,0.5310197286674928,-0.7364231353899742,-0.008401120755907598,0.746971376151917,1.4833434774933214,1.327766900424598,114.0,65.664,62.0,35.711999999999996,10.0,5.76,-0.6585921357750942,-0.3491145901846737,False,range=1.48% вне 2.00%–35.00% | std=0.531% < 0.600% | half-life=1.3 bars
TAIKO|mexc:spot:TAIKO/USDT|gate:swap:TAIKO/USDT:USDT,TAIKO,mexc,spot,TAIKO/USDT,gate,swap,TAIKO/USDT:USDT,True,,500,-0.12254084074307545,0.9497501930693683,1.6419438053467962e-26,0.2475317559182405,-0.4201060753008634,-0.0028327870158051383,0.4204111524185761,0.8405208939678391,0.7494863072821649,208.0,119.80799999999999,100.0,57.6,31.0,17.855999999999998,0.6229660526326375,0.15432283620675502,False,range=0.84% вне 2.00%–35.00% | std=0.248% < 0.600% | half-life=0.7 bars
TAKE|mexc:spot:TAKE/USDT|gate:swap:TAKE/USDT:USDT,TAKE,mexc,spot,TAKE/USDT,gate,swap,TAKE/USDT:USDT,True,,500,-0.1683868874740933,0.9420188777563235,3.5095962655569097e-10,0.21927428053215223,-0.36168389730726336,0.019195102901803374,0.342630433197022,0.7043843474004817,1.007566433301444,195.0,112.32,90.0,51.839999999999996,27.0,15.552,-0.5849104870084688,-0.12817361358080648,False,range=0.70% вне 2.00%–35.00% | std=0.219% < 0.600% | half-life=1.0 bars
TAO|mexc:spot:TAO/USDT|gate:swap:TAO/USDT:USDT,TAO,mexc,spot,TAO/USDT,gate,swap,TAO/USDT:USDT,True,,500,0.0982736336046398,0.9829464674609146,3.3828882770250616e-17,0.07055676803100018,-0.10855843525386932,0.000676195507653965,0.10982607245648701,0.21838321034881142,0.8469666603394025,208.0,119.80799999999999,114.0,65.664,25.0,14.4,1.2263952516049228,0.0865679337072045,False,range=0.22% вне 2.00%–35.00% | std=0.071% < 0.600% | half-life=0.8 bars
THE|mexc:spot:THE/USDT|gate:swap:THE/USDT:USDT,THE,mexc,spot,THE/USDT,gate,swap,THE/USDT:USDT,True,,500,-0.20743995300096568,0.9203533968224201,1.0157753620178958e-08,0.3406965642168489,-0.529586850647179,-0.00744692469165642,0.6249088963779403,1.1539585697894348,2.3886122361692435,129.0,74.304,53.0,30.528,14.0,8.064,-1.3725046888369827,-0.46651604947494096,False,range=1.15% вне 2.00%–35.00% | std=0.341% < 0.600%
TIA|mexc:spot:TIA/USDT|gate:swap:TIA/USDT:USDT,TIA,mexc,spot,TIA/USDT,gate,swap,TIA/USDT:USDT,True,,500,-0.00047650502737284976,0.9988505713225888,0.044522446306619855,0.05602996802963885,-0.08435626593642498,-0.0016347979127973034,0.08983613198276785,0.17418766933729843,1.3651061606679082,156.0,89.856,99.0,57.024,12.0,6.912,-0.3477566230888232,-0.019482894311362298,False,range=0.17% вне 2.00%–35.00% | std=0.056% < 0.600% | half-life=1.4 bars
TLM|mexc:spot:TLM/USDT|gate:swap:TLM/USDT:USDT,TLM,mexc,spot,TLM/USDT,gate,swap,TLM/USDT:USDT,True,,500,0.09118563294778526,1.0140124389517458,7.316614132738657e-12,0.11647963578231746,-0.14970749235220238,-0.0008369313369227527,0.1534503554878608,0.3031524067220647,0.8446531426093552,220.0,126.72,85.0,48.96,17.0,9.792,-1.1603010676678671,-0.13506015732367427,False,range=0.30% вне 2.00%–35.00% | std=0.116% < 0.600% | half-life=0.8 bars
TNSR|mexc:spot:TNSR/USDT|gate:swap:TNSR/USDT:USDT,TNSR,mexc,spot,TNSR/USDT,gate,swap,TNSR/USDT:USDT,True,,500,-0.005281200588574162,0.9986202771795761,1.841318009716463e-15,0.1632619463584907,-0.27585911359983006,0.012166526668000444,0.2588390616644842,0.5347449563492179,0.8310089625224395,206.0,118.65599999999999,104.0,59.903999999999996,28.0,16.128,-0.9404931595066023,-0.1534289210572748,False,range=0.53% вне 2.00%–35.00% | std=0.163% < 0.600% | half-life=0.8 bars
TOLLY|mexc:spot:TOLLY/USDT|gate:swap:TOLLY/USDT:USDT,TOLLY,mexc,spot,TOLLY/USDT,gate,swap,TOLLY/USDT:USDT,True,,500,-0.005056373402122736,0.9988964839853535,2.434091726646004e-24,0.6838106593292795,-1.1339857490561545,-0.053188185088126616,1.1212302861918877,2.2554554851903887,1.360915781120788,132.0,76.032,85.0,48.96,19.0,10.943999999999999,0.9196475497941224,0.6308463035296308,False,half-life=1.4 bars
TOSHI|mexc:spot:TOSHI/USDT|gate:swap:TOSHI/USDT:USDT,TOSHI,mexc,spot,TOSHI/USDT,gate,swap,TOSHI/USDT:USDT,True,,500,-0.0905444492371987,0.9898964678566927,8.904715474399118e-19,0.1899083666018803,-0.3169737124614658,0.006064462615662514,0.28511327535889475,0.6021847366028066,1.121161652997558,189.0,108.86399999999999,88.0,50.687999999999995,20.0,11.52,0.011250718063647453,0.0021366283158075206,False,range=0.60% вне 2.00%–35.00% | std=0.190% < 0.600% | half-life=1.1 bars
TOWNS|mexc:spot:TOWNS/USDT|gate:swap:TOWNS/USDT:USDT,TOWNS,mexc,spot,TOWNS/USDT,gate,swap,TOWNS/USDT:USDT,True,,500,-0.022933057234376445,0.9962923257047613,6.158416012534142e-17,0.33287505128649714,-0.5535169174015531,0.02176534948536979,0.5170564505234676,1.0707788024170737,1.1374630630216305,183.0,105.408,77.0,44.352,18.0,10.368,-0.5524706443323996,-0.18373469483762284,False,range=1.07% вне 2.00%–35.00% | std=0.333% < 0.600% | half-life=1.1 bars
TRADOOR|mexc:spot:TRADOOR/USDT|gate:swap:TRADOOR/USDT:USDT,TRADOOR,mexc,spot,TRADOOR/USDT,gate,swap,TRADOOR/USDT:USDT,True,,500,-0.018197667321863654,0.9680382606148904,1.467039514345559e-09,0.27934049105247843,-0.4472470189839539,0.009363765945025193,0.45602820449619497,0.9032417069159991,1.0586070171415944,179.0,103.104,106.0,61.056,19.0,10.943999999999999,0.1425277784679314,0.03982170636300797,False,range=0.90% вне 2.00%–35.00% | std=0.279% < 0.600% | half-life=1.1 bars
TREE|mexc:spot:TREE/USDT|gate:swap:TREE/USDT:USDT,TREE,mexc,spot,TREE/USDT,gate,swap,TREE/USDT:USDT,True,,500,-0.07894656106879049,0.974420744276316,0.00014416070812068817,0.3645718307544264,-0.5616189307050434,-0.01619755949880952,0.5760013544160225,1.137550748954812,3.3339910164607613,162.0,93.312,42.0,24.192,5.0,2.88,3.4136404125202673,1.2522934750350823,False,range=1.14% вне 2.00%–35.00% | std=0.365% < 0.600%
TRIA|mexc:spot:TRIA/USDT|gate:swap:TRIA/USDT:USDT,TRIA,mexc,spot,TRIA/USDT,gate,swap,TRIA/USDT:USDT,True,,500,0.13689267766792612,1.0254588211810731,1.128379664459847e-15,0.3740922003283524,-0.48948517399961533,0.016139277989801748,0.6122971404946442,1.1011172947886116,1.4294971529452283,178.0,102.52799999999999,79.0,45.504,13.0,7.4879999999999995,-1.1717745158171866,-0.43739234811626115,False,range=1.10% вне 2.00%–35.00% | std=0.374% < 0.600% | half-life=1.4 bars
TRUMP|mexc:spot:TRUMP/USDT|gate:swap:TRUMP/USDT:USDT,TRUMP,mexc,spot,TRUMP/USDT,gate,swap,TRUMP/USDT:USDT,True,,500,0.010031541104999254,0.9870192774880941,0.42562057181193974,0.06509367529135704,-0.11551358526847855,-0.0012586478303044935,0.11790199154886327,0.2334128953669628,1.2041882289178885,191.0,110.01599999999999,100.0,57.6,21.0,12.096,-1.9370990268789134,-0.12601343137476073,False,ADF=0.4256 > 0.05 | range=0.23% вне 2.00%–35.00% | std=0.065% < 0.600% | half-life=1.2 bars
TRUST|mexc:spot:TRUST/USDT|gate:swap:TRUST/USDT:USDT,TRUST,mexc,spot,TRUST/USDT,gate,swap,TRUST/USDT:USDT,True,,500,-0.39496011629583905,0.8598731444713821,3.8155821556975553e-10,0.35590135412928803,-0.5497768731643093,-0.0036766399982957054,0.5659538636862749,1.1156520700886172,1.6220554959403803,147.0,84.672,86.0,49.536,17.0,9.792,-0.7475344381687861,-0.26569492337868983,False,range=1.12% вне 2.00%–35.00% | std=0.356% < 0.600% | half-life=1.6 bars
TRUTH|mexc:spot:TRUTH/USDT|gate:swap:TRUTH/USDT:USDT,TRUTH,mexc,spot,TRUTH/USDT,gate,swap,TRUTH/USDT:USDT,True,,500,-0.06229120380536053,0.9859447101355037,0.03662883770002984,0.1345679485179142,-0.22068072436292052,0.0011034561736122939,0.20640023600033697,0.4271121064615402,1.4137886402589832,118.0,67.968,76.0,43.775999999999996,19.0,10.943999999999999,1.446362467369892,0.19482356502171783,False,range=0.43% вне 2.00%–35.00% | std=0.135% < 0.600% | half-life=1.4 bars
TRX|mexc:spot:TRX/USDT|gate:swap:TRX/USDT:USDT,TRX,mexc,spot,TRX/USDT,gate,swap,TRX/USDT:USDT,True,,500,-0.05109303126551048,0.9522663691902725,0.0015380445793997948,0.03211688061720789,-0.047311247283809976,-0.002411172637817316,0.04994526424901835,0.09725523833899462,1.5116529207524976,174.0,100.224,93.0,53.568,14.0,8.064,0.22349570295103335,0.00717824243345877,False,range=0.10% вне 2.00%–35.00% | std=0.032% < 0.600% | half-life=1.5 bars
TURBO|mexc:spot:TURBO/USDT|gate:swap:TURBO/USDT:USDT,TURBO,mexc,spot,TURBO/USDT,gate,swap,TURBO/USDT:USDT,True,,500,-0.10469654831827684,0.9846895410736081,2.667110394025613e-29,0.17509025352634813,-0.28440909695190975,-0.005585146226128046,0.2869205388256413,0.5713240156110408,0.9855038220105199,200.0,115.2,95.0,54.72,21.0,12.096,-1.1547814288121707,-0.20198670488393855,False,range=0.57% вне 2.00%–35.00% | std=0.175% < 0.600% | half-life=1.0 bars
TURTLE|mexc:spot:TURTLE/USDT|gate:swap:TURTLE/USDT:USDT,TURTLE,mexc,spot,TURTLE/USDT,gate,swap,TURTLE/USDT:USDT,True,,500,-0.45672815877437595,0.8552392771453582,6.459707005447278e-11,0.320614804756807,-0.4694421995506848,-0.01814407026209386,0.553511104784965,1.0225324015211157,3.540953605659395,96.0,55.296,37.0,21.312,9.0,5.184,0.01950194225647054,0.006252806888684681,False,range=1.02% вне 2.00%–35.00% | std=0.321% < 0.600%
TUT|mexc:spot:TUT/USDT|gate:swap:TUT/USDT:USDT,TUT,mexc,spot,TUT/USDT,gate,swap,TUT/USDT:USDT,True,,500,-0.03969808483648786,0.9895052485928548,2.161139214539839e-30,0.1455128698252464,-0.24044631137510875,-0.0024022781193622222,0.22247808321596008,0.4629668149110209,0.8530500620681094,222.0,127.872,104.0,59.903999999999996,26.0,14.975999999999999,0.20291542979750118,0.029531166112084506,False,range=0.46% вне 2.00%–35.00% | std=0.146% < 0.600% | half-life=0.9 bars
TWT|mexc:spot:TWT/USDT|gate:swap:TWT/USDT:USDT,TWT,mexc,spot,TWT/USDT,gate,swap,TWT/USDT:USDT,True,,500,-0.014113085167754542,0.9726734981243871,0.1024945707482669,0.1627549245003115,-0.26286415799794405,-0.00930401818454163,0.24388375430255405,0.5067970929904804,1.5480082303684708,130.0,74.88,81.0,46.656,19.0,10.943999999999999,-1.7904740667011518,-0.29098428919374086,False,ADF=0.1025 > 0.05 | range=0.51% вне 2.00%–35.00% | std=0.163% < 0.600% | half-life=1.5 bars
UAI|mexc:spot:UAI/USDT|gate:swap:UAI/USDT:USDT,UAI,mexc,spot,UAI/USDT,gate,swap,UAI/USDT:USDT,True,,500,0.0037551010518379877,1.0025873053108363,2.5896569838158218e-06,0.15938187100036144,-0.27473264603563585,-0.003494263223391414,0.27770046854946884,0.5524263219737374,0.7327555983218914,233.0,134.208,98.0,56.448,33.0,19.008,1.9500928752003177,0.3112929644536022,False,range=0.55% вне 2.00%–35.00% | std=0.159% < 0.600% | half-life=0.7 bars
UB|mexc:spot:UB/USDT|gate:swap:UB/USDT:USDT,UB,mexc,spot,UB/USDT,gate,swap,UB/USDT:USDT,True,,500,-0.026884683513620517,0.9860246485391172,6.950187306500743e-20,0.10904612589158577,-0.18042506619263543,0.006122325634727588,0.1685021151338173,0.34894833785530255,0.7732951170295659,237.0,136.512,114.0,65.664,21.0,12.096,0.602984950092483,0.06577479491596261,False,range=0.35% вне 2.00%–35.00% | std=0.109% < 0.600% | half-life=0.8 bars
UMA|mexc:spot:UMA/USDT|gate:swap:UMA/USDT:USDT,UMA,mexc,spot,UMA/USDT,gate,swap,UMA/USDT:USDT,True,,500,-0.07425392929279953,0.9160370281584214,8.274360650349309e-10,0.30314687638633614,-0.41025564500286604,-0.0403438145352597,0.6648454233314283,1.0737445756261121,2.615628780534302,112.0,64.512,51.0,29.375999999999998,14.0,8.064,0.022412283197517525,0.0067944444558598605,False,range=1.07% вне 2.00%–35.00% | std=0.303% < 0.600%
UNI|mexc:spot:UNI/USDT|gate:swap:UNI/USDT:USDT,UNI,mexc,spot,UNI/USDT,gate,swap,UNI/USDT:USDT,True,,500,-0.004642946142187455,1.002328305070116,0.0,0.06597420582945275,-0.11240541522972158,-0.0014457983440130384,0.10815096105034616,0.22056115752887565,0.718005581613162,243.0,139.968,96.0,55.296,32.0,18.432,0.6094611583327948,0.040216800692638444,False,range=0.22% вне 2.00%–35.00% | std=0.066% < 0.600% | half-life=0.7 bars
UP|mexc:spot:UP/USDT|gate:swap:UP/USDT:USDT,UP,mexc,spot,UP/USDT,gate,swap,UP/USDT:USDT,True,,500,-0.06294946234069546,0.9572712229532555,2.8827278003093766e-18,0.5233871815728158,-0.7653860060410356,0.029746779341399687,0.8302215064317942,1.5951242414192597,1.9639945529480947,121.0,69.696,64.0,36.864,14.0,8.064,1.6297824822172973,0.8566557334080516,False,range=1.60% вне 2.00%–35.00% | std=0.523% < 0.600% | half-life=2.0 bars
US|mexc:spot:US/USDT|gate:swap:US/USDT:USDT,US,mexc,spot,US/USDT,gate,swap,US/USDT:USDT,True,,500,-0.007003340407486771,0.9978448089959848,0.0,0.3080721677291393,-0.5214707582661071,0.008620097038125607,0.4153340590607124,0.9373090903509324,0.7487069979201845,239.0,137.664,103.0,59.327999999999996,24.0,13.824,0.33630337539754285,0.10365939912913014,False,range=0.94% вне 2.00%–35.00% | std=0.308% < 0.600% | half-life=0.7 bars
USD1|mexc:spot:USD1/USDT|gate:swap:USD1/USDT:USDT,USD1,mexc,spot,USD1/USDT,gate,swap,USD1/USDT:USDT,True,,500,-0.0003131281542763011,-0.010018559566533369,0.23563248239459111,0.006219971711289448,-0.009546556782125126,-0.000496649918124703,0.010509561846361315,0.020056022125469978,17.458530957244484,28.0,16.128,15.0,8.64,9.0,5.184,0.08143268500669106,0.0005065102798740284,False,ADF=0.2356 > 0.05 | range=0.02% вне 2.00%–35.00% | std=0.006% < 0.600%
USDC|mexc:spot:USDC/USDT|gate:swap:USDC/USDT:USDT,USDC,mexc,spot,USDC/USDT,gate,swap,USDC/USDT:USDT,True,,500,0.0005378041551873029,0.17355930013421586,0.4134587522556152,0.013175183933223058,-0.01816134331592556,-0.003159118804652028,0.023354600590930197,0.041514866516219134,35.924756200344206,19.0,10.943999999999999,16.0,9.216,3.0,1.728,-1.6815192190432653,-0.022151871108777588,False,ADF=0.4135 > 0.05 | range=0.04% вне 2.00%–35.00% | std=0.013% < 0.600%
USELESS|mexc:spot:USELESS/USDT|gate:swap:USELESS/USDT:USDT,USELESS,mexc,spot,USELESS/USDT,gate,swap,USELESS/USDT:USDT,True,,500,0.005921618764923436,1.0045362124336372,7.209090301958507e-07,0.1746919502517906,-0.27460815094260127,0.003944477926998147,0.27001784785620764,0.5446398453896772,0.7189217512916278,246.0,141.696,110.0,63.36,17.0,9.792,-0.9509820373437247,-0.1659909890739164,False,range=0.54% вне 2.00%–35.00% | std=0.175% < 0.600% | half-life=0.7 bars
USTC|mexc:spot:USTC/USDT|gate:swap:USTC/USDT:USDT,USTC,mexc,spot,USTC/USDT,gate,swap,USTC/USDT:USDT,True,,500,-0.08099018533218037,0.9844631361911038,1.3041707882400475e-06,0.30358804283993757,-0.5531586777943964,0.0004235118766127144,0.4630549470819423,1.0166804116688952,2.2835146326679268,131.0,75.456,68.0,39.168,12.0,6.912,0.6632513340189525,0.20155803006800532,False,range=1.02% вне 2.00%–35.00% | std=0.304% < 0.600%
USUAL|mexc:spot:USUAL/USDT|gate:swap:USUAL/USDT:USDT,USUAL,mexc,spot,USUAL/USDT,gate,swap,USUAL/USDT:USDT,True,,500,-0.08024264912793971,0.9819112923441647,7.29128165113001e-06,0.1055961104705684,-0.17379081016044573,0.001260182537166088,0.1749214844978031,0.3487106766264023,0.973448226842913,203.0,116.928,95.0,54.72,19.0,10.943999999999999,-1.0783824915723077,-0.11380818601581799,False,range=0.35% вне 2.00%–35.00% | std=0.106% < 0.600% | half-life=1.0 bars
VANA|mexc:spot:VANA/USDT|gate:swap:VANA/USDT:USDT,VANA,mexc,spot,VANA/USDT,gate,swap,VANA/USDT:USDT,True,,500,0.005514227505479247,0.9466162766884006,3.198033700735085e-11,0.28290505704624247,-0.4598783072970902,0.008235374115006522,0.45677443145588636,0.9166733837309627,2.3439428867277154,136.0,78.336,51.0,29.375999999999998,18.0,10.368,1.6452388162164264,0.46653126535673994,False,range=0.92% вне 2.00%–35.00% | std=0.283% < 0.600%
VELO|mexc:spot:VELO/USDT|gate:swap:VELO/USDT:USDT,VELO,mexc,spot,VELO/USDT,gate,swap,VELO/USDT:USDT,True,,500,-0.16809433277501792,0.9674959848752192,7.831513309122336e-18,0.5181498788338529,-0.7809564695750559,-0.03740681485020492,0.9897839207336556,1.7689395486086654,1.2431363441717163,171.0,98.496,79.0,45.504,17.0,9.792,-0.6472068103268088,-0.33478845983128114,False,range=1.77% вне 2.00%–35.00% | std=0.518% < 0.600% | half-life=1.2 bars
VELODROME|mexc:spot:VELODROME/USDT|gate:swap:VELODROME/USDT:USDT,VELODROME,mexc,spot,VELODROME/USDT,gate,swap,VELODROME/USDT:USDT,True,,500,-0.1264840822150142,0.9630162212086834,7.92933723222298e-21,0.3150103101303838,-0.4996057884317562,-0.00919238411183354,0.5774814550312923,1.0766784131867757,1.6723192028455045,156.0,89.856,71.0,40.896,18.0,10.368,0.9989154638517816,0.3151642716196612,False,range=1.08% вне 2.00%–35.00% | std=0.315% < 0.600% | half-life=1.7 bars
VELVET|mexc:spot:VELVET/USDT|gate:swap:VELVET/USDT:USDT,VELVET,mexc,spot,VELVET/USDT,gate,swap,VELVET/USDT:USDT,True,,500,-0.03299272713033971,0.9884394454106,0.022324330503492577,0.1613088117755012,-0.24570474144857135,0.0018596360040090687,0.26206381466133966,0.507728117106909,0.8079979845685573,236.0,135.936,125.0,72.0,23.0,13.248,-1.5452518007579712,-0.24895233028541242,False,range=0.51% вне 2.00%–35.00% | std=0.161% < 0.600% | half-life=0.8 bars
VET|mexc:spot:VET/USDT|gate:swap:VET/USDT:USDT,VET,mexc,spot,VET/USDT,gate,swap,VET/USDT:USDT,True,,500,-0.15567525824867448,0.9667039278394384,3.0534669117048416e-25,0.2255267738633816,-0.37559367235033836,0.0066347564809055015,0.32944023847032433,0.7051995695425806,1.2937503136147963,170.0,97.92,68.0,39.168,18.0,10.368,0.09274984914588599,0.02091976213167701,False,range=0.71% вне 2.00%–35.00% | std=0.226% < 0.600% | half-life=1.3 bars
VIRTUAL|mexc:spot:VIRTUAL/USDT|gate:swap:VIRTUAL/USDT:USDT,VIRTUAL,mexc,spot,VIRTUAL/USDT,gate,swap,VIRTUAL/USDT:USDT,True,,500,-0.001154347306943858,0.9916293301662907,4.472760505620238e-27,0.0736953421390058,-0.12407614665542743,0.00029778370849165015,0.11673546697548165,0.2408205689455217,0.7007506928577947,245.0,141.12,105.0,60.48,25.0,14.4,-0.6352079539685563,-0.04680091245192752,False,range=0.24% вне 2.00%–35.00% | std=0.074% < 0.600% | half-life=0.7 bars
VTHO|mexc:spot:VTHO/USDT|gate:swap:VTHO/USDT:USDT,VTHO,mexc,spot,VTHO/USDT,gate,swap,VTHO/USDT:USDT,True,,500,0.21216293661959001,1.0289087426054155,0.0005802893917394581,0.14277635088891308,-0.21631221221152241,-0.00856840624618993,0.25346897694957793,0.46969479113260876,1.076501030018045,216.0,124.416,92.0,52.992,20.0,11.52,-0.03264394490126662,-0.0046606747189925635,False,range=0.47% вне 2.00%–35.00% | std=0.143% < 0.600% | half-life=1.1 bars
VVV|mexc:spot:VVV/USDT|gate:swap:VVV/USDT:USDT,VVV,mexc,spot,VVV/USDT,gate,swap,VVV/USDT:USDT,True,,500,0.014101679643205313,0.9959820022082971,0.0,0.12037574635521879,-0.18044145589044547,0.00642490701463494,0.16054413738804119,0.3410198506376802,0.7630767611415299,231.0,133.05599999999998,99.0,57.024,17.0,9.792,-0.6751216981937367,-0.08123526457900487,False,range=0.34% вне 2.00%–35.00% | std=0.120% < 0.600% | half-life=0.8 bars
W|mexc:spot:W/USDT|gate:swap:W/USDT:USDT,W,mexc,spot,W/USDT,gate,swap,W/USDT:USDT,True,,500,-0.08216371217524233,0.9808335740650498,1.7345819310199133e-08,0.12132031004234985,-0.20754308755065454,0.004910430294580159,0.18955898007799732,0.3971383004384998,0.799480652181529,222.0,127.872,98.0,56.448,25.0,14.4,-0.19093237229040336,-0.023161291961970587,False,range=0.40% вне 2.00%–35.00% | std=0.121% < 0.600% | half-life=0.8 bars
WAL|mexc:spot:WAL/USDT|gate:swap:WAL/USDT:USDT,WAL,mexc,spot,WAL/USDT,gate,swap,WAL/USDT:USDT,True,,500,-0.08503494639293042,0.973974540077052,0.0,0.11126135428290967,-0.17436161562771613,-0.002973641844938868,0.17465671647509673,0.34901817141836267,0.78810019506584,253.0,145.728,108.0,62.208,25.0,14.4,-0.560142407974714,-0.06230278665138034,False,range=0.35% вне 2.00%–35.00% | std=0.111% < 0.600% | half-life=0.8 bars
WAXP|mexc:spot:WAXP/USDT|gate:swap:WAXP/USDT:USDT,WAXP,mexc,spot,WAXP/USDT,gate,swap,WAXP/USDT:USDT,True,,500,-0.052965917901013786,0.9887088430417105,5.8964794143248034e-21,0.18471975036234403,-0.2794108453601396,-0.006785371468953638,0.312879774319752,0.5921932502437954,1.6916334673638764,173.0,99.648,64.0,36.864,16.0,9.216,-0.6927125706826588,-0.12787586217979374,False,range=0.59% вне 2.00%–35.00% | std=0.185% < 0.600% | half-life=1.7 bars
WCT|mexc:spot:WCT/USDT|gate:swap:WCT/USDT:USDT,WCT,mexc,spot,WCT/USDT,gate,swap,WCT/USDT:USDT,True,,500,-0.0515680964264599,0.9837038806981846,6.091212909951641e-23,0.14358246372119815,-0.24676009402653243,8.579349748405463e-05,0.2271070451101309,0.4739145953717071,0.9779830842930358,201.0,115.776,118.0,67.968,19.0,10.943999999999999,-0.4619387729236488,-0.06630431607198561,False,range=0.47% вне 2.00%–35.00% | std=0.144% < 0.600% | half-life=1.0 bars
WEN|mexc:spot:WEN/USDT|gate:swap:WEN/USDT:USDT,WEN,mexc,spot,WEN/USDT,gate,swap,WEN/USDT:USDT,True,,500,-8.238782376256504,-1.959930032996464,0.04089102806710143,2.6603691452192515,-3.478111052849675,-0.13890542160015507,5.1262313835293005,8.539202065089766,13.976551254347653,27.0,15.552,31.0,17.855999999999998,5.0,2.88,-0.13924980262872608,-0.3697705371592419,True,
WET|mexc:spot:WET/USDT|gate:swap:WET/USDT:USDT,WET,mexc,spot,WET/USDT,gate,swap,WET/USDT:USDT,True,,500,-0.024427568002527447,0.9923852717196484,6.561038602946344e-20,0.15098631334650098,-0.24350222062372584,0.009380755851684519,0.22203125201027962,0.4655842963052881,1.1553557349326085,157.0,90.432,95.0,54.72,19.0,10.943999999999999,-0.3204095848543503,-0.04836576197086995,False,range=0.47% вне 2.00%–35.00% | std=0.151% < 0.600% | half-life=1.2 bars
WIF|mexc:spot:WIF/USDT|gate:swap:WIF/USDT:USDT,WIF,mexc,spot,WIF/USDT,gate,swap,WIF/USDT:USDT,True,,500,-0.02964328339001965,0.9782727020732861,0.0002563673610031056,0.08336744900252507,-0.15031802667428984,0.011332669277730467,0.11145939962746709,0.26182844732104404,0.9721397337871284,187.0,107.712,107.0,61.632,18.0,10.368,-0.13431200161557952,-0.01119662207652583,False,range=0.26% вне 2.00%–35.00% | std=0.083% < 0.600% | half-life=1.0 bars
WLD|mexc:spot:WLD/USDT|gate:swap:WLD/USDT:USDT,WLD,mexc,spot,WLD/USDT,gate,swap,WLD/USDT:USDT,True,,500,-0.0009157316572759943,0.9980596045648342,3.36401408148262e-05,0.10052889782984385,-0.15831986834841105,0.0037818197615946403,0.15707109656997176,0.3153931956293093,0.7166363100278887,232.0,133.632,102.0,58.751999999999995,22.0,12.671999999999999,1.191959539705193,0.11989819927338274,False,range=0.32% вне 2.00%–35.00% | std=0.101% < 0.600% | half-life=0.7 bars
WLFI|mexc:spot:WLFI/USDT|gate:swap:WLFI/USDT:USDT,WLFI,mexc,spot,WLFI/USDT,gate,swap,WLFI/USDT:USDT,True,,500,-0.08819880106002914,0.9692183805697063,2.0282369556674505e-30,0.06638632658244725,-0.10748242502731653,-0.0013311424072126599,0.10521550680959724,0.2127004228989658,0.8356461510901039,215.0,123.84,127.0,73.152,20.0,11.52,-1.0200985587104183,-0.06769767084456868,False,range=0.21% вне 2.00%–35.00% | std=0.066% < 0.600% | half-life=0.8 bars
WOO|mexc:spot:WOO/USDT|gate:swap:WOO/USDT:USDT,WOO,mexc,spot,WOO/USDT,gate,swap,WOO/USDT:USDT,True,,500,-0.0021432943134385624,0.9993818096368401,1.1826067223169922e-07,0.12386972622331076,-0.1954533538353398,0.021970247643587903,0.16902235188338555,0.3645242830187012,0.8422959267568841,191.0,110.01599999999999,108.0,62.208,21.0,12.096,-0.405092235344201,-0.0501660769008927,False,range=0.36% вне 2.00%–35.00% | std=0.124% < 0.600% | half-life=0.8 bars
XAI|mexc:spot:XAI/USDT|gate:swap:XAI/USDT:USDT,XAI,mexc,spot,XAI/USDT,gate,swap,XAI/USDT:USDT,True,,500,-0.03164618474080009,0.9931483538368016,1.383925187697622e-05,0.08019758358417477,-0.1164547307105468,0.0011925260343215172,0.12174421471558006,0.23819275846223673,0.8405072426788958,215.0,123.84,121.0,69.696,17.0,9.792,0.6077709670217173,0.048753643655330414,False,range=0.24% вне 2.00%–35.00% | std=0.080% < 0.600% | half-life=0.8 bars
XAN|mexc:spot:XAN/USDT|gate:swap:XAN/USDT:USDT,XAN,mexc,spot,XAN/USDT,gate,swap,XAN/USDT:USDT,True,,500,0.042305166331227585,1.0100142195100144,3.4098980466583713e-13,0.32243923093685156,-0.5435682961023591,0.014226403553330158,0.5428327747013739,1.0864157518453936,2.1833621654539486,142.0,81.792,56.0,32.256,15.0,8.64,-1.4095163282941268,-0.453452148083322,False,range=1.09% вне 2.00%–35.00% | std=0.322% < 0.600%
XCN|mexc:spot:XCN/USDT|gate:swap:XCN/USDT:USDT,XCN,mexc,spot,XCN/USDT,gate,swap,XCN/USDT:USDT,True,,500,-0.47311647193452383,0.9110274260411454,4.62816371315729e-20,0.4543468604224163,-0.6542622803726306,-0.031200078398518905,0.7927091926988705,1.4459957170879845,1.7529831227394927,125.0,72.0,64.0,36.864,13.0,7.4879999999999995,-0.21919103135983092,-0.09953918378582394,False,range=1.45% вне 2.00%–35.00% | std=0.454% < 0.600% | half-life=1.8 bars
XDC|mexc:spot:XDC/USDT|gate:swap:XDC/USDT:USDT,XDC,mexc,spot,XDC/USDT,gate,swap,XDC/USDT:USDT,True,,500,-0.1679591006092266,0.949117745788525,1.3334208041983008e-10,0.27989484680529775,-0.44765787894593956,0.008789590562163774,0.4502731630099399,0.8979253334218229,1.5508452111782365,169.0,97.344,66.0,38.016,15.0,8.64,-2.8809290990903595,-0.8031148699033652,False,range=0.90% вне 2.00%–35.00% | std=0.280% < 0.600% | half-life=1.6 bars
XDP|mexc:spot:XDP/USDT|gate:swap:XDP/USDT:USDT,XDP,mexc,spot,XDP/USDT,gate,swap,XDP/USDT:USDT,False,Недостаточно общих свечей: 257 < 400,257,,,,,,,,,,,,,,,,,,,
XLM|mexc:spot:XLM/USDT|gate:swap:XLM/USDT:USDT,XLM,mexc,spot,XLM/USDT,gate,swap,XLM/USDT:USDT,True,,500,-0.013481323866328712,0.9906407802303088,4.3204857680001377e-20,0.06540620335546832,-0.10081662041612205,0.002380598219642316,0.09174121601285279,0.19256663403279006,0.7325967934893939,244.0,140.54399999999998,101.0,58.175999999999995,28.0,16.128,-1.24356465839945,-0.08130377348938289,False,range=0.19% вне 2.00%–35.00% | std=0.065% < 0.600% | half-life=0.7 bars
XMR|mexc:spot:XMR/USDT|gate:swap:XMR/USDT:USDT,XMR,mexc,spot,XMR/USDT,gate,swap,XMR/USDT:USDT,True,,500,0.330215336699913,0.9474348174948578,1.9678886865541953e-14,0.08961721689880851,-0.15633811889803617,0.0008630955815602803,0.13472227014246219,0.29109205557371615,0.823943334705263,223.0,128.448,112.0,64.512,23.0,13.248,0.5775280840177018,0.05176985553700941,False,range=0.29% вне 2.00%–35.00% | std=0.090% < 0.600% | half-life=0.8 bars
XNY|mexc:spot:XNY/USDT|gate:swap:XNY/USDT:USDT,XNY,mexc,spot,XNY/USDT,gate,swap,XNY/USDT:USDT,True,,500,-0.2323963716017293,0.9537631099117185,4.474085897689657e-16,0.2896025819396035,-0.49830402831754217,-0.013884660723695319,0.5056894684902336,1.0039648562705314,1.5887548842661021,144.0,82.944,74.0,42.624,22.0,12.671999999999999,-0.33947169405913596,-0.09826356880003884,False,range=1.00% вне 2.00%–35.00% | std=0.290% < 0.600% | half-life=1.6 bars
XPIN|mexc:spot:XPIN/USDT|gate:swap:XPIN/USDT:USDT,XPIN,mexc,spot,XPIN/USDT,gate,swap,XPIN/USDT:USDT,True,,500,-0.09537585922015207,0.9863818961483375,1.2895107526086116e-24,0.21789625615428426,-0.3335700423343191,-0.005769462071403275,0.3407849313831868,0.6743332029047577,1.3402451211771194,181.0,104.256,77.0,44.352,16.0,9.216,0.33604230215418607,0.07324917366291483,False,range=0.67% вне 2.00%–35.00% | std=0.218% < 0.600% | half-life=1.3 bars
XPL|mexc:spot:XPL/USDT|gate:swap:XPL/USDT:USDT,XPL,mexc,spot,XPL/USDT,gate,swap,XPL/USDT:USDT,True,,500,0.007335065898321381,1.0029062164479459,2.9386282748136085e-05,0.06952143576943377,-0.12358843862079194,0.0015778382654652034,0.1057834049808859,0.22939236587681006,0.822104921919354,217.0,124.99199999999999,111.0,63.936,33.0,19.008,0.23487911651267732,0.01633046668774174,False,range=0.23% вне 2.00%–35.00% | std=0.070% < 0.600% | half-life=0.8 bars
XRP|mexc:spot:XRP/USDT|gate:swap:XRP/USDT:USDT,XRP,mexc,spot,XRP/USDT,gate,swap,XRP/USDT:USDT,True,,500,0.0050754697460722,0.988435814969879,2.1825453653671498e-05,0.01642775700129916,-0.024361651523585603,0.0006454817957246561,0.027988448512750175,0.052349151933134545,0.9280760676631712,215.0,123.84,104.0,59.903999999999996,20.0,11.52,-0.2920698527276628,-0.004797937463341118,False,range=0.05% вне 2.00%–35.00% | std=0.016% < 0.600% | half-life=0.9 bars
XTZ|mexc:spot:XTZ/USDT|gate:swap:XTZ/USDT:USDT,XTZ,mexc,spot,XTZ/USDT,gate,swap,XTZ/USDT:USDT,True,,500,0.07649697329373678,1.0665354204294746,1.789136944981828e-05,0.17514127798430554,-0.2576130197021076,-0.01843544531415775,0.3265273613048292,0.5839408313848004,1.3170747363597146,182.0,104.832,86.0,49.536,18.0,10.368,-0.02654351178900199,-0.004648756518921271,False,range=0.58% вне 2.00%–35.00% | std=0.175% < 0.600% | half-life=1.3 bars
XVS|mexc:spot:XVS/USDT|gate:swap:XVS/USDT:USDT,XVS,mexc,spot,XVS/USDT,gate,swap,XVS/USDT:USDT,True,,500,0.05102163184222231,0.9624619493535418,0.00417100170278182,0.2586673799518072,-0.4139239214215551,0.0035525536208336206,0.4097841289313564,0.8237297582924149,1.7414167231828668,132.0,76.032,76.0,43.775999999999996,16.0,9.216,0.410682189360191,0.10628653005546607,False,range=0.82% вне 2.00%–35.00% | std=0.259% < 0.600% | half-life=1.7 bars
YB|mexc:spot:YB/USDT|gate:swap:YB/USDT:USDT,YB,mexc,spot,YB/USDT,gate,swap,YB/USDT:USDT,True,,500,-0.00010817453281140628,1.0002698888792094,6.535660309617555e-14,0.27887353871060727,-0.5366828749176489,-0.0029951491039459377,0.43208508935803636,0.9692824729796555,2.5935310836554337,139.0,80.064,54.0,31.104,10.0,5.76,-3.404312472204106,-0.9448803512148607,False,range=0.97% вне 2.00%–35.00% | std=0.279% < 0.600%
YFI|mexc:spot:YFI/USDT|gate:swap:YFI/USDT:USDT,YFI,mexc,spot,YFI/USDT,gate,swap,YFI/USDT:USDT,True,,500,0.20733221199930355,0.9735235848479843,9.499171516980775e-21,0.19548325545314538,-0.32621295526210625,-0.00011153807638608626,0.3121853927846807,0.6384452956940168,1.680465693405901,150.0,86.39999999999999,61.0,35.135999999999996,15.0,8.64,0.8959459291557846,0.17529589087046382,False,range=0.64% вне 2.00%–35.00% | std=0.195% < 0.600% | half-life=1.7 bars
YGG|mexc:spot:YGG/USDT|gate:swap:YGG/USDT:USDT,YGG,mexc,spot,YGG/USDT,gate,swap,YGG/USDT:USDT,True,,500,-0.019022160339443466,0.9947987167476791,1.947045294516022e-16,0.09769058900480308,-0.13126829179590516,0.005622710564701094,0.1318274971419342,0.26309520507701517,0.7198595457456741,230.0,132.48,84.0,48.384,17.0,9.792,-5.973234827759538,-0.5818296058768047,False,range=0.26% вне 2.00%–35.00% | std=0.098% < 0.600% | half-life=0.7 bars
ZAMA|mexc:spot:ZAMA/USDT|gate:swap:ZAMA/USDT:USDT,ZAMA,mexc,spot,ZAMA/USDT,gate,swap,ZAMA/USDT:USDT,True,,500,0.01640186479806158,1.0060064071514085,4.9363064660417424e-11,0.10026755761669451,-0.14602899085036647,-2.8848728705899163e-05,0.1390742160689129,0.28511331454642563,0.737395826674912,231.0,133.05599999999998,94.0,54.144,30.0,17.28,0.7661895674785989,0.07685347376231721,False,range=0.29% вне 2.00%–35.00% | std=0.100% < 0.600% | half-life=0.7 bars
ZBCN|mexc:spot:ZBCN/USDT|gate:swap:ZBCN/USDT:USDT,ZBCN,mexc,spot,ZBCN/USDT,gate,swap,ZBCN/USDT:USDT,True,,500,0.24674294341199132,1.0404769529608278,3.7739034020533244e-06,0.4830534852840361,-0.7412055380900062,0.0014127538326080824,0.8172900043535991,1.557934391927426,1.3215541924419512,143.0,82.368,92.0,52.992,24.0,13.824,-2.2777990938198083,-1.0942676443776334,False,range=1.56% вне 2.00%–35.00% | std=0.483% < 0.600% | half-life=1.3 bars
ZBT|mexc:spot:ZBT/USDT|gate:swap:ZBT/USDT:USDT,ZBT,mexc,spot,ZBT/USDT,gate,swap,ZBT/USDT:USDT,True,,500,-0.01029529137213007,0.9960027286909662,4.821193467471086e-08,0.0708720562566672,-0.10330698683604922,-0.002447223394352882,0.1224770292473476,0.22576247260182253,0.8747747496359328,211.0,121.536,107.0,61.632,23.0,13.248,0.745834682805312,0.052872810343362886,False,range=0.23% вне 2.00%–35.00% | std=0.071% < 0.600% | half-life=0.9 bars
ZCAT|mexc:spot:ZCAT/USDT|gate:swap:ZCAT/USDT:USDT,ZCAT,mexc,spot,ZCAT/USDT,gate,swap,ZCAT/USDT:USDT,True,,500,0.11576068329944919,1.0259664533972757,0.003971176497534653,2.6191802563930384,-3.7388157277624012,-0.06881601612075405,4.641544906017336,8.347548496179643,2.8898550583777487,85.0,48.96,75.0,43.199999999999996,14.0,8.064,-1.1889072539118388,-3.0659779591339364,True,
ZEC|mexc:spot:ZEC/USDT|gate:swap:ZEC/USDT:USDT,ZEC,mexc,spot,ZEC/USDT,gate,swap,ZEC/USDT:USDT,True,,500,-0.05554701524479687,1.0077053752845786,0.0851418875575724,0.06941076403951665,-0.11585358061629858,0.004614852433482142,0.10164770035012705,0.2175168168120356,1.1603107294108315,168.0,96.768,106.0,61.056,21.0,12.096,0.2945356638822687,0.02044603538422507,False,ADF=0.0851 > 0.05 | range=0.22% вне 2.00%–35.00% | std=0.069% < 0.600% | half-life=1.2 bars
ZEREBRO|mexc:spot:ZEREBRO/USDT|gate:swap:ZEREBRO/USDT:USDT,ZEREBRO,mexc,spot,ZEREBRO/USDT,gate,swap,ZEREBRO/USDT:USDT,True,,500,-0.24388245287535118,0.9295018272540764,2.409768672462933e-07,0.2577419719042085,-0.4108232890304264,-0.0046381513942761465,0.4161227928169753,0.8269288825711251,1.910165285151591,134.0,77.184,65.0,37.44,11.0,6.335999999999999,2.6125011566369136,0.6756233057926719,False,range=0.83% вне 2.00%–35.00% | std=0.258% < 0.600% | half-life=1.9 bars
ZEST|mexc:spot:ZEST/USDT|gate:swap:ZEST/USDT:USDT,ZEST,mexc,spot,ZEST/USDT,gate,swap,ZEST/USDT:USDT,True,,500,0.005154685791555773,1.0043875171900811,0.01782171552697428,0.18151647909316176,-0.2994671085171041,-0.004874893050410556,0.2873797534574729,0.5868840157621412,1.0225857520199721,212.0,122.112,95.0,54.72,16.0,9.216,0.2403613556873137,0.04363906606550394,False,range=0.59% вне 2.00%–35.00% | std=0.182% < 0.600% | half-life=1.0 bars
ZETA|mexc:spot:ZETA/USDT|gate:swap:ZETA/USDT:USDT,ZETA,mexc,spot,ZETA/USDT,gate,swap,ZETA/USDT:USDT,True,,500,0.01754090999088731,1.0062108299847223,1.7053519443953752e-07,0.17720077789364752,-0.2505015177953651,-0.005466237269480256,0.2880246482326543,0.5384264498009635,0.7461544484513728,213.0,122.688,86.0,49.536,31.0,17.855999999999998,-0.25414585288687397,-0.04502470366679612,False,range=0.54% вне 2.00%–35.00% | std=0.177% < 0.600% | half-life=0.7 bars
ZIL|mexc:spot:ZIL/USDT|gate:swap:ZIL/USDT:USDT,ZIL,mexc,spot,ZIL/USDT,gate,swap,ZIL/USDT:USDT,True,,500,-0.1583477598918679,0.9723089925542576,0.0029549924606644047,0.3724716082678085,-0.7692055120890773,0.03613369221062701,0.5095675272222433,1.280452782032672,1.521776754481834,143.0,82.368,73.0,42.048,20.0,11.52,0.17792082774264534,0.06629242057223372,False,range=1.28% вне 2.00%–35.00% | std=0.372% < 0.600% | half-life=1.5 bars
ZK|mexc:spot:ZK/USDT|gate:swap:ZK/USDT:USDT,ZK,mexc,spot,ZK/USDT,gate,swap,ZK/USDT:USDT,True,,500,0.010050771985759141,1.0019070486433155,0.15122923222914858,0.1412383245736794,-0.22248375661172437,0.0027591509332847153,0.2388668255183246,0.4613136116340976,1.051153839011503,167.0,96.192,92.0,52.992,16.0,9.216,-2.1350735682154087,-0.3010999955835647,False,ADF=0.1512 > 0.05 | range=0.46% вне 2.00%–35.00% | std=0.141% < 0.600% | half-life=1.1 bars
ZKC|mexc:spot:ZKC/USDT|gate:swap:ZKC/USDT:USDT,ZKC,mexc,spot,ZKC/USDT,gate,swap,ZKC/USDT:USDT,True,,500,-0.023857564557203604,0.9925266002755659,2.0221803421328306e-30,0.13466646871618745,-0.21373600547520688,-0.010314973916258907,0.23577262368141838,0.4494598630053015,0.8315942436160088,229.0,131.904,111.0,63.936,25.0,14.4,-1.0934210623310638,-0.14713879785338557,False,range=0.45% вне 2.00%–35.00% | std=0.135% < 0.600% | half-life=0.8 bars
ZKP|mexc:spot:ZKP/USDT|gate:swap:ZKP/USDT:USDT,ZKP,mexc,spot,ZKP/USDT,gate,swap,ZKP/USDT:USDT,True,,500,-0.0855979975099539,0.9721897861598916,1.1065384241704507e-10,0.44499135883371566,-0.6744682817890868,-0.01384280625407186,0.7157475824631776,1.3899513651461692,3.516684146031061,117.0,67.392,49.0,28.224,11.0,6.335999999999999,1.4270900335066639,0.6370634046643842,False,range=1.39% вне 2.00%–35.00% | std=0.445% < 0.600%
ZORA|mexc:spot:ZORA/USDT|gate:swap:ZORA/USDT:USDT,ZORA,mexc,spot,ZORA/USDT,gate,swap,ZORA/USDT:USDT,True,,500,-0.22823353885650527,0.9526649015045272,1.3388146275907056e-11,0.3076601940831906,-0.540592132735529,0.0038664345914707354,0.45479272023316586,0.995820282609365,1.539870029884234,168.0,96.768,61.0,35.135999999999996,17.0,9.792,1.2179943051281557,0.3754313488631089,False,range=1.00% вне 2.00%–35.00% | std=0.308% < 0.600% | half-life=1.5 bars
ZRO|mexc:spot:ZRO/USDT|gate:swap:ZRO/USDT:USDT,ZRO,mexc,spot,ZRO/USDT,gate,swap,ZRO/USDT:USDT,True,,500,0.0013621795220545027,0.9997360538031587,0.09999457445225052,0.09732672346805396,-0.15570482874274205,0.005540599697817505,0.15184540418249348,0.30755641030790914,1.1012801556082839,184.0,105.984,109.0,62.784,21.0,12.096,-0.8438057979448599,-0.08209114032907694,False,ADF=0.1000 > 0.05 | range=0.31% вне 2.00%–35.00% | std=0.097% < 0.600% | half-life=1.1 bars
ZRX|mexc:spot:ZRX/USDT|gate:swap:ZRX/USDT:USDT,ZRX,mexc,spot,ZRX/USDT,gate,swap,ZRX/USDT:USDT,True,,500,-0.024894008260152988,0.9869284848458859,1.5551742557349555e-07,0.17559006186668613,-0.27587449757329185,-0.003012240139810274,0.28639311979161697,0.5622395286070269,1.289351557385107,172.0,99.072,78.0,44.928,20.0,11.52,2.061341825465326,0.36260697282333165,False,range=0.56% вне 2.00%–35.00% | std=0.176% < 0.600% | half-life=1.3 bars
ZZZ|mexc:spot:ZZZ/USDT|gate:swap:ZZZ/USDT:USDT,ZZZ,mexc,spot,ZZZ/USDT,gate,swap,ZZZ/USDT:USDT,True,,500,-0.04952790975216635,0.9879795806816332,4.842301213547386e-13,1.1356761898502072,-1.8901862896194443,0.050072606992412894,1.7708083478684467,3.6635908671535313,1.2581361699646718,175.0,100.8,90.0,51.839999999999996,22.0,12.671999999999999,0.027064241859753747,0.03074093913495446,False,half-life=1.3 bars
哈基米|mexc:spot:哈基米/USDT|gate:swap:哈基米/USDT:USDT,哈基米,mexc,spot,哈基米/USDT,gate,swap,哈基米/USDT:USDT,True,,500,-0.08430106497597312,0.9767312713565517,8.476795103483606e-07,0.21522871254334935,-0.356792108517634,0.008070574367380345,0.33479172812334035,0.6916626779473133,0.9926908114621055,185.0,106.56,91.0,52.416,15.0,8.64,0.24555716181813766,0.052864920370288004,False,range=0.69% вне 2.00%–35.00% | std=0.215% < 0.600% | half-life=1.0 bars
币安人生|mexc:spot:币安人生/USDT|gate:swap:币安人生/USDT:USDT,币安人生,mexc,spot,币安人生/USDT,gate,swap,币安人生/USDT:USDT,True,,500,-0.0394577120134087,0.9444877470318414,1.4729592179936679e-15,0.1631332686421474,-0.24226972152595616,0.0038949286153666662,0.2748117539965067,0.5169985063559812,1.6392173298537591,130.0,74.88,58.0,33.408,17.0,9.792,0.04336446457551803,0.007074437075660356,False,range=0.52% вне 2.00%–35.00% | std=0.163% < 0.600% | half-life=1.6 bars
牛来|mexc:spot:牛来/USDT|gate:swap:牛来/USDT:USDT,牛来,mexc,spot,牛来/USDT,gate,swap,牛来/USDT:USDT,True,,500,0.012584384255662882,1.0059078740414986,2.209599051767728e-11,0.10907049188503024,-0.19995901809429784,0.00666427531621494,0.16423001840191187,0.3642545114185268,0.8416272378298549,197.0,113.472,102.0,58.751999999999995,27.0,15.552,0.11101952184547927,0.01210968701996773,False,range=0.36% вне 2.00%–35.00% | std=0.109% < 0.600% | half-life=0.8 bars
龙虾|mexc:spot:龙虾/USDT|gate:swap:龙虾/USDT:USDT,龙虾,mexc,spot,龙虾/USDT,gate,swap,龙虾/USDT:USDT,True,,500,-0.00040600601090406757,1.0003044668949828,0.15754649130004317,0.2778094421157034,-0.4263433436626607,0.007669728316228586,0.39728482407044297,0.8237525102691552,1.015999270988297,183.0,105.408,95.0,54.72,19.0,10.943999999999999,-0.6506475901476734,-0.180592778680988,False,ADF=0.1575 > 0.05 | range=0.82% вне 2.00%–35.00% | std=0.278% < 0.600% | half-life=1.0 bars
